ticket_id,cliente_id,fecha_apertura,fecha_cierre,categoria
TCK-00001,CLI-00043,2025-01-01,2025-01-08,Consulta
TCK-00002,CLI-00115,2025-01-02,2025-01-07,Facturación
TCK-00003,CLI-00173,2025-01-02,2025-01-09,Facturación
TCK-00004,CLI-00200,2025-01-02,2025-01-03,Facturación
TCK-00005,CLI-00390,2025-01-02,2025-01-09,Facturación
TCK-00006,CLI-00045,2025-01-03,2025-01-07,Consulta
TCK-00007,CLI-00210,2025-01-04,2025-01-07,Rendimiento
TCK-00008,CLI-00233,2025-01-04,2025-01-04,Acceso
TCK-00009,CLI-00240,2025-01-04,2025-01-05,Rendimiento
TCK-00010,CLI-00492,2025-01-04,2025-01-04,Bug
TCK-00011,CLI-00411,2025-01-05,2025-01-07,Bug
TCK-00012,CLI-00006,2025-01-06,2025-01-07,Acceso
TCK-00013,CLI-00173,2025-01-06,2025-01-07,Acceso
TCK-00014,CLI-00350,2025-01-06,2025-01-09,Facturación
TCK-00015,CLI-00440,2025-01-06,2025-01-13,Rendimiento
TCK-00016,CLI-00496,2025-01-06,2025-01-07,Acceso
TCK-00017,CLI-00196,2025-01-07,2025-01-08,Bug
TCK-00018,CLI-00023,2025-01-08,2025-01-15,Rendimiento
TCK-00019,CLI-00260,2025-01-08,2025-01-12,Facturación
TCK-00020,CLI-00306,2025-01-08,2025-01-11,Rendimiento
TCK-00021,CLI-00487,2025-01-09,2025-01-13,Consulta
TCK-00022,CLI-00153,2025-01-10,2025-01-10,Bug
TCK-00023,CLI-00399,2025-01-10,2025-01-17,Consulta
TCK-00024,CLI-00440,2025-01-10,2025-01-12,Acceso
TCK-00025,CLI-00047,2025-01-11,2025-01-17,Bug
TCK-00026,CLI-00128,2025-01-11,2025-01-15,Bug
TCK-00027,CLI-00139,2025-01-11,2025-01-11,Facturación
TCK-00028,CLI-00150,2025-01-11,2025-01-12,Acceso
TCK-00029,CLI-00236,2025-01-11,2025-01-13,Consulta
TCK-00030,CLI-00034,2025-01-12,2025-01-16,Rendimiento
TCK-00031,CLI-00211,2025-01-12,2025-01-12,Rendimiento
TCK-00032,CLI-00247,2025-01-12,2025-01-18,Acceso
TCK-00033,CLI-00265,2025-01-12,2025-01-16,Consulta
TCK-00034,CLI-00376,2025-01-12,2025-01-19,Acceso
TCK-00035,CLI-00388,2025-01-12,2025-01-17,Acceso
TCK-00036,CLI-00437,2025-01-12,2025-01-15,Facturación
TCK-00037,CLI-00485,2025-01-12,2025-01-14,Facturación
TCK-00038,CLI-00260,2025-01-13,2025-01-15,Acceso
TCK-00039,CLI-00055,2025-01-14,2025-01-18,Rendimiento
TCK-00040,CLI-00200,2025-01-14,2025-01-19,Bug
TCK-00041,CLI-00200,2025-01-14,2025-01-16,Bug
TCK-00042,CLI-00396,2025-01-14,2025-01-17,Facturación
TCK-00043,CLI-00036,2025-01-15,2025-01-15,Rendimiento
TCK-00044,CLI-00485,2025-01-15,2025-01-21,Rendimiento
TCK-00045,CLI-00163,2025-01-16,2025-01-18,Consulta
TCK-00046,CLI-00189,2025-01-16,2025-01-17,Rendimiento
TCK-00047,CLI-00369,2025-01-16,2025-01-21,Consulta
TCK-00048,CLI-00490,2025-01-16,2025-01-16,Consulta
TCK-00049,CLI-00496,2025-01-16,2025-01-20,Bug
TCK-00050,CLI-00240,2025-01-17,2025-01-23,Rendimiento
TCK-00051,CLI-00150,2025-01-18,2025-01-25,Bug
TCK-00052,CLI-00151,2025-01-18,2025-01-23,Rendimiento
TCK-00053,CLI-00410,2025-01-18,2025-01-20,Bug
TCK-00054,CLI-00052,2025-01-19,2025-01-23,Facturación
TCK-00055,CLI-00248,2025-01-19,2025-01-19,Bug
TCK-00056,CLI-00279,2025-01-19,2025-01-23,Rendimiento
TCK-00057,CLI-00440,2025-01-19,2025-01-24,Acceso
TCK-00058,CLI-00487,2025-01-19,2025-01-21,Consulta
TCK-00059,CLI-00016,2025-01-20,2025-01-20,Bug
TCK-00060,CLI-00329,2025-01-20,2025-01-22,Rendimiento
TCK-00061,CLI-00496,2025-01-20,2025-01-21,Rendimiento
TCK-00062,CLI-00210,2025-01-21,2025-01-26,Acceso
TCK-00063,CLI-00332,2025-01-21,2025-01-25,Facturación
TCK-00064,CLI-00394,2025-01-21,2025-01-22,Acceso
TCK-00065,CLI-00404,2025-01-21,2025-01-28,Bug
TCK-00066,CLI-00446,2025-01-21,2025-01-26,Rendimiento
TCK-00067,CLI-00487,2025-01-21,2025-01-26,Consulta
TCK-00068,CLI-00036,2025-01-22,2025-01-24,Facturación
TCK-00069,CLI-00332,2025-01-22,2025-01-29,Consulta
TCK-00070,CLI-00173,2025-01-23,2025-01-30,Rendimiento
TCK-00071,CLI-00203,2025-01-23,2025-01-26,Consulta
TCK-00072,CLI-00411,2025-01-23,2025-01-27,Consulta
TCK-00073,CLI-00144,2025-01-24,2025-01-28,Acceso
TCK-00074,CLI-00388,2025-01-24,2025-01-24,Facturación
TCK-00075,CLI-00156,2025-01-25,2025-01-28,Facturación
TCK-00076,CLI-00191,2025-01-25,2025-01-25,Facturación
TCK-00077,CLI-00156,2025-01-26,2025-01-28,Rendimiento
TCK-00078,CLI-00398,2025-01-26,2025-01-30,Facturación
TCK-00079,CLI-00437,2025-01-26,2025-01-31,Consulta
TCK-00080,CLI-00003,2025-01-27,2025-01-31,Rendimiento
TCK-00081,CLI-00108,2025-01-27,2025-02-01,Acceso
TCK-00082,CLI-00247,2025-01-28,2025-02-02,Acceso
TCK-00083,CLI-00109,2025-02-01,2025-02-03,Rendimiento
TCK-00084,CLI-00279,2025-02-01,2025-02-06,Consulta
TCK-00085,CLI-00393,2025-02-01,2025-02-02,Bug
TCK-00086,CLI-00034,2025-02-02,2025-02-08,Bug
TCK-00087,CLI-00358,2025-02-02,2025-02-06,Consulta
TCK-00088,CLI-00359,2025-02-02,2025-02-06,Acceso
TCK-00089,CLI-00359,2025-02-02,2025-02-04,Acceso
TCK-00090,CLI-00354,2025-02-03,2025-02-06,Bug
TCK-00091,CLI-00032,2025-02-05,2025-02-11,Consulta
TCK-00092,CLI-00090,2025-02-05,2025-02-07,Bug
TCK-00093,CLI-00325,2025-02-05,2025-02-05,Rendimiento
TCK-00094,CLI-00403,2025-02-06,2025-02-10,Rendimiento
TCK-00095,CLI-00060,2025-02-07,2025-02-11,Consulta
TCK-00096,CLI-00106,2025-02-07,2025-02-13,Facturación
TCK-00097,CLI-00175,2025-02-07,2025-02-07,Acceso
TCK-00098,CLI-00145,2025-02-08,2025-02-10,Rendimiento
TCK-00099,CLI-00196,2025-02-08,2025-02-13,Bug
TCK-00100,CLI-00428,2025-02-08,2025-02-15,Acceso
TCK-00101,CLI-00189,2025-02-09,2025-02-14,Bug
TCK-00102,CLI-00249,2025-02-09,2025-02-12,Consulta
TCK-00103,CLI-00333,2025-02-09,2025-02-13,Facturación
TCK-00104,CLI-00501,2025-02-09,2025-02-14,Acceso
TCK-00105,CLI-00358,2025-02-10,2025-02-12,Rendimiento
TCK-00106,CLI-00501,2025-02-11,2025-02-11,Bug
TCK-00107,CLI-00505,2025-02-11,2025-02-14,Consulta
TCK-00108,CLI-00066,2025-02-12,2025-02-17,Facturación
TCK-00109,CLI-00004,2025-02-13,2025-02-17,Facturación
TCK-00110,CLI-00157,2025-02-13,2025-02-19,Bug
TCK-00111,CLI-00448,2025-02-13,2025-02-14,Consulta
TCK-00112,CLI-00469,2025-02-13,2025-02-13,Rendimiento
TCK-00113,CLI-00032,2025-02-14,2025-02-16,Rendimiento
TCK-00114,CLI-00073,2025-02-14,2025-02-19,Consulta
TCK-00115,CLI-00206,2025-02-14,2025-02-17,Rendimiento
TCK-00116,CLI-00404,2025-02-14,2025-02-19,Facturación
TCK-00117,CLI-00469,2025-02-14,2025-02-16,Consulta
TCK-00118,CLI-00189,2025-02-15,2025-02-18,Rendimiento
TCK-00119,CLI-00376,2025-02-15,2025-02-19,Facturación
TCK-00120,CLI-00157,2025-02-16,2025-02-20,Acceso
TCK-00121,CLI-00289,2025-02-16,2025-02-22,Bug
TCK-00122,CLI-00509,2025-02-16,2025-02-21,Facturación
TCK-00123,CLI-00448,2025-02-17,2025-02-24,Rendimiento
TCK-00124,CLI-00501,2025-02-17,2025-02-22,Acceso
TCK-00125,CLI-00156,2025-02-18,2025-02-21,Consulta
TCK-00126,CLI-00080,2025-02-19,2025-02-19,Consulta
TCK-00127,CLI-00272,2025-02-19,2025-02-23,Acceso
TCK-00128,CLI-00272,2025-02-19,2025-02-19,Facturación
TCK-00129,CLI-00289,2025-02-19,2025-02-23,Rendimiento
TCK-00130,CLI-00055,2025-02-20,2025-02-26,Bug
TCK-00131,CLI-00080,2025-02-20,2025-02-26,Facturación
TCK-00132,CLI-00381,2025-02-20,2025-02-22,Rendimiento
TCK-00133,CLI-00032,2025-02-21,2025-02-22,Consulta
TCK-00134,CLI-00047,2025-02-23,2025-03-01,Acceso
TCK-00135,CLI-00381,2025-02-23,2025-02-24,Consulta
TCK-00136,CLI-00385,2025-02-23,2025-02-25,Bug
TCK-00137,CLI-00416,2025-02-23,2025-02-26,Consulta
TCK-00138,CLI-00428,2025-02-23,2025-02-26,Consulta
TCK-00139,CLI-00460,2025-02-23,2025-02-27,Facturación
TCK-00140,CLI-00509,2025-02-23,2025-03-01,Rendimiento
TCK-00141,CLI-00090,2025-02-24,2025-02-27,Facturación
TCK-00142,CLI-00228,2025-02-24,2025-02-26,Rendimiento
TCK-00143,CLI-00404,2025-02-24,2025-02-24,Rendimiento
TCK-00144,CLI-00066,2025-02-25,2025-03-03,Bug
TCK-00145,CLI-00090,2025-02-25,2025-03-03,Facturación
TCK-00146,CLI-00399,2025-02-25,2025-02-26,Acceso
TCK-00147,CLI-00509,2025-02-25,2025-02-28,Acceso
TCK-00148,CLI-00264,2025-02-26,2025-02-26,Acceso
TCK-00149,CLI-00369,2025-02-26,2025-02-28,Rendimiento
TCK-00150,CLI-00108,2025-02-27,2025-02-28,Consulta
TCK-00151,CLI-00195,2025-02-28,2025-03-06,Facturación
TCK-00152,CLI-00247,2025-02-28,2025-03-06,Bug
TCK-00153,CLI-00391,2025-02-28,2025-03-03,Rendimiento
TCK-00154,CLI-00018,2025-03-01,2025-03-04,Consulta
TCK-00155,CLI-00045,2025-03-01,2025-03-05,Bug
TCK-00156,CLI-00388,2025-03-01,2025-03-08,Consulta
TCK-00157,CLI-00403,2025-03-01,2025-03-02,Acceso
TCK-00158,CLI-00469,2025-03-01,2025-03-03,Bug
TCK-00159,CLI-00059,2025-03-02,2025-03-04,Facturación
TCK-00160,CLI-00096,2025-03-02,2025-03-08,Acceso
TCK-00161,CLI-00156,2025-03-02,2025-03-02,Rendimiento
TCK-00162,CLI-00191,2025-03-02,2025-03-04,Facturación
TCK-00163,CLI-00240,2025-03-02,2025-03-04,Acceso
TCK-00164,CLI-00306,2025-03-02,2025-03-05,Bug
TCK-00165,CLI-00385,2025-03-02,2025-03-02,Acceso
TCK-00166,CLI-00484,2025-03-02,2025-03-05,Facturación
TCK-00167,CLI-00059,2025-03-03,2025-03-08,Rendimiento
TCK-00168,CLI-00063,2025-03-03,2025-03-06,Facturación
TCK-00169,CLI-00399,2025-03-03,2025-03-06,Acceso
TCK-00170,CLI-00403,2025-03-03,2025-03-10,Acceso
TCK-00171,CLI-00416,2025-03-03,2025-03-04,Facturación
TCK-00172,CLI-00156,2025-03-04,2025-03-11,Bug
TCK-00173,CLI-00156,2025-03-04,2025-03-10,Acceso
TCK-00174,CLI-00332,2025-03-04,2025-03-06,Acceso
TCK-00175,CLI-00424,2025-03-04,2025-03-04,Facturación
TCK-00176,CLI-00484,2025-03-04,2025-03-08,Facturación
TCK-00177,CLI-00047,2025-03-05,2025-03-06,Acceso
TCK-00178,CLI-00340,2025-03-05,2025-03-10,Acceso
TCK-00179,CLI-00347,2025-03-05,2025-03-08,Acceso
TCK-00180,CLI-00412,2025-03-05,2025-03-12,Acceso
TCK-00181,CLI-00226,2025-03-06,2025-03-09,Consulta
TCK-00182,CLI-00265,2025-03-06,2025-03-09,Rendimiento
TCK-00183,CLI-00272,2025-03-06,2025-03-10,Bug
TCK-00184,CLI-00365,2025-03-06,2025-03-13,Bug
TCK-00185,CLI-00488,2025-03-06,2025-03-12,Bug
TCK-00186,CLI-00029,2025-03-07,2025-03-08,Bug
TCK-00187,CLI-00437,2025-03-07,2025-03-08,Facturación
TCK-00188,CLI-00106,2025-03-08,2025-03-08,Rendimiento
TCK-00189,CLI-00130,2025-03-08,2025-03-08,Consulta
TCK-00190,CLI-00228,2025-03-08,2025-03-09,Rendimiento
TCK-00191,CLI-00435,2025-03-08,2025-03-13,Bug
TCK-00192,CLI-00136,2025-03-09,2025-03-12,Rendimiento
TCK-00193,CLI-00403,2025-03-09,2025-03-15,Acceso
TCK-00194,CLI-00424,2025-03-10,2025-03-14,Rendimiento
TCK-00195,CLI-00047,2025-03-11,2025-03-12,Acceso
TCK-00196,CLI-00334,2025-03-11,2025-03-17,Consulta
TCK-00197,CLI-00353,2025-03-11,2025-03-16,Acceso
TCK-00198,CLI-00399,2025-03-11,2025-03-17,Bug
TCK-00199,CLI-00055,2025-03-12,2025-03-12,Acceso
TCK-00200,CLI-00484,2025-03-12,2025-03-17,Rendimiento
TCK-00201,CLI-00088,2025-03-13,2025-03-14,Consulta
TCK-00202,CLI-00410,2025-03-13,2025-03-15,Rendimiento
TCK-00203,CLI-00437,2025-03-13,2025-03-17,Bug
TCK-00204,CLI-00130,2025-03-14,2025-03-21,Facturación
TCK-00205,CLI-00485,2025-03-14,2025-03-14,Consulta
TCK-00206,CLI-00006,2025-03-15,2025-03-15,Rendimiento
TCK-00207,CLI-00306,2025-03-15,2025-03-15,Facturación
TCK-00208,CLI-00084,2025-03-16,2025-03-22,Bug
TCK-00209,CLI-00136,2025-03-16,2025-03-22,Acceso
TCK-00210,CLI-00350,2025-03-16,2025-03-17,Bug
TCK-00211,CLI-00046,2025-03-17,2025-03-21,Bug
TCK-00212,CLI-00191,2025-03-17,2025-03-24,Consulta
TCK-00213,CLI-00443,2025-03-17,2025-03-23,Rendimiento
TCK-00214,CLI-00443,2025-03-17,2025-03-17,Facturación
TCK-00215,CLI-00492,2025-03-17,2025-03-19,Acceso
TCK-00216,CLI-00333,2025-03-18,2025-03-20,Facturación
TCK-00217,CLI-00272,2025-03-20,2025-03-27,Rendimiento
TCK-00218,CLI-00332,2025-03-20,2025-03-27,Bug
TCK-00219,CLI-00431,2025-03-20,2025-03-20,Facturación
TCK-00220,CLI-00469,2025-03-20,2025-03-21,Acceso
TCK-00221,CLI-00506,2025-03-20,2025-03-27,Rendimiento
TCK-00222,CLI-00018,2025-03-21,2025-03-24,Consulta
TCK-00223,CLI-00218,2025-03-21,2025-03-28,Acceso
TCK-00224,CLI-00047,2025-03-22,2025-03-22,Rendimiento
TCK-00225,CLI-00090,2025-03-22,2025-03-25,Bug
TCK-00226,CLI-00107,2025-03-22,2025-03-26,Facturación
TCK-00227,CLI-00216,2025-03-22,2025-03-24,Acceso
TCK-00228,CLI-00272,2025-03-22,2025-03-23,Facturación
TCK-00229,CLI-00189,2025-03-23,2025-03-30,Facturación
TCK-00230,CLI-00306,2025-03-23,2025-03-24,Consulta
TCK-00231,CLI-00333,2025-03-23,2025-03-24,Acceso
TCK-00232,CLI-00443,2025-03-23,2025-03-25,Facturación
TCK-00233,CLI-00385,2025-03-24,2025-03-26,Rendimiento
TCK-00234,CLI-00337,2025-03-25,2025-04-01,Bug
TCK-00235,CLI-00090,2025-03-26,2025-04-02,Bug
TCK-00236,CLI-00393,2025-03-26,2025-04-02,Acceso
TCK-00237,CLI-00059,2025-03-27,2025-03-29,Facturación
TCK-00238,CLI-00108,2025-03-27,2025-03-29,Acceso
TCK-00239,CLI-00189,2025-03-27,2025-03-29,Facturación
TCK-00240,CLI-00350,2025-03-27,2025-03-27,Acceso
TCK-00241,CLI-00347,2025-03-28,2025-04-03,Bug
TCK-00242,CLI-00385,2025-03-28,2025-03-31,Acceso
TCK-00243,CLI-00043,2025-04-01,2025-04-05,Acceso
TCK-00244,CLI-00139,2025-04-01,2025-04-04,Consulta
TCK-00245,CLI-00240,2025-04-01,2025-04-06,Rendimiento
TCK-00246,CLI-00341,2025-04-01,2025-04-05,Consulta
TCK-00247,CLI-00036,2025-04-02,2025-04-09,Consulta
TCK-00248,CLI-00063,2025-04-03,2025-04-09,Bug
TCK-00249,CLI-00315,2025-04-03,2025-04-10,Rendimiento
TCK-00250,CLI-00317,2025-04-03,2025-04-05,Bug
TCK-00251,CLI-00369,2025-04-03,2025-04-08,Consulta
TCK-00252,CLI-00503,2025-04-03,2025-04-07,Consulta
TCK-00253,CLI-00036,2025-04-04,2025-04-07,Rendimiento
TCK-00254,CLI-00151,2025-04-04,2025-04-08,Facturación
TCK-00255,CLI-00173,2025-04-04,2025-04-04,Consulta
TCK-00256,CLI-00210,2025-04-04,2025-04-05,Rendimiento
TCK-00257,CLI-00275,2025-04-04,2025-04-05,Acceso
TCK-00258,CLI-00334,2025-04-05,2025-04-11,Consulta
TCK-00259,CLI-00404,2025-04-06,2025-04-06,Acceso
TCK-00260,CLI-00077,2025-04-07,2025-04-08,Acceso
TCK-00261,CLI-00248,2025-04-07,2025-04-09,Bug
TCK-00262,CLI-00468,2025-04-07,2025-04-11,Consulta
TCK-00263,CLI-00349,2025-04-08,2025-04-09,Bug
TCK-00264,CLI-00332,2025-04-09,2025-04-12,Consulta
TCK-00265,CLI-00339,2025-04-09,2025-04-14,Rendimiento
TCK-00266,CLI-00145,2025-04-10,2025-04-10,Acceso
TCK-00267,CLI-00034,2025-04-11,2025-04-14,Consulta
TCK-00268,CLI-00052,2025-04-11,2025-04-16,Rendimiento
TCK-00269,CLI-00131,2025-04-11,2025-04-11,Acceso
TCK-00270,CLI-00211,2025-04-11,2025-04-16,Acceso
TCK-00271,CLI-00468,2025-04-11,2025-04-17,Acceso
TCK-00272,CLI-00505,2025-04-11,2025-04-11,Facturación
TCK-00273,CLI-00199,2025-04-12,2025-04-14,Bug
TCK-00274,CLI-00036,2025-04-13,2025-04-17,Rendimiento
TCK-00275,CLI-00257,2025-04-13,2025-04-18,Acceso
TCK-00276,CLI-00505,2025-04-13,2025-04-20,Consulta
TCK-00277,CLI-00334,2025-04-14,2025-04-19,Facturación
TCK-00278,CLI-00391,2025-04-14,2025-04-21,Rendimiento
TCK-00279,CLI-00045,2025-04-15,2025-04-17,Consulta
TCK-00280,CLI-00123,2025-04-15,2025-04-15,Rendimiento
TCK-00281,CLI-00210,2025-04-15,2025-04-15,Acceso
TCK-00282,CLI-00260,2025-04-15,2025-04-18,Rendimiento
TCK-00283,CLI-00290,2025-04-15,2025-04-21,Facturación
TCK-00284,CLI-00334,2025-04-15,2025-04-15,Rendimiento
TCK-00285,CLI-00460,2025-04-15,2025-04-16,Rendimiento
TCK-00286,CLI-00414,2025-04-16,2025-04-16,Consulta
TCK-00287,CLI-00257,2025-04-17,2025-04-21,Facturación
TCK-00288,CLI-00035,2025-04-19,2025-04-25,Facturación
TCK-00289,CLI-00052,2025-04-19,2025-04-26,Rendimiento
TCK-00290,CLI-00240,2025-04-19,2025-04-21,Rendimiento
TCK-00291,CLI-00424,2025-04-19,2025-04-21,Bug
TCK-00292,CLI-00006,2025-04-20,2025-04-25,Facturación
TCK-00293,CLI-00195,2025-04-20,2025-04-20,Facturación
TCK-00294,CLI-00059,2025-04-21,2025-04-24,Bug
TCK-00295,CLI-00341,2025-04-21,2025-04-22,Acceso
TCK-00296,CLI-00443,2025-04-21,2025-04-28,Bug
TCK-00297,CLI-00084,2025-04-22,2025-04-29,Facturación
TCK-00298,CLI-00199,2025-04-22,2025-04-23,Facturación
TCK-00299,CLI-00238,2025-04-22,2025-04-27,Rendimiento
TCK-00300,CLI-00052,2025-04-23,2025-04-23,Bug
TCK-00301,CLI-00070,2025-04-23,2025-04-24,Rendimiento
TCK-00302,CLI-00315,2025-04-23,2025-04-27,Rendimiento
TCK-00303,CLI-00443,2025-04-23,2025-04-27,Facturación
TCK-00304,CLI-00047,2025-04-24,2025-04-29,Bug
TCK-00305,CLI-00199,2025-04-24,2025-04-25,Facturación
TCK-00306,CLI-00271,2025-04-24,2025-04-26,Facturación
TCK-00307,CLI-00271,2025-04-24,2025-04-30,Consulta
TCK-00308,CLI-00460,2025-04-24,2025-04-27,Rendimiento
TCK-00309,CLI-00509,2025-04-24,2025-04-28,Acceso
TCK-00310,CLI-00028,2025-04-25,2025-04-28,Facturación
TCK-00311,CLI-00139,2025-04-25,2025-04-26,Bug
TCK-00312,CLI-00228,2025-04-25,2025-04-30,Facturación
TCK-00313,CLI-00339,2025-04-25,2025-05-01,Rendimiento
TCK-00314,CLI-00411,2025-04-25,2025-04-29,Consulta
TCK-00315,CLI-00506,2025-04-25,2025-04-27,Bug
TCK-00316,CLI-00045,2025-04-26,2025-05-01,Acceso
TCK-00317,CLI-00248,2025-04-26,2025-04-29,Rendimiento
TCK-00318,CLI-00414,2025-04-26,2025-04-27,Acceso
TCK-00319,CLI-00073,2025-04-28,2025-04-29,Rendimiento
TCK-00320,CLI-00315,2025-04-28,2025-05-04,Facturación
TCK-00321,CLI-00365,2025-04-28,2025-05-04,Facturación
TCK-00322,CLI-00414,2025-04-28,2025-05-04,Bug
TCK-00323,CLI-00161,2025-05-01,2025-05-07,Acceso
TCK-00324,CLI-00195,2025-05-01,2025-05-05,Consulta
TCK-00325,CLI-00018,2025-05-02,2025-05-04,Consulta
TCK-00326,CLI-00358,2025-05-02,2025-05-08,Bug
TCK-00327,CLI-00452,2025-05-02,2025-05-08,Rendimiento
TCK-00328,CLI-00349,2025-05-03,2025-05-07,Bug
TCK-00329,CLI-00153,2025-05-04,2025-05-06,Acceso
TCK-00330,CLI-00290,2025-05-04,2025-05-09,Consulta
TCK-00331,CLI-00210,2025-05-05,2025-05-08,Facturación
TCK-00332,CLI-00218,2025-05-05,2025-05-11,Bug
TCK-00333,CLI-00265,2025-05-05,2025-05-10,Facturación
TCK-00334,CLI-00332,2025-05-05,2025-05-05,Bug
TCK-00335,CLI-00354,2025-05-05,2025-05-08,Consulta
TCK-00336,CLI-00376,2025-05-05,2025-05-06,Bug
TCK-00337,CLI-00349,2025-05-06,2025-05-09,Bug
TCK-00338,CLI-00431,2025-05-06,2025-05-08,Consulta
TCK-00339,CLI-00290,2025-05-07,2025-05-07,Rendimiento
TCK-00340,CLI-00506,2025-05-07,2025-05-14,Acceso
TCK-00341,CLI-00032,2025-05-08,2025-05-14,Facturación
TCK-00342,CLI-00240,2025-05-08,2025-05-10,Acceso
TCK-00343,CLI-00344,2025-05-08,2025-05-08,Consulta
TCK-00344,CLI-00161,2025-05-09,2025-05-10,Rendimiento
TCK-00345,CLI-00199,2025-05-09,2025-05-14,Consulta
TCK-00346,CLI-00396,2025-05-10,2025-05-11,Bug
TCK-00347,CLI-00046,2025-05-11,2025-05-18,Acceso
TCK-00348,CLI-00004,2025-05-13,2025-05-19,Consulta
TCK-00349,CLI-00070,2025-05-13,2025-05-15,Rendimiento
TCK-00350,CLI-00169,2025-05-13,2025-05-20,Acceso
TCK-00351,CLI-00235,2025-05-13,2025-05-19,Rendimiento
TCK-00352,CLI-00241,2025-05-13,2025-05-18,Acceso
TCK-00353,CLI-00448,2025-05-13,2025-05-16,Rendimiento
TCK-00354,CLI-00077,2025-05-14,2025-05-17,Facturación
TCK-00355,CLI-00228,2025-05-15,2025-05-22,Acceso
TCK-00356,CLI-00115,2025-05-16,2025-05-18,Acceso
TCK-00357,CLI-00204,2025-05-16,2025-05-17,Facturación
TCK-00358,CLI-00240,2025-05-16,2025-05-20,Facturación
TCK-00359,CLI-00332,2025-05-16,2025-05-18,Facturación
TCK-00360,CLI-00431,2025-05-16,2025-05-16,Consulta
TCK-00361,CLI-00437,2025-05-16,2025-05-20,Facturación
TCK-00362,CLI-00059,2025-05-17,2025-05-18,Bug
TCK-00363,CLI-00090,2025-05-17,2025-05-23,Bug
TCK-00364,CLI-00173,2025-05-17,2025-05-17,Consulta
TCK-00365,CLI-00041,2025-05-18,2025-05-22,Facturación
TCK-00366,CLI-00275,2025-05-18,2025-05-21,Bug
TCK-00367,CLI-00290,2025-05-18,2025-05-21,Rendimiento
TCK-00368,CLI-00475,2025-05-18,2025-05-22,Rendimiento
TCK-00369,CLI-00070,2025-05-19,2025-05-23,Acceso
TCK-00370,CLI-00131,2025-05-20,2025-05-20,Facturación
TCK-00371,CLI-00169,2025-05-20,2025-05-20,Rendimiento
TCK-00372,CLI-00275,2025-05-20,2025-05-25,Rendimiento
TCK-00373,CLI-00332,2025-05-20,2025-05-25,Acceso
TCK-00374,CLI-00501,2025-05-20,2025-05-22,Consulta
TCK-00375,CLI-00104,2025-05-21,2025-05-26,Rendimiento
TCK-00376,CLI-00271,2025-05-21,2025-05-28,Acceso
TCK-00377,CLI-00452,2025-05-21,2025-05-25,Acceso
TCK-00378,CLI-00240,2025-05-22,2025-05-24,Acceso
TCK-00379,CLI-00034,2025-05-23,2025-05-27,Acceso
TCK-00380,CLI-00343,2025-05-23,2025-05-23,Facturación
TCK-00381,CLI-00350,2025-05-23,2025-05-29,Bug
TCK-00382,CLI-00350,2025-05-23,2025-05-28,Rendimiento
TCK-00383,CLI-00371,2025-05-23,2025-05-30,Bug
TCK-00384,CLI-00034,2025-05-24,2025-05-30,Rendimiento
TCK-00385,CLI-00195,2025-05-24,2025-05-28,Rendimiento
TCK-00386,CLI-00344,2025-05-24,2025-05-24,Acceso
TCK-00387,CLI-00004,2025-05-25,2025-05-28,Acceso
TCK-00388,CLI-00036,2025-05-25,2025-06-01,Bug
TCK-00389,CLI-00204,2025-05-25,2025-05-31,Acceso
TCK-00390,CLI-00431,2025-05-25,2025-05-30,Bug
TCK-00391,CLI-00436,2025-05-25,2025-05-27,Rendimiento
TCK-00392,CLI-00106,2025-05-26,2025-05-30,Acceso
TCK-00393,CLI-00163,2025-05-26,2025-06-02,Acceso
TCK-00394,CLI-00359,2025-05-26,2025-05-28,Acceso
TCK-00395,CLI-00398,2025-05-26,2025-06-01,Rendimiento
TCK-00396,CLI-00388,2025-05-27,2025-06-01,Consulta
TCK-00397,CLI-00241,2025-05-28,2025-05-31,Bug
TCK-00398,CLI-00340,2025-05-28,2025-05-31,Consulta
TCK-00399,CLI-00341,2025-06-01,2025-06-08,Consulta
TCK-00400,CLI-00047,2025-06-02,2025-06-08,Facturación
TCK-00401,CLI-00073,2025-06-02,2025-06-09,Rendimiento
TCK-00402,CLI-00257,2025-06-02,2025-06-05,Consulta
TCK-00403,CLI-00059,2025-06-03,2025-06-07,Acceso
TCK-00404,CLI-00149,2025-06-03,2025-06-10,Bug
TCK-00405,CLI-00090,2025-06-04,2025-06-10,Facturación
TCK-00406,CLI-00272,2025-06-05,2025-06-11,Bug
TCK-00407,CLI-00106,2025-06-06,2025-06-08,Facturación
TCK-00408,CLI-00149,2025-06-06,2025-06-08,Rendimiento
TCK-00409,CLI-00455,2025-06-06,2025-06-08,Facturación
TCK-00410,CLI-00485,2025-06-06,2025-06-11,Bug
TCK-00411,CLI-00088,2025-06-07,2025-06-10,Facturación
TCK-00412,CLI-00090,2025-06-07,2025-06-09,Rendimiento
TCK-00413,CLI-00200,2025-06-07,2025-06-07,Consulta
TCK-00414,CLI-00211,2025-06-07,2025-06-10,Bug
TCK-00415,CLI-00333,2025-06-07,2025-06-14,Acceso
TCK-00416,CLI-00341,2025-06-07,2025-06-07,Rendimiento
TCK-00417,CLI-00443,2025-06-07,2025-06-10,Rendimiento
TCK-00418,CLI-00225,2025-06-08,2025-06-10,Facturación
TCK-00419,CLI-00248,2025-06-08,2025-06-11,Rendimiento
TCK-00420,CLI-00396,2025-06-08,2025-06-11,Bug
TCK-00421,CLI-00117,2025-06-09,2025-06-15,Facturación
TCK-00422,CLI-00485,2025-06-09,2025-06-11,Consulta
TCK-00423,CLI-00151,2025-06-10,2025-06-13,Bug
TCK-00424,CLI-00173,2025-06-10,2025-06-12,Consulta
TCK-00425,CLI-00290,2025-06-10,2025-06-17,Bug
TCK-00426,CLI-00436,2025-06-10,2025-06-11,Consulta
TCK-00427,CLI-00117,2025-06-11,2025-06-12,Acceso
TCK-00428,CLI-00131,2025-06-11,2025-06-18,Acceso
TCK-00429,CLI-00188,2025-06-11,2025-06-12,Consulta
TCK-00430,CLI-00289,2025-06-11,2025-06-12,Facturación
TCK-00431,CLI-00496,2025-06-11,2025-06-13,Rendimiento
TCK-00432,CLI-00051,2025-06-12,2025-06-12,Facturación
TCK-00433,CLI-00339,2025-06-12,2025-06-19,Bug
TCK-00434,CLI-00424,2025-06-12,2025-06-13,Acceso
TCK-00435,CLI-00496,2025-06-12,2025-06-15,Acceso
TCK-00436,CLI-00342,2025-06-14,2025-06-21,Facturación
TCK-00437,CLI-00117,2025-06-15,2025-06-15,Rendimiento
TCK-00438,CLI-00272,2025-06-15,2025-06-15,Acceso
TCK-00439,CLI-00054,2025-06-16,2025-06-17,Acceso
TCK-00440,CLI-00131,2025-06-16,2025-06-17,Consulta
TCK-00441,CLI-00179,2025-06-16,2025-06-22,Rendimiento
TCK-00442,CLI-00235,2025-06-16,2025-06-16,Rendimiento
TCK-00443,CLI-00376,2025-06-16,2025-06-20,Bug
TCK-00444,CLI-00390,2025-06-16,2025-06-18,Facturación
TCK-00445,CLI-00394,2025-06-16,2025-06-19,Bug
TCK-00446,CLI-00157,2025-06-17,2025-06-18,Rendimiento
TCK-00447,CLI-00195,2025-06-17,2025-06-21,Consulta
TCK-00448,CLI-00384,2025-06-17,2025-06-17,Facturación
TCK-00449,CLI-00485,2025-06-17,2025-06-24,Acceso
TCK-00450,CLI-00003,2025-06-18,2025-06-21,Rendimiento
TCK-00451,CLI-00109,2025-06-18,2025-06-24,Consulta
TCK-00452,CLI-00206,2025-06-18,2025-06-19,Consulta
TCK-00453,CLI-00411,2025-06-18,2025-06-22,Facturación
TCK-00454,CLI-00435,2025-06-19,2025-06-24,Bug
TCK-00455,CLI-00290,2025-06-20,2025-06-21,Acceso
TCK-00456,CLI-00070,2025-06-21,2025-06-27,Acceso
TCK-00457,CLI-00003,2025-06-22,2025-06-24,Rendimiento
TCK-00458,CLI-00051,2025-06-22,2025-06-22,Rendimiento
TCK-00459,CLI-00195,2025-06-22,2025-06-29,Bug
TCK-00460,CLI-00349,2025-06-23,2025-06-27,Rendimiento
TCK-00461,CLI-00242,2025-06-24,2025-06-29,Consulta
TCK-00462,CLI-00341,2025-06-24,2025-07-01,Rendimiento
TCK-00463,CLI-00367,2025-06-24,2025-06-24,Bug
TCK-00464,CLI-00398,2025-06-24,2025-06-24,Acceso
TCK-00465,CLI-00043,2025-06-25,2025-07-02,Consulta
TCK-00466,CLI-00058,2025-06-25,2025-07-01,Rendimiento
TCK-00467,CLI-00003,2025-06-26,2025-06-26,Consulta
TCK-00468,CLI-00173,2025-06-26,2025-07-02,Acceso
TCK-00469,CLI-00289,2025-06-26,2025-07-02,Consulta
TCK-00470,CLI-00349,2025-06-26,2025-06-30,Facturación
TCK-00471,CLI-00354,2025-06-26,2025-07-01,Acceso
TCK-00472,CLI-00206,2025-06-27,2025-07-04,Acceso
TCK-00473,CLI-00492,2025-06-27,2025-07-01,Consulta
TCK-00474,CLI-00051,2025-06-28,2025-07-04,Acceso
TCK-00475,CLI-00173,2025-06-28,2025-07-03,Facturación
TCK-00476,CLI-00424,2025-06-28,2025-07-04,Consulta
TCK-00477,CLI-00004,2025-07-01,2025-07-01,Facturación
TCK-00478,CLI-00169,2025-07-03,2025-07-04,Bug
TCK-00479,CLI-00325,2025-07-03,2025-07-05,Consulta
TCK-00480,CLI-00452,2025-07-03,2025-07-10,Consulta
TCK-00481,CLI-00028,2025-07-04,2025-07-11,Facturación
TCK-00482,CLI-00054,2025-07-04,2025-07-10,Rendimiento
TCK-00483,CLI-00196,2025-07-04,2025-07-08,Rendimiento
TCK-00484,CLI-00371,2025-07-04,2025-07-11,Rendimiento
TCK-00485,CLI-00041,2025-07-05,2025-07-06,Bug
TCK-00486,CLI-00382,2025-07-05,2025-07-05,Acceso
TCK-00487,CLI-00096,2025-07-06,2025-07-09,Consulta
TCK-00488,CLI-00189,2025-07-06,2025-07-08,Acceso
TCK-00489,CLI-00196,2025-07-06,2025-07-12,Consulta
TCK-00490,CLI-00204,2025-07-06,2025-07-11,Consulta
TCK-00491,CLI-00264,2025-07-06,2025-07-10,Consulta
TCK-00492,CLI-00317,2025-07-06,2025-07-07,Acceso
TCK-00493,CLI-00388,2025-07-06,2025-07-11,Consulta
TCK-00494,CLI-00063,2025-07-07,2025-07-11,Acceso
TCK-00495,CLI-00131,2025-07-07,2025-07-12,Rendimiento
TCK-00496,CLI-00256,2025-07-07,2025-07-10,Facturación
TCK-00497,CLI-00260,2025-07-07,2025-07-09,Facturación
TCK-00498,CLI-00264,2025-07-07,2025-07-08,Rendimiento
TCK-00499,CLI-00388,2025-07-07,2025-07-11,Facturación
TCK-00500,CLI-00431,2025-07-07,2025-07-11,Bug
TCK-00501,CLI-00063,2025-07-08,2025-07-13,Acceso
TCK-00502,CLI-00343,2025-07-08,2025-07-15,Bug
TCK-00503,CLI-00458,2025-07-08,2025-07-13,Acceso
TCK-00504,CLI-00424,2025-07-09,2025-07-16,Rendimiento
TCK-00505,CLI-00041,2025-07-10,2025-07-15,Acceso
TCK-00506,CLI-00216,2025-07-10,2025-07-16,Acceso
TCK-00507,CLI-00003,2025-07-11,2025-07-11,Acceso
TCK-00508,CLI-00043,2025-07-11,2025-07-15,Facturación
TCK-00509,CLI-00077,2025-07-11,2025-07-15,Acceso
TCK-00510,CLI-00097,2025-07-11,2025-07-18,Rendimiento
TCK-00511,CLI-00203,2025-07-11,2025-07-12,Bug
TCK-00512,CLI-00163,2025-07-13,2025-07-18,Consulta
TCK-00513,CLI-00394,2025-07-13,2025-07-15,Acceso
TCK-00514,CLI-00428,2025-07-13,2025-07-13,Rendimiento
TCK-00515,CLI-00043,2025-07-14,2025-07-17,Facturación
TCK-00516,CLI-00490,2025-07-14,2025-07-17,Consulta
TCK-00517,CLI-00108,2025-07-15,2025-07-15,Rendimiento
TCK-00518,CLI-00431,2025-07-15,2025-07-19,Rendimiento
TCK-00519,CLI-00136,2025-07-16,2025-07-21,Consulta
TCK-00520,CLI-00216,2025-07-16,2025-07-19,Bug
TCK-00521,CLI-00043,2025-07-18,2025-07-21,Facturación
TCK-00522,CLI-00051,2025-07-18,2025-07-22,Acceso
TCK-00523,CLI-00149,2025-07-18,2025-07-22,Consulta
TCK-00524,CLI-00149,2025-07-18,2025-07-25,Acceso
TCK-00525,CLI-00468,2025-07-18,2025-07-21,Acceso
TCK-00526,CLI-00506,2025-07-18,2025-07-24,Acceso
TCK-00527,CLI-00446,2025-07-19,2025-07-22,Bug
TCK-00528,CLI-00104,2025-07-20,2025-07-25,Consulta
TCK-00529,CLI-00350,2025-07-20,2025-07-26,Rendimiento
TCK-00530,CLI-00424,2025-07-20,2025-07-23,Acceso
TCK-00531,CLI-00341,2025-07-21,2025-07-23,Consulta
TCK-00532,CLI-00416,2025-07-21,2025-07-28,Facturación
TCK-00533,CLI-00453,2025-07-22,2025-07-23,Facturación
TCK-00534,CLI-00041,2025-07-23,2025-07-23,Rendimiento
TCK-00535,CLI-00004,2025-07-24,2025-07-30,Rendimiento
TCK-00536,CLI-00431,2025-07-24,2025-07-31,Rendimiento
TCK-00537,CLI-00161,2025-07-25,2025-07-28,Rendimiento
TCK-00538,CLI-00505,2025-07-25,2025-08-01,Facturación
TCK-00539,CLI-00063,2025-07-26,2025-07-31,Rendimiento
TCK-00540,CLI-00109,2025-07-26,2025-08-01,Consulta
TCK-00541,CLI-00452,2025-07-26,2025-07-27,Consulta
TCK-00542,CLI-00265,2025-07-27,2025-07-28,Rendimiento
TCK-00543,CLI-00458,2025-07-27,2025-07-31,Consulta
TCK-00544,CLI-00047,2025-08-01,2025-08-03,Consulta
TCK-00545,CLI-00164,2025-08-01,2025-08-03,Rendimiento
TCK-00546,CLI-00073,2025-08-02,2025-08-06,Facturación
TCK-00547,CLI-00084,2025-08-02,2025-08-05,Facturación
TCK-00548,CLI-00135,2025-08-02,2025-08-04,Acceso
TCK-00549,CLI-00236,2025-08-02,2025-08-07,Rendimiento
TCK-00550,CLI-00290,2025-08-02,2025-08-03,Acceso
TCK-00551,CLI-00337,2025-08-02,2025-08-08,Consulta
TCK-00552,CLI-00046,2025-08-04,2025-08-06,Acceso
TCK-00553,CLI-00123,2025-08-04,2025-08-09,Bug
TCK-00554,CLI-00354,2025-08-04,2025-08-04,Bug
TCK-00555,CLI-00396,2025-08-04,2025-08-07,Rendimiento
TCK-00556,CLI-00425,2025-08-04,2025-08-04,Acceso
TCK-00557,CLI-00365,2025-08-05,2025-08-07,Consulta
TCK-00558,CLI-00452,2025-08-05,2025-08-10,Acceso
TCK-00559,CLI-00036,2025-08-06,2025-08-11,Acceso
TCK-00560,CLI-00333,2025-08-06,2025-08-09,Facturación
TCK-00561,CLI-00501,2025-08-06,2025-08-12,Rendimiento
TCK-00562,CLI-00097,2025-08-07,2025-08-11,Bug
TCK-00563,CLI-00123,2025-08-07,2025-08-13,Acceso
TCK-00564,CLI-00236,2025-08-07,2025-08-12,Facturación
TCK-00565,CLI-00460,2025-08-07,2025-08-13,Acceso
TCK-00566,CLI-00484,2025-08-07,2025-08-09,Acceso
TCK-00567,CLI-00173,2025-08-08,2025-08-14,Facturación
TCK-00568,CLI-00218,2025-08-08,2025-08-13,Rendimiento
TCK-00569,CLI-00096,2025-08-09,2025-08-15,Consulta
TCK-00570,CLI-00194,2025-08-09,2025-08-12,Rendimiento
TCK-00571,CLI-00260,2025-08-09,2025-08-14,Rendimiento
TCK-00572,CLI-00345,2025-08-09,2025-08-16,Acceso
TCK-00573,CLI-00458,2025-08-09,2025-08-11,Bug
TCK-00574,CLI-00384,2025-08-10,2025-08-17,Rendimiento
TCK-00575,CLI-00458,2025-08-10,2025-08-12,Facturación
TCK-00576,CLI-00164,2025-08-11,2025-08-14,Bug
TCK-00577,CLI-00257,2025-08-11,2025-08-16,Facturación
TCK-00578,CLI-00196,2025-08-12,2025-08-13,Bug
TCK-00579,CLI-00388,2025-08-12,2025-08-15,Consulta
TCK-00580,CLI-00081,2025-08-13,2025-08-13,Bug
TCK-00581,CLI-00153,2025-08-13,2025-08-18,Consulta
TCK-00582,CLI-00452,2025-08-13,2025-08-13,Bug
TCK-00583,CLI-00458,2025-08-13,2025-08-13,Rendimiento
TCK-00584,CLI-00035,2025-08-14,2025-08-14,Consulta
TCK-00585,CLI-00139,2025-08-14,2025-08-18,Bug
TCK-00586,CLI-00233,2025-08-14,2025-08-15,Rendimiento
TCK-00587,CLI-00264,2025-08-14,2025-08-18,Rendimiento
TCK-00588,CLI-00396,2025-08-14,2025-08-18,Consulta
TCK-00589,CLI-00436,2025-08-14,2025-08-16,Consulta
TCK-00590,CLI-00210,2025-08-15,2025-08-20,Rendimiento
TCK-00591,CLI-00097,2025-08-16,2025-08-16,Acceso
TCK-00592,CLI-00164,2025-08-16,2025-08-17,Facturación
TCK-00593,CLI-00257,2025-08-16,2025-08-23,Facturación
TCK-00594,CLI-00388,2025-08-16,2025-08-17,Rendimiento
TCK-00595,CLI-00204,2025-08-17,2025-08-21,Bug
TCK-00596,CLI-00216,2025-08-17,2025-08-18,Bug
TCK-00597,CLI-00344,2025-08-17,2025-08-23,Rendimiento
TCK-00598,CLI-00433,2025-08-17,2025-08-20,Facturación
TCK-00599,CLI-00460,2025-08-17,2025-08-22,Rendimiento
TCK-00600,CLI-00484,2025-08-17,2025-08-19,Acceso
TCK-00601,CLI-00009,2025-08-18,2025-08-18,Consulta
TCK-00602,CLI-00199,2025-08-18,2025-08-22,Rendimiento
TCK-00603,CLI-00216,2025-08-18,2025-08-18,Rendimiento
TCK-00604,CLI-00220,2025-08-18,2025-08-23,Acceso
TCK-00605,CLI-00357,2025-08-18,2025-08-24,Acceso
TCK-00606,CLI-00175,2025-08-19,2025-08-22,Bug
TCK-00607,CLI-00275,2025-08-19,2025-08-19,Rendimiento
TCK-00608,CLI-00340,2025-08-19,2025-08-20,Rendimiento
TCK-00609,CLI-00225,2025-08-20,2025-08-22,Bug
TCK-00610,CLI-00391,2025-08-20,2025-08-25,Bug
TCK-00611,CLI-00396,2025-08-20,2025-08-26,Rendimiento
TCK-00612,CLI-00440,2025-08-20,2025-08-25,Facturación
TCK-00613,CLI-00503,2025-08-20,2025-08-24,Rendimiento
TCK-00614,CLI-00036,2025-08-21,2025-08-25,Bug
TCK-00615,CLI-00073,2025-08-21,2025-08-27,Bug
TCK-00616,CLI-00084,2025-08-21,2025-08-21,Acceso
TCK-00617,CLI-00369,2025-08-21,2025-08-24,Rendimiento
TCK-00618,CLI-00460,2025-08-21,2025-08-21,Facturación
TCK-00619,CLI-00066,2025-08-22,2025-08-29,Consulta
TCK-00620,CLI-00257,2025-08-22,2025-08-25,Rendimiento
TCK-00621,CLI-00358,2025-08-22,2025-08-27,Rendimiento
TCK-00622,CLI-00435,2025-08-22,2025-08-24,Consulta
TCK-00623,CLI-00492,2025-08-22,2025-08-23,Consulta
TCK-00624,CLI-00500,2025-08-22,2025-08-29,Facturación
TCK-00625,CLI-00306,2025-08-23,2025-08-28,Consulta
TCK-00626,CLI-00248,2025-08-24,2025-08-26,Consulta
TCK-00627,CLI-00388,2025-08-24,2025-08-28,Facturación
TCK-00628,CLI-00394,2025-08-24,2025-08-28,Bug
TCK-00629,CLI-00440,2025-08-24,2025-08-25,Facturación
TCK-00630,CLI-00123,2025-08-25,2025-08-26,Acceso
TCK-00631,CLI-00175,2025-08-25,2025-08-26,Bug
TCK-00632,CLI-00194,2025-08-25,2025-08-29,Bug
TCK-00633,CLI-00446,2025-08-25,2025-08-28,Bug
TCK-00634,CLI-00484,2025-08-25,2025-08-27,Bug
TCK-00635,CLI-00055,2025-08-26,2025-09-02,Acceso
TCK-00636,CLI-00136,2025-08-26,2025-08-26,Acceso
TCK-00637,CLI-00425,2025-08-26,2025-08-29,Consulta
TCK-00638,CLI-00009,2025-08-27,2025-08-30,Facturación
TCK-00639,CLI-00016,2025-08-27,2025-08-28,Consulta
TCK-00640,CLI-00036,2025-08-27,2025-08-30,Acceso
TCK-00641,CLI-00081,2025-08-27,2025-08-28,Consulta
TCK-00642,CLI-00384,2025-08-27,2025-08-28,Bug
TCK-00643,CLI-00393,2025-08-27,2025-08-27,Bug
TCK-00644,CLI-00240,2025-08-28,2025-08-31,Facturación
TCK-00645,CLI-00290,2025-08-28,2025-08-28,Acceso
TCK-00646,CLI-00317,2025-09-01,2025-09-04,Facturación
TCK-00647,CLI-00396,2025-09-01,2025-09-07,Acceso
TCK-00648,CLI-00458,2025-09-01,2025-09-05,Acceso
TCK-00649,CLI-00289,2025-09-02,2025-09-06,Facturación
TCK-00650,CLI-00325,2025-09-02,2025-09-08,Consulta
TCK-00651,CLI-00506,2025-09-02,2025-09-06,Consulta
TCK-00652,CLI-00035,2025-09-03,2025-09-09,Acceso
TCK-00653,CLI-00081,2025-09-03,2025-09-05,Acceso
TCK-00654,CLI-00250,2025-09-03,2025-09-06,Consulta
TCK-00655,CLI-00145,2025-09-04,2025-09-05,Rendimiento
TCK-00656,CLI-00199,2025-09-04,2025-09-07,Bug
TCK-00657,CLI-00235,2025-09-04,2025-09-07,Bug
TCK-00658,CLI-00391,2025-09-04,2025-09-07,Rendimiento
TCK-00659,CLI-00027,2025-09-05,2025-09-09,Acceso
TCK-00660,CLI-00157,2025-09-05,2025-09-06,Acceso
TCK-00661,CLI-00216,2025-09-06,2025-09-11,Acceso
TCK-00662,CLI-00238,2025-09-06,2025-09-12,Bug
TCK-00663,CLI-00341,2025-09-06,2025-09-11,Bug
TCK-00664,CLI-00382,2025-09-06,2025-09-08,Acceso
TCK-00665,CLI-00034,2025-09-07,2025-09-08,Rendimiento
TCK-00666,CLI-00220,2025-09-07,2025-09-13,Acceso
TCK-00667,CLI-00345,2025-09-07,2025-09-10,Rendimiento
TCK-00668,CLI-00358,2025-09-07,2025-09-10,Bug
TCK-00669,CLI-00475,2025-09-07,2025-09-07,Facturación
TCK-00670,CLI-00036,2025-09-08,2025-09-08,Acceso
TCK-00671,CLI-00191,2025-09-08,2025-09-14,Consulta
TCK-00672,CLI-00218,2025-09-08,2025-09-11,Facturación
TCK-00673,CLI-00317,2025-09-08,2025-09-08,Bug
TCK-00674,CLI-00345,2025-09-08,2025-09-15,Rendimiento
TCK-00675,CLI-00345,2025-09-09,2025-09-13,Facturación
TCK-00676,CLI-00393,2025-09-09,2025-09-15,Consulta
TCK-00677,CLI-00452,2025-09-09,2025-09-13,Bug
TCK-00678,CLI-00475,2025-09-09,2025-09-16,Consulta
TCK-00679,CLI-00455,2025-09-10,2025-09-13,Facturación
TCK-00680,CLI-00043,2025-09-11,2025-09-11,Acceso
TCK-00681,CLI-00054,2025-09-11,2025-09-18,Consulta
TCK-00682,CLI-00096,2025-09-11,2025-09-11,Acceso
TCK-00683,CLI-00106,2025-09-11,2025-09-13,Rendimiento
TCK-00684,CLI-00148,2025-09-11,2025-09-11,Consulta
TCK-00685,CLI-00216,2025-09-11,2025-09-11,Rendimiento
TCK-00686,CLI-00220,2025-09-11,2025-09-15,Rendimiento
TCK-00687,CLI-00271,2025-09-11,2025-09-18,Acceso
TCK-00688,CLI-00055,2025-09-12,2025-09-19,Consulta
TCK-00689,CLI-00235,2025-09-12,2025-09-18,Rendimiento
TCK-00690,CLI-00148,2025-09-13,2025-09-15,Facturación
TCK-00691,CLI-00393,2025-09-13,2025-09-16,Acceso
TCK-00692,CLI-00428,2025-09-13,2025-09-13,Facturación
TCK-00693,CLI-00123,2025-09-14,2025-09-18,Acceso
TCK-00694,CLI-00172,2025-09-14,2025-09-16,Consulta
TCK-00695,CLI-00035,2025-09-15,2025-09-21,Acceso
TCK-00696,CLI-00036,2025-09-15,2025-09-16,Facturación
TCK-00697,CLI-00196,2025-09-15,2025-09-17,Acceso
TCK-00698,CLI-00396,2025-09-15,2025-09-19,Bug
TCK-00699,CLI-00043,2025-09-16,2025-09-22,Consulta
TCK-00700,CLI-00153,2025-09-16,2025-09-19,Acceso
TCK-00701,CLI-00347,2025-09-16,2025-09-20,Acceso
TCK-00702,CLI-00509,2025-09-16,2025-09-23,Rendimiento
TCK-00703,CLI-00145,2025-09-17,2025-09-20,Rendimiento
TCK-00704,CLI-00453,2025-09-17,2025-09-19,Acceso
TCK-00705,CLI-00045,2025-09-18,2025-09-18,Facturación
TCK-00706,CLI-00220,2025-09-19,2025-09-19,Acceso
TCK-00707,CLI-00306,2025-09-19,2025-09-23,Rendimiento
TCK-00708,CLI-00391,2025-09-19,2025-09-21,Bug
TCK-00709,CLI-00188,2025-09-20,2025-09-23,Rendimiento
TCK-00710,CLI-00235,2025-09-20,2025-09-27,Bug
TCK-00711,CLI-00501,2025-09-20,2025-09-20,Rendimiento
TCK-00712,CLI-00123,2025-09-21,2025-09-28,Rendimiento
TCK-00713,CLI-00145,2025-09-21,2025-09-27,Bug
TCK-00714,CLI-00279,2025-09-21,2025-09-22,Facturación
TCK-00715,CLI-00433,2025-09-21,2025-09-24,Facturación
TCK-00716,CLI-00034,2025-09-22,2025-09-23,Acceso
TCK-00717,CLI-00238,2025-09-22,2025-09-25,Bug
TCK-00718,CLI-00144,2025-09-23,2025-09-25,Acceso
TCK-00719,CLI-00153,2025-09-23,2025-09-29,Acceso
TCK-00720,CLI-00210,2025-09-23,2025-09-24,Facturación
TCK-00721,CLI-00260,2025-09-23,2025-09-29,Acceso
TCK-00722,CLI-00436,2025-09-23,2025-09-25,Consulta
TCK-00723,CLI-00448,2025-09-23,2025-09-30,Bug
TCK-00724,CLI-00034,2025-09-24,2025-09-30,Consulta
TCK-00725,CLI-00128,2025-09-24,2025-09-30,Acceso
TCK-00726,CLI-00256,2025-09-24,2025-09-28,Consulta
TCK-00727,CLI-00306,2025-09-24,2025-09-25,Rendimiento
TCK-00728,CLI-00317,2025-09-24,2025-09-28,Bug
TCK-00729,CLI-00414,2025-09-24,2025-10-01,Consulta
TCK-00730,CLI-00414,2025-09-24,2025-09-29,Bug
TCK-00731,CLI-00131,2025-09-25,2025-09-25,Consulta
TCK-00732,CLI-00242,2025-09-25,2025-09-28,Acceso
TCK-00733,CLI-00433,2025-09-25,2025-09-28,Facturación
TCK-00734,CLI-00058,2025-09-26,2025-09-29,Bug
TCK-00735,CLI-00123,2025-09-26,2025-10-01,Facturación
TCK-00736,CLI-00163,2025-09-26,2025-09-29,Facturación
TCK-00737,CLI-00242,2025-09-26,2025-10-02,Consulta
TCK-00738,CLI-00382,2025-09-26,2025-09-27,Acceso
TCK-00739,CLI-00455,2025-09-26,2025-09-29,Bug
TCK-00740,CLI-00051,2025-09-27,2025-10-04,Acceso
TCK-00741,CLI-00131,2025-09-27,2025-09-30,Acceso
TCK-00742,CLI-00412,2025-09-27,2025-10-04,Consulta
TCK-00743,CLI-00070,2025-09-28,2025-09-30,Bug
TCK-00744,CLI-00199,2025-09-28,2025-10-02,Rendimiento
TCK-00745,CLI-00218,2025-09-28,2025-10-05,Rendimiento
TCK-00746,CLI-00289,2025-09-28,2025-09-28,Rendimiento
TCK-00747,CLI-00290,2025-09-28,2025-09-28,Consulta
TCK-00748,CLI-00139,2025-10-01,2025-10-08,Rendimiento
TCK-00749,CLI-00157,2025-10-01,2025-10-05,Bug
TCK-00750,CLI-00052,2025-10-02,2025-10-08,Consulta
TCK-00751,CLI-00343,2025-10-02,2025-10-07,Bug
TCK-00752,CLI-00411,2025-10-02,2025-10-04,Facturación
TCK-00753,CLI-00104,2025-10-03,2025-10-07,Facturación
TCK-00754,CLI-00210,2025-10-03,2025-10-06,Acceso
TCK-00755,CLI-00376,2025-10-03,2025-10-03,Rendimiento
TCK-00756,CLI-00509,2025-10-03,2025-10-10,Consulta
TCK-00757,CLI-00060,2025-10-04,2025-10-04,Consulta
TCK-00758,CLI-00172,2025-10-04,2025-10-04,Rendimiento
TCK-00759,CLI-00218,2025-10-04,2025-10-10,Facturación
TCK-00760,CLI-00279,2025-10-04,2025-10-04,Acceso
TCK-00761,CLI-00496,2025-10-04,2025-10-05,Acceso
TCK-00762,CLI-00509,2025-10-04,2025-10-05,Facturación
TCK-00763,CLI-00117,2025-10-05,2025-10-11,Facturación
TCK-00764,CLI-00150,2025-10-05,2025-10-09,Rendimiento
TCK-00765,CLI-00175,2025-10-05,2025-10-09,Bug
TCK-00766,CLI-00211,2025-10-05,2025-10-05,Rendimiento
TCK-00767,CLI-00345,2025-10-05,2025-10-07,Bug
TCK-00768,CLI-00369,2025-10-05,2025-10-08,Bug
TCK-00769,CLI-00435,2025-10-05,2025-10-05,Consulta
TCK-00770,CLI-00455,2025-10-05,2025-10-08,Bug
TCK-00771,CLI-00210,2025-10-06,2025-10-09,Facturación
TCK-00772,CLI-00452,2025-10-06,2025-10-06,Consulta
TCK-00773,CLI-00016,2025-10-07,2025-10-07,Rendimiento
TCK-00774,CLI-00073,2025-10-07,2025-10-13,Rendimiento
TCK-00775,CLI-00211,2025-10-07,2025-10-10,Rendimiento
TCK-00776,CLI-00216,2025-10-07,2025-10-12,Bug
TCK-00777,CLI-00457,2025-10-07,2025-10-13,Consulta
TCK-00778,CLI-00509,2025-10-07,2025-10-09,Bug
TCK-00779,CLI-00104,2025-10-08,2025-10-09,Facturación
TCK-00780,CLI-00195,2025-10-08,2025-10-12,Consulta
TCK-00781,CLI-00359,2025-10-08,2025-10-10,Acceso
TCK-00782,CLI-00073,2025-10-09,2025-10-11,Rendimiento
TCK-00783,CLI-00195,2025-10-09,2025-10-16,Acceso
TCK-00784,CLI-00369,2025-10-10,2025-10-17,Facturación
TCK-00785,CLI-00220,2025-10-11,2025-10-16,Acceso
TCK-00786,CLI-00394,2025-10-11,2025-10-11,Bug
TCK-00787,CLI-00393,2025-10-12,2025-10-16,Bug
TCK-00788,CLI-00488,2025-10-12,2025-10-19,Acceso
TCK-00789,CLI-00175,2025-10-13,2025-10-17,Rendimiento
TCK-00790,CLI-00188,2025-10-13,2025-10-17,Rendimiento
TCK-00791,CLI-00189,2025-10-13,2025-10-13,Facturación
TCK-00792,CLI-00225,2025-10-13,2025-10-14,Acceso
TCK-00793,CLI-00097,2025-10-14,2025-10-17,Rendimiento
TCK-00794,CLI-00412,2025-10-14,2025-10-20,Rendimiento
TCK-00795,CLI-00437,2025-10-14,2025-10-14,Consulta
TCK-00796,CLI-00452,2025-10-14,2025-10-15,Facturación
TCK-00797,CLI-00496,2025-10-14,2025-10-16,Rendimiento
TCK-00798,CLI-00428,2025-10-15,2025-10-21,Bug
TCK-00799,CLI-00051,2025-10-17,2025-10-22,Rendimiento
TCK-00800,CLI-00175,2025-10-17,2025-10-17,Rendimiento
TCK-00801,CLI-00220,2025-10-17,2025-10-17,Facturación
TCK-00802,CLI-00332,2025-10-17,2025-10-23,Bug
TCK-00803,CLI-00424,2025-10-17,2025-10-22,Consulta
TCK-00804,CLI-00457,2025-10-17,2025-10-20,Facturación
TCK-00805,CLI-00016,2025-10-18,2025-10-25,Acceso
TCK-00806,CLI-00028,2025-10-18,2025-10-24,Facturación
TCK-00807,CLI-00070,2025-10-18,2025-10-21,Facturación
TCK-00808,CLI-00359,2025-10-18,2025-10-21,Facturación
TCK-00809,CLI-00109,2025-10-19,2025-10-21,Rendimiento
TCK-00810,CLI-00189,2025-10-19,2025-10-21,Rendimiento
TCK-00811,CLI-00381,2025-10-19,2025-10-22,Bug
TCK-00812,CLI-00051,2025-10-20,2025-10-24,Bug
TCK-00813,CLI-00128,2025-10-20,2025-10-20,Facturación
TCK-00814,CLI-00446,2025-10-20,2025-10-26,Rendimiento
TCK-00815,CLI-00117,2025-10-21,2025-10-22,Acceso
TCK-00816,CLI-00199,2025-10-21,2025-10-23,Rendimiento
TCK-00817,CLI-00393,2025-10-21,2025-10-23,Consulta
TCK-00818,CLI-00446,2025-10-21,2025-10-26,Consulta
TCK-00819,CLI-00394,2025-10-22,2025-10-22,Facturación
TCK-00820,CLI-00500,2025-10-22,2025-10-24,Rendimiento
TCK-00821,CLI-00250,2025-10-23,2025-10-25,Rendimiento
TCK-00822,CLI-00458,2025-10-23,2025-10-26,Consulta
TCK-00823,CLI-00039,2025-10-24,2025-10-26,Bug
TCK-00824,CLI-00063,2025-10-24,2025-10-28,Facturación
TCK-00825,CLI-00070,2025-10-24,2025-10-29,Acceso
TCK-00826,CLI-00220,2025-10-24,2025-10-27,Acceso
TCK-00827,CLI-00073,2025-10-25,2025-10-25,Facturación
TCK-00828,CLI-00139,2025-10-26,2025-10-27,Facturación
TCK-00829,CLI-00281,2025-10-26,2025-10-27,Rendimiento
TCK-00830,CLI-00460,2025-10-26,2025-10-26,Consulta
TCK-00831,CLI-00490,2025-10-26,2025-11-01,Facturación
TCK-00832,CLI-00052,2025-10-27,2025-10-29,Acceso
TCK-00833,CLI-00275,2025-10-28,2025-11-03,Acceso
TCK-00834,CLI-00435,2025-10-28,2025-11-04,Consulta
TCK-00835,CLI-00437,2025-10-28,2025-10-28,Bug
TCK-00836,CLI-00371,2025-11-01,2025-11-08,Consulta
TCK-00837,CLI-00385,2025-11-01,2025-11-03,Bug
TCK-00838,CLI-00440,2025-11-01,2025-11-02,Bug
TCK-00839,CLI-00018,2025-11-02,2025-11-04,Bug
TCK-00840,CLI-00170,2025-11-02,2025-11-04,Bug
TCK-00841,CLI-00257,2025-11-02,2025-11-07,Acceso
TCK-00842,CLI-00264,2025-11-02,2025-11-03,Facturación
TCK-00843,CLI-00264,2025-11-02,2025-11-04,Acceso
TCK-00844,CLI-00381,2025-11-03,2025-11-07,Facturación
TCK-00845,CLI-00501,2025-11-03,2025-11-06,Rendimiento
TCK-00846,CLI-00151,2025-11-04,2025-11-09,Acceso
TCK-00847,CLI-00170,2025-11-04,2025-11-07,Rendimiento
TCK-00848,CLI-00460,2025-11-04,2025-11-05,Facturación
TCK-00849,CLI-00023,2025-11-05,2025-11-12,Consulta
TCK-00850,CLI-00371,2025-11-05,2025-11-10,Facturación
TCK-00851,CLI-00381,2025-11-06,2025-11-13,Bug
TCK-00852,CLI-00398,2025-11-06,2025-11-10,Rendimiento
TCK-00853,CLI-00435,2025-11-07,2025-11-08,Consulta
TCK-00854,CLI-00023,2025-11-08,2025-11-13,Acceso
TCK-00855,CLI-00173,2025-11-08,2025-11-13,Bug
TCK-00856,CLI-00388,2025-11-08,2025-11-11,Rendimiento
TCK-00857,CLI-00388,2025-11-08,2025-11-11,Acceso
TCK-00858,CLI-00391,2025-11-08,2025-11-08,Facturación
TCK-00859,CLI-00460,2025-11-08,2025-11-10,Bug
TCK-00860,CLI-00191,2025-11-09,2025-11-16,Rendimiento
TCK-00861,CLI-00452,2025-11-09,2025-11-12,Rendimiento
TCK-00862,CLI-00501,2025-11-09,2025-11-14,Consulta
TCK-00863,CLI-00153,2025-11-10,2025-11-13,Consulta
TCK-00864,CLI-00317,2025-11-10,2025-11-15,Facturación
TCK-00865,CLI-00337,2025-11-10,2025-11-14,Consulta
TCK-00866,CLI-00359,2025-11-10,2025-11-11,Acceso
TCK-00867,CLI-00468,2025-11-10,2025-11-17,Bug
TCK-00868,CLI-00257,2025-11-11,2025-11-17,Acceso
TCK-00869,CLI-00433,2025-11-11,2025-11-17,Facturación
TCK-00870,CLI-00452,2025-11-11,2025-11-11,Facturación
TCK-00871,CLI-00500,2025-11-12,2025-11-19,Consulta
TCK-00872,CLI-00109,2025-11-13,2025-11-15,Bug
TCK-00873,CLI-00206,2025-11-13,2025-11-16,Rendimiento
TCK-00874,CLI-00353,2025-11-13,2025-11-19,Acceso
TCK-00875,CLI-00194,2025-11-14,2025-11-17,Rendimiento
TCK-00876,CLI-00264,2025-11-14,2025-11-15,Bug
TCK-00877,CLI-00332,2025-11-14,2025-11-18,Consulta
TCK-00878,CLI-00503,2025-11-14,2025-11-20,Bug
TCK-00879,CLI-00194,2025-11-15,2025-11-17,Bug
TCK-00880,CLI-00381,2025-11-15,2025-11-15,Acceso
TCK-00881,CLI-00059,2025-11-16,2025-11-21,Consulta
TCK-00882,CLI-00090,2025-11-16,2025-11-18,Bug
TCK-00883,CLI-00148,2025-11-16,2025-11-16,Facturación
TCK-00884,CLI-00289,2025-11-16,2025-11-23,Rendimiento
TCK-00885,CLI-00503,2025-11-16,2025-11-22,Acceso
TCK-00886,CLI-00004,2025-11-17,2025-11-20,Bug
TCK-00887,CLI-00028,2025-11-17,2025-11-22,Facturación
TCK-00888,CLI-00358,2025-11-18,2025-11-23,Consulta
TCK-00889,CLI-00385,2025-11-18,2025-11-20,Consulta
TCK-00890,CLI-00398,2025-11-19,2025-11-21,Acceso
TCK-00891,CLI-00410,2025-11-19,2025-11-25,Bug
TCK-00892,CLI-00054,2025-11-20,2025-11-21,Rendimiento
TCK-00893,CLI-00144,2025-11-20,2025-11-25,Facturación
TCK-00894,CLI-00059,2025-11-21,2025-11-25,Facturación
TCK-00895,CLI-00385,2025-11-21,2025-11-25,Rendimiento
TCK-00896,CLI-00052,2025-11-22,2025-11-25,Acceso
TCK-00897,CLI-00096,2025-11-22,2025-11-27,Consulta
TCK-00898,CLI-00109,2025-11-22,2025-11-25,Rendimiento
TCK-00899,CLI-00337,2025-11-23,2025-11-24,Facturación
TCK-00900,CLI-00488,2025-11-23,2025-11-29,Rendimiento
TCK-00901,CLI-00018,2025-11-24,2025-11-27,Facturación
TCK-00902,CLI-00054,2025-11-24,2025-11-25,Facturación
TCK-00903,CLI-00148,2025-11-24,2025-11-28,Rendimiento
TCK-00904,CLI-00153,2025-11-25,2025-11-28,Consulta
TCK-00905,CLI-00200,2025-11-25,2025-11-25,Acceso
TCK-00906,CLI-00204,2025-11-25,2025-12-02,Rendimiento
TCK-00907,CLI-00144,2025-11-26,2025-11-27,Facturación
TCK-00908,CLI-00238,2025-11-26,2025-12-03,Rendimiento
TCK-00909,CLI-00353,2025-11-26,2025-11-28,Rendimiento
TCK-00910,CLI-00390,2025-11-27,2025-12-01,Rendimiento
TCK-00911,CLI-00414,2025-11-27,2025-12-03,Consulta
TCK-00912,CLI-00414,2025-11-27,2025-11-27,Acceso
TCK-00913,CLI-00425,2025-11-27,2025-11-30,Bug
TCK-00914,CLI-00501,2025-11-27,2025-11-27,Consulta
TCK-00915,CLI-00077,2025-12-01,2025-12-04,Rendimiento
TCK-00916,CLI-00161,2025-12-01,2025-12-03,Bug
TCK-00917,CLI-00416,2025-12-01,2025-12-05,Rendimiento
TCK-00918,CLI-00257,2025-12-02,2025-12-08,Consulta
TCK-00919,CLI-00353,2025-12-02,2025-12-05,Rendimiento
TCK-00920,CLI-00411,2025-12-02,2025-12-09,Bug
TCK-00921,CLI-00425,2025-12-02,2025-12-04,Consulta
TCK-00922,CLI-00443,2025-12-02,2025-12-08,Acceso
TCK-00923,CLI-00469,2025-12-02,2025-12-06,Rendimiento
TCK-00924,CLI-00469,2025-12-02,2025-12-04,Acceso
TCK-00925,CLI-00492,2025-12-03,2025-12-08,Bug
TCK-00926,CLI-00018,2025-12-04,2025-12-08,Rendimiento
TCK-00927,CLI-00046,2025-12-04,2025-12-07,Facturación
TCK-00928,CLI-00211,2025-12-04,2025-12-06,Rendimiento
TCK-00929,CLI-00149,2025-12-05,2025-12-06,Facturación
TCK-00930,CLI-00206,2025-12-05,2025-12-09,Rendimiento
TCK-00931,CLI-00455,2025-12-05,2025-12-05,Rendimiento
TCK-00932,CLI-00496,2025-12-05,2025-12-12,Rendimiento
TCK-00933,CLI-00206,2025-12-06,2025-12-11,Bug
TCK-00934,CLI-00250,2025-12-06,2025-12-11,Consulta
TCK-00935,CLI-00382,2025-12-06,2025-12-07,Bug
TCK-00936,CLI-00404,2025-12-06,2025-12-10,Consulta
TCK-00937,CLI-00506,2025-12-06,2025-12-13,Consulta
TCK-00938,CLI-00036,2025-12-07,2025-12-12,Facturación
TCK-00939,CLI-00206,2025-12-07,2025-12-11,Acceso
TCK-00940,CLI-00440,2025-12-07,2025-12-14,Rendimiento
TCK-00941,CLI-00460,2025-12-07,2025-12-07,Bug
TCK-00942,CLI-00123,2025-12-08,2025-12-08,Acceso
TCK-00943,CLI-00241,2025-12-08,2025-12-13,Bug
TCK-00944,CLI-00333,2025-12-08,2025-12-08,Facturación
TCK-00945,CLI-00096,2025-12-09,2025-12-12,Rendimiento
TCK-00946,CLI-00109,2025-12-09,2025-12-12,Rendimiento
TCK-00947,CLI-00200,2025-12-09,2025-12-11,Facturación
TCK-00948,CLI-00248,2025-12-09,2025-12-14,Facturación
TCK-00949,CLI-00337,2025-12-09,2025-12-16,Facturación
TCK-00950,CLI-00394,2025-12-09,2025-12-15,Acceso
TCK-00951,CLI-00250,2025-12-10,2025-12-17,Rendimiento
TCK-00952,CLI-00257,2025-12-10,2025-12-12,Acceso
TCK-00953,CLI-00342,2025-12-10,2025-12-14,Consulta
TCK-00954,CLI-00172,2025-12-11,2025-12-12,Facturación
TCK-00955,CLI-00340,2025-12-12,2025-12-15,Bug
TCK-00956,CLI-00342,2025-12-12,2025-12-12,Bug
TCK-00957,CLI-00443,2025-12-12,2025-12-14,Facturación
TCK-00958,CLI-00448,2025-12-12,2025-12-14,Acceso
TCK-00959,CLI-00060,2025-12-13,2025-12-15,Consulta
TCK-00960,CLI-00359,2025-12-13,2025-12-18,Facturación
TCK-00961,CLI-00242,2025-12-14,2025-12-15,Facturación
TCK-00962,CLI-00448,2025-12-14,2025-12-17,Acceso
TCK-00963,CLI-00492,2025-12-14,2025-12-19,Rendimiento
TCK-00964,CLI-00501,2025-12-14,2025-12-19,Facturación
TCK-00965,CLI-00130,2025-12-16,2025-12-19,Bug
TCK-00966,CLI-00353,2025-12-16,2025-12-22,Facturación
TCK-00967,CLI-00382,2025-12-16,2025-12-16,Bug
TCK-00968,CLI-00385,2025-12-16,2025-12-23,Facturación
TCK-00969,CLI-00058,2025-12-17,2025-12-21,Facturación
TCK-00970,CLI-00353,2025-12-17,2025-12-22,Consulta
TCK-00971,CLI-00391,2025-12-18,2025-12-22,Rendimiento
TCK-00972,CLI-00425,2025-12-18,2025-12-25,Consulta
TCK-00973,CLI-00431,2025-12-18,2025-12-18,Consulta
TCK-00974,CLI-00052,2025-12-19,2025-12-24,Bug
TCK-00975,CLI-00063,2025-12-19,2025-12-20,Rendimiento
TCK-00976,CLI-00411,2025-12-19,2025-12-26,Bug
TCK-00977,CLI-00063,2025-12-20,2025-12-26,Consulta
TCK-00978,CLI-00151,2025-12-20,2025-12-23,Consulta
TCK-00979,CLI-00281,2025-12-20,2025-12-25,Consulta
TCK-00980,CLI-00354,2025-12-20,2025-12-24,Facturación
TCK-00981,CLI-00425,2025-12-20,2025-12-25,Facturación
TCK-00982,CLI-00469,2025-12-20,2025-12-26,Bug
TCK-00983,CLI-00492,2025-12-20,2025-12-24,Rendimiento
TCK-00984,CLI-00084,2025-12-21,2025-12-22,Acceso
TCK-00985,CLI-00151,2025-12-21,2025-12-26,Facturación
TCK-00986,CLI-00385,2025-12-21,2025-12-21,Consulta
TCK-00987,CLI-00433,2025-12-21,2025-12-21,Acceso
TCK-00988,CLI-00460,2025-12-21,2025-12-28,Acceso
TCK-00989,CLI-00460,2025-12-21,2025-12-26,Acceso
TCK-00990,CLI-00506,2025-12-21,2025-12-25,Rendimiento
TCK-00991,CLI-00036,2025-12-22,2025-12-26,Rendimiento
TCK-00992,CLI-00148,2025-12-22,2025-12-24,Rendimiento
TCK-00993,CLI-00233,2025-12-22,2025-12-27,Consulta
TCK-00994,CLI-00248,2025-12-22,2025-12-25,Bug
TCK-00995,CLI-00411,2025-12-22,2025-12-27,Facturación
TCK-00996,CLI-00096,2025-12-23,2025-12-24,Rendimiento
TCK-00997,CLI-00161,2025-12-23,2025-12-28,Acceso
TCK-00998,CLI-00342,2025-12-23,2025-12-24,Rendimiento
TCK-00999,CLI-00393,2025-12-23,2025-12-29,Consulta
TCK-01000,CLI-00047,2025-12-24,2025-12-30,Consulta
TCK-01001,CLI-00104,2025-12-24,2025-12-24,Facturación
TCK-01002,CLI-00131,2025-12-24,2025-12-26,Facturación
TCK-01003,CLI-00468,2025-12-24,2025-12-30,Bug
TCK-01004,CLI-00084,2025-12-25,2025-12-28,Consulta
TCK-01005,CLI-00149,2025-12-25,2026-01-01,Bug
TCK-01006,CLI-00260,2025-12-25,2025-12-26,Facturación
TCK-01007,CLI-00084,2025-12-26,2025-12-30,Consulta
TCK-01008,CLI-00115,2025-12-26,2025-12-31,Facturación
TCK-01009,CLI-00172,2025-12-26,2025-12-29,Rendimiento
TCK-01010,CLI-00503,2025-12-26,2025-12-28,Rendimiento
TCK-01011,CLI-00265,2025-12-27,2025-12-31,Facturación
TCK-01012,CLI-00354,2025-12-27,2025-12-28,Acceso
TCK-01013,CLI-00131,2025-12-28,2025-12-29,Consulta
TCK-01014,CLI-00250,2025-12-28,2025-12-30,Rendimiento
TCK-01015,CLI-00416,2025-12-28,2026-01-04,Facturación
TCK-01016,CLI-00059,2026-01-01,2026-01-04,Consulta
TCK-01017,CLI-00367,2026-01-01,2026-01-01,Bug
TCK-01018,CLI-00226,2026-01-02,2026-01-05,Facturación
TCK-01019,CLI-00238,2026-01-02,2026-01-04,Bug
TCK-01020,CLI-00393,2026-01-02,2026-01-03,Facturación
TCK-01021,CLI-00063,2026-01-03,2026-01-07,Facturación
TCK-01022,CLI-00416,2026-01-03,2026-01-06,Bug
TCK-01023,CLI-00433,2026-01-03,2026-01-09,Acceso
TCK-01024,CLI-00257,2026-01-04,2026-01-04,Acceso
TCK-01025,CLI-00315,2026-01-04,2026-01-09,Facturación
TCK-01026,CLI-00345,2026-01-04,2026-01-04,Facturación
TCK-01027,CLI-00016,2026-01-05,2026-01-07,Facturación
TCK-01028,CLI-00206,2026-01-05,2026-01-10,Facturación
TCK-01029,CLI-00235,2026-01-05,2026-01-07,Acceso
TCK-01030,CLI-00333,2026-01-06,2026-01-08,Acceso
TCK-01031,CLI-00339,2026-01-06,2026-01-08,Bug
TCK-01032,CLI-00149,2026-01-07,2026-01-13,Facturación
TCK-01033,CLI-00424,2026-01-07,2026-01-14,Consulta
TCK-01034,CLI-00238,2026-01-08,2026-01-09,Rendimiento
TCK-01035,CLI-00382,2026-01-08,2026-01-15,Rendimiento
TCK-01036,CLI-00488,2026-01-08,2026-01-08,Facturación
TCK-01037,CLI-00058,2026-01-09,2026-01-16,Acceso
TCK-01038,CLI-00073,2026-01-09,2026-01-10,Facturación
TCK-01039,CLI-00090,2026-01-09,2026-01-11,Consulta
TCK-01040,CLI-00220,2026-01-09,2026-01-15,Rendimiento
TCK-01041,CLI-00225,2026-01-09,2026-01-12,Consulta
TCK-01042,CLI-00381,2026-01-09,2026-01-14,Facturación
TCK-01043,CLI-00104,2026-01-10,2026-01-11,Rendimiento
TCK-01044,CLI-00248,2026-01-10,2026-01-10,Rendimiento
TCK-01045,CLI-00469,2026-01-10,2026-01-16,Rendimiento
TCK-01046,CLI-00161,2026-01-11,2026-01-14,Facturación
TCK-01047,CLI-00206,2026-01-11,2026-01-17,Bug
TCK-01048,CLI-00260,2026-01-11,2026-01-18,Rendimiento
TCK-01049,CLI-00344,2026-01-11,2026-01-15,Acceso
TCK-01050,CLI-00163,2026-01-12,2026-01-13,Acceso
TCK-01051,CLI-00332,2026-01-12,2026-01-17,Consulta
TCK-01052,CLI-00333,2026-01-14,2026-01-15,Consulta
TCK-01053,CLI-00142,2026-01-15,2026-01-18,Acceso
TCK-01054,CLI-00238,2026-01-15,2026-01-19,Rendimiento
TCK-01055,CLI-00332,2026-01-15,2026-01-20,Acceso
TCK-01056,CLI-00399,2026-01-15,2026-01-20,Facturación
TCK-01057,CLI-00096,2026-01-16,2026-01-23,Acceso
TCK-01058,CLI-00340,2026-01-16,2026-01-23,Acceso
TCK-01059,CLI-00345,2026-01-16,2026-01-21,Acceso
TCK-01060,CLI-00169,2026-01-17,2026-01-20,Rendimiento
TCK-01061,CLI-00458,2026-01-17,2026-01-19,Rendimiento
TCK-01062,CLI-00485,2026-01-17,2026-01-24,Acceso
TCK-01063,CLI-00488,2026-01-17,2026-01-23,Acceso
TCK-01064,CLI-00194,2026-01-18,2026-01-25,Acceso
TCK-01065,CLI-00333,2026-01-18,2026-01-25,Rendimiento
TCK-01066,CLI-00443,2026-01-18,2026-01-20,Acceso
TCK-01067,CLI-00446,2026-01-18,2026-01-20,Acceso
TCK-01068,CLI-00151,2026-01-19,2026-01-25,Acceso
TCK-01069,CLI-00248,2026-01-19,2026-01-19,Consulta
TCK-01070,CLI-00429,2026-01-19,2026-01-26,Bug
TCK-01071,CLI-00035,2026-01-20,2026-01-20,Facturación
TCK-01072,CLI-00488,2026-01-20,2026-01-21,Facturación
TCK-01073,CLI-00090,2026-01-21,2026-01-27,Rendimiento
TCK-01074,CLI-00163,2026-01-21,2026-01-24,Acceso
TCK-01075,CLI-00241,2026-01-21,2026-01-27,Acceso
TCK-01076,CLI-00289,2026-01-21,2026-01-24,Acceso
TCK-01077,CLI-00290,2026-01-21,2026-01-21,Rendimiento
TCK-01078,CLI-00339,2026-01-21,2026-01-21,Bug
TCK-01079,CLI-00475,2026-01-21,2026-01-27,Rendimiento
TCK-01080,CLI-00063,2026-01-22,2026-01-22,Rendimiento
TCK-01081,CLI-00241,2026-01-23,2026-01-23,Facturación
TCK-01082,CLI-00249,2026-01-23,2026-01-30,Consulta
TCK-01083,CLI-00345,2026-01-24,2026-01-31,Rendimiento
TCK-01084,CLI-00163,2026-01-25,2026-01-29,Rendimiento
TCK-01085,CLI-00443,2026-01-25,2026-01-25,Facturación
TCK-01086,CLI-00191,2026-01-26,2026-01-30,Bug
TCK-01087,CLI-00242,2026-01-26,2026-01-30,Bug
TCK-01088,CLI-00506,2026-01-26,2026-02-02,Consulta
TCK-01089,CLI-00228,2026-01-27,2026-02-03,Bug
TCK-01090,CLI-00041,2026-01-28,2026-01-31,Rendimiento
TCK-01091,CLI-00290,2026-01-28,2026-02-02,Facturación
TCK-01092,CLI-00241,2026-02-01,2026-02-07,Bug
TCK-01093,CLI-00357,2026-02-01,2026-02-04,Bug
TCK-01094,CLI-00457,2026-02-01,2026-02-05,Consulta
TCK-01095,CLI-00106,2026-02-02,2026-02-03,Acceso
TCK-01096,CLI-00148,2026-02-02,2026-02-09,Rendimiento
TCK-01097,CLI-00157,2026-02-02,2026-02-06,Acceso
TCK-01098,CLI-00317,2026-02-02,2026-02-04,Acceso
TCK-01099,CLI-00108,2026-02-03,2026-02-04,Facturación
TCK-01100,CLI-00443,2026-02-03,2026-02-08,Facturación
TCK-01101,CLI-00090,2026-02-04,2026-02-05,Bug
TCK-01102,CLI-00097,2026-02-04,2026-02-07,Facturación
TCK-01103,CLI-00242,2026-02-04,2026-02-06,Facturación
TCK-01104,CLI-00256,2026-02-04,2026-02-07,Bug
TCK-01105,CLI-00343,2026-02-04,2026-02-05,Facturación
TCK-01106,CLI-00385,2026-02-04,2026-02-10,Facturación
TCK-01107,CLI-00433,2026-02-05,2026-02-09,Bug
TCK-01108,CLI-00460,2026-02-05,2026-02-05,Acceso
TCK-01109,CLI-00043,2026-02-06,2026-02-13,Acceso
TCK-01110,CLI-00142,2026-02-06,2026-02-06,Bug
TCK-01111,CLI-00325,2026-02-06,2026-02-11,Consulta
TCK-01112,CLI-00343,2026-02-06,2026-02-09,Rendimiento
TCK-01113,CLI-00039,2026-02-07,2026-02-07,Rendimiento
TCK-01114,CLI-00394,2026-02-07,2026-02-13,Rendimiento
TCK-01115,CLI-00394,2026-02-08,2026-02-08,Rendimiento
TCK-01116,CLI-00453,2026-02-08,2026-02-15,Consulta
TCK-01117,CLI-00196,2026-02-09,2026-02-16,Acceso
TCK-01118,CLI-00247,2026-02-09,2026-02-11,Bug
TCK-01119,CLI-00358,2026-02-09,2026-02-13,Facturación
TCK-01120,CLI-00492,2026-02-09,2026-02-12,Consulta
TCK-01121,CLI-00148,2026-02-10,2026-02-12,Acceso
TCK-01122,CLI-00211,2026-02-10,2026-02-12,Rendimiento
TCK-01123,CLI-00218,2026-02-11,2026-02-15,Bug
TCK-01124,CLI-00410,2026-02-11,2026-02-14,Facturación
TCK-01125,CLI-00290,2026-02-12,2026-02-14,Facturación
TCK-01126,CLI-00394,2026-02-12,2026-02-16,Acceso
TCK-01127,CLI-00043,2026-02-14,2026-02-16,Consulta
TCK-01128,CLI-00218,2026-02-14,2026-02-16,Acceso
TCK-01129,CLI-00357,2026-02-14,2026-02-15,Bug
TCK-01130,CLI-00385,2026-02-14,2026-02-20,Rendimiento
TCK-01131,CLI-00135,2026-02-15,2026-02-22,Bug
TCK-01132,CLI-00203,2026-02-15,2026-02-18,Rendimiento
TCK-01133,CLI-00242,2026-02-15,2026-02-19,Consulta
TCK-01134,CLI-00157,2026-02-16,2026-02-19,Rendimiento
TCK-01135,CLI-00257,2026-02-16,2026-02-21,Consulta
TCK-01136,CLI-00396,2026-02-16,2026-02-17,Consulta
TCK-01137,CLI-00446,2026-02-16,2026-02-23,Acceso
TCK-01138,CLI-00484,2026-02-16,2026-02-23,Bug
TCK-01139,CLI-00194,2026-02-17,2026-02-21,Facturación
TCK-01140,CLI-00247,2026-02-17,2026-02-17,Consulta
TCK-01141,CLI-00435,2026-02-17,2026-02-18,Acceso
TCK-01142,CLI-00211,2026-02-18,2026-02-24,Acceso
TCK-01143,CLI-00396,2026-02-18,2026-02-19,Rendimiento
TCK-01144,CLI-00443,2026-02-18,2026-02-19,Bug
TCK-01145,CLI-00501,2026-02-18,2026-02-20,Acceso
TCK-01146,CLI-00090,2026-02-19,2026-02-22,Consulta
TCK-01147,CLI-00194,2026-02-19,2026-02-20,Facturación
TCK-01148,CLI-00325,2026-02-19,2026-02-23,Consulta
TCK-01149,CLI-00357,2026-02-19,2026-02-26,Consulta
TCK-01150,CLI-00425,2026-02-19,2026-02-23,Bug
TCK-01151,CLI-00080,2026-02-20,2026-02-23,Consulta
TCK-01152,CLI-00242,2026-02-20,2026-02-25,Acceso
TCK-01153,CLI-00151,2026-02-21,2026-02-27,Acceso
TCK-01154,CLI-00196,2026-02-21,2026-02-24,Rendimiento
TCK-01155,CLI-00429,2026-02-21,2026-02-21,Acceso
TCK-01156,CLI-00247,2026-02-22,2026-02-28,Facturación
TCK-01157,CLI-00381,2026-02-22,2026-02-23,Rendimiento
TCK-01158,CLI-00088,2026-02-23,2026-02-26,Consulta
TCK-01159,CLI-00194,2026-02-23,2026-03-02,Consulta
TCK-01160,CLI-00425,2026-02-23,2026-02-27,Bug
TCK-01161,CLI-00081,2026-02-24,2026-02-27,Bug
TCK-01162,CLI-00142,2026-02-24,2026-03-01,Acceso
TCK-01163,CLI-00325,2026-02-24,2026-03-03,Acceso
TCK-01164,CLI-00452,2026-02-24,2026-03-03,Bug
TCK-01165,CLI-00172,2026-02-25,2026-03-04,Facturación
TCK-01166,CLI-00343,2026-02-26,2026-03-02,Rendimiento
TCK-01167,CLI-00411,2026-02-26,2026-02-27,Acceso
TCK-01168,CLI-00045,2026-02-27,2026-02-28,Facturación
TCK-01169,CLI-00290,2026-02-27,2026-03-05,Acceso
TCK-01170,CLI-00381,2026-02-27,2026-03-05,Bug
TCK-01171,CLI-00425,2026-02-27,2026-02-28,Consulta
TCK-01172,CLI-00446,2026-02-27,2026-02-28,Acceso
TCK-01173,CLI-00131,2026-02-28,2026-03-04,Consulta
TCK-01174,CLI-00211,2026-02-28,2026-03-06,Consulta
TCK-01175,CLI-00509,2026-02-28,2026-02-28,Rendimiento
TCK-01176,CLI-00290,2026-03-01,2026-03-03,Bug
TCK-01177,CLI-00398,2026-03-01,2026-03-01,Acceso
TCK-01178,CLI-00475,2026-03-02,2026-03-08,Bug
TCK-01179,CLI-00035,2026-03-03,2026-03-06,Consulta
TCK-01180,CLI-00052,2026-03-03,2026-03-08,Acceso
TCK-01181,CLI-00117,2026-03-03,2026-03-05,Facturación
TCK-01182,CLI-00347,2026-03-03,2026-03-03,Acceso
TCK-01183,CLI-00431,2026-03-03,2026-03-05,Consulta
TCK-01184,CLI-00468,2026-03-03,2026-03-04,Acceso
TCK-01185,CLI-00503,2026-03-03,2026-03-09,Consulta
TCK-01186,CLI-00055,2026-03-04,2026-03-06,Consulta
TCK-01187,CLI-00145,2026-03-04,2026-03-10,Rendimiento
TCK-01188,CLI-00416,2026-03-04,2026-03-10,Rendimiento
TCK-01189,CLI-00455,2026-03-04,2026-03-07,Rendimiento
TCK-01190,CLI-00047,2026-03-05,2026-03-05,Bug
TCK-01191,CLI-00157,2026-03-05,2026-03-10,Facturación
TCK-01192,CLI-00235,2026-03-05,2026-03-12,Facturación
TCK-01193,CLI-00345,2026-03-05,2026-03-12,Facturación
TCK-01194,CLI-00357,2026-03-05,2026-03-06,Acceso
TCK-01195,CLI-00460,2026-03-05,2026-03-07,Acceso
TCK-01196,CLI-00128,2026-03-06,2026-03-13,Bug
TCK-01197,CLI-00066,2026-03-07,2026-03-13,Bug
TCK-01198,CLI-00306,2026-03-07,2026-03-13,Facturación
TCK-01199,CLI-00340,2026-03-07,2026-03-08,Facturación
TCK-01200,CLI-00460,2026-03-07,2026-03-14,Acceso
TCK-01201,CLI-00058,2026-03-08,2026-03-09,Acceso
TCK-01202,CLI-00172,2026-03-09,2026-03-16,Facturación
TCK-01203,CLI-00211,2026-03-09,2026-03-14,Facturación
TCK-01204,CLI-00260,2026-03-09,2026-03-14,Acceso
TCK-01205,CLI-00027,2026-03-10,2026-03-16,Bug
TCK-01206,CLI-00027,2026-03-10,2026-03-11,Rendimiento
TCK-01207,CLI-00317,2026-03-10,2026-03-12,Facturación
TCK-01208,CLI-00023,2026-03-11,2026-03-14,Rendimiento
TCK-01209,CLI-00041,2026-03-11,2026-03-16,Acceso
TCK-01210,CLI-00435,2026-03-11,2026-03-11,Rendimiento
TCK-01211,CLI-00003,2026-03-12,2026-03-18,Rendimiento
TCK-01212,CLI-00414,2026-03-12,2026-03-12,Consulta
TCK-01213,CLI-00060,2026-03-13,2026-03-15,Facturación
TCK-01214,CLI-00131,2026-03-13,2026-03-18,Bug
TCK-01215,CLI-00228,2026-03-13,2026-03-13,Facturación
TCK-01216,CLI-00241,2026-03-13,2026-03-18,Consulta
TCK-01217,CLI-00404,2026-03-13,2026-03-13,Consulta
TCK-01218,CLI-00433,2026-03-13,2026-03-19,Bug
TCK-01219,CLI-00108,2026-03-14,2026-03-21,Acceso
TCK-01220,CLI-00416,2026-03-14,2026-03-14,Rendimiento
TCK-01221,CLI-00290,2026-03-15,2026-03-15,Facturación
TCK-01222,CLI-00475,2026-03-15,2026-03-18,Facturación
TCK-01223,CLI-00003,2026-03-16,2026-03-19,Facturación
TCK-01224,CLI-00170,2026-03-16,2026-03-18,Bug
TCK-01225,CLI-00394,2026-03-16,2026-03-22,Consulta
TCK-01226,CLI-00490,2026-03-16,2026-03-21,Consulta
TCK-01227,CLI-00035,2026-03-17,2026-03-22,Rendimiento
TCK-01228,CLI-00041,2026-03-17,2026-03-23,Bug
TCK-01229,CLI-00058,2026-03-17,2026-03-21,Rendimiento
TCK-01230,CLI-00157,2026-03-17,2026-03-17,Consulta
TCK-01231,CLI-00169,2026-03-17,2026-03-20,Consulta
TCK-01232,CLI-00218,2026-03-17,2026-03-17,Rendimiento
TCK-01233,CLI-00220,2026-03-17,2026-03-17,Consulta
TCK-01234,CLI-00260,2026-03-17,2026-03-24,Rendimiento
TCK-01235,CLI-00290,2026-03-17,2026-03-20,Acceso
TCK-01236,CLI-00458,2026-03-17,2026-03-17,Rendimiento
TCK-01237,CLI-00109,2026-03-18,2026-03-23,Acceso
TCK-01238,CLI-00391,2026-03-18,2026-03-20,Facturación
TCK-01239,CLI-00458,2026-03-18,2026-03-19,Bug
TCK-01240,CLI-00508,2026-03-18,2026-03-19,Rendimiento
TCK-01241,CLI-00145,2026-03-19,2026-03-24,Bug
TCK-01242,CLI-00211,2026-03-19,2026-03-22,Bug
TCK-01243,CLI-00035,2026-03-20,2026-03-20,Rendimiento
TCK-01244,CLI-00070,2026-03-20,2026-03-25,Rendimiento
TCK-01245,CLI-00135,2026-03-20,2026-03-24,Rendimiento
TCK-01246,CLI-00443,2026-03-20,2026-03-27,Facturación
TCK-01247,CLI-00343,2026-03-21,2026-03-21,Acceso
TCK-01248,CLI-00404,2026-03-21,2026-03-28,Acceso
TCK-01249,CLI-00414,2026-03-21,2026-03-28,Consulta
TCK-01250,CLI-00435,2026-03-21,2026-03-26,Acceso
TCK-01251,CLI-00131,2026-03-22,2026-03-29,Consulta
TCK-01252,CLI-00396,2026-03-22,2026-03-28,Consulta
TCK-01253,CLI-00047,2026-03-23,2026-03-25,Bug
TCK-01254,CLI-00131,2026-03-23,2026-03-26,Consulta
TCK-01255,CLI-00195,2026-03-23,2026-03-26,Facturación
TCK-01256,CLI-00306,2026-03-23,2026-03-27,Rendimiento
TCK-01257,CLI-00365,2026-03-23,2026-03-27,Acceso
TCK-01258,CLI-00446,2026-03-23,2026-03-24,Consulta
TCK-01259,CLI-00157,2026-03-24,2026-03-28,Bug
TCK-01260,CLI-00211,2026-03-24,2026-03-28,Acceso
TCK-01261,CLI-00399,2026-03-24,2026-03-31,Facturación
TCK-01262,CLI-00046,2026-03-25,2026-03-29,Rendimiento
TCK-01263,CLI-00117,2026-03-25,2026-03-27,Facturación
TCK-01264,CLI-00238,2026-03-25,2026-03-25,Facturación
TCK-01265,CLI-00398,2026-03-25,2026-03-28,Facturación
TCK-01266,CLI-00460,2026-03-25,2026-03-28,Bug
TCK-01267,CLI-00396,2026-03-26,2026-04-01,Acceso
TCK-01268,CLI-00509,2026-03-26,2026-03-27,Acceso
TCK-01269,CLI-00047,2026-03-28,2026-04-03,Consulta
TCK-01270,CLI-00108,2026-03-28,2026-03-31,Consulta
TCK-01271,CLI-00339,2026-03-28,2026-04-02,Consulta
TCK-01272,CLI-00226,2026-04-01,2026-04-08,Bug
TCK-01273,CLI-00315,2026-04-01,2026-04-02,Acceso
TCK-01274,CLI-00173,2026-04-02,2026-04-02,Acceso
TCK-01275,CLI-00315,2026-04-02,2026-04-07,Bug
TCK-01276,CLI-00379,2026-04-02,2026-04-03,Acceso
TCK-01277,CLI-00163,2026-04-03,2026-04-08,Acceso
TCK-01278,CLI-00035,2026-04-04,2026-04-09,Consulta
TCK-01279,CLI-00070,2026-04-05,2026-04-11,Consulta
TCK-01280,CLI-00131,2026-04-05,2026-04-09,Consulta
TCK-01281,CLI-00340,2026-04-06,2026-04-13,Facturación
TCK-01282,CLI-00437,2026-04-07,2026-04-09,Facturación
TCK-01283,CLI-00055,2026-04-09,2026-04-09,Acceso
TCK-01284,CLI-00084,2026-04-09,2026-04-13,Bug
TCK-01285,CLI-00424,2026-04-09,2026-04-14,Acceso
TCK-01286,CLI-00047,2026-04-10,2026-04-11,Consulta
TCK-01287,CLI-00448,2026-04-10,2026-04-17,Acceso
TCK-01288,CLI-00131,2026-04-11,2026-04-18,Bug
TCK-01289,CLI-00150,2026-04-11,2026-04-13,Facturación
TCK-01290,CLI-00453,2026-04-11,2026-04-15,Rendimiento
TCK-01291,CLI-00039,2026-04-12,2026-04-17,Bug
TCK-01292,CLI-00150,2026-04-12,2026-04-18,Rendimiento
TCK-01293,CLI-00306,2026-04-12,2026-04-12,Bug
TCK-01294,CLI-00437,2026-04-12,2026-04-14,Bug
TCK-01295,CLI-00281,2026-04-14,2026-04-18,Rendimiento
TCK-01296,CLI-00410,2026-04-15,2026-04-16,Facturación
TCK-01297,CLI-00080,2026-04-16,2026-04-20,Consulta
TCK-01298,CLI-00163,2026-04-16,2026-04-17,Acceso
TCK-01299,CLI-00170,2026-04-16,2026-04-22,Rendimiento
TCK-01300,CLI-00175,2026-04-16,2026-04-23,Facturación
TCK-01301,CLI-00281,2026-04-16,2026-04-23,Rendimiento
TCK-01302,CLI-00315,2026-04-16,2026-04-16,Bug
TCK-01303,CLI-00384,2026-04-16,2026-04-20,Rendimiento
TCK-01304,CLI-00142,2026-04-17,2026-04-21,Acceso
TCK-01305,CLI-00415,2026-04-17,2026-04-19,Consulta
TCK-01306,CLI-00443,2026-04-17,2026-04-20,Facturación
TCK-01307,CLI-00384,2026-04-18,2026-04-21,Bug
TCK-01308,CLI-00043,2026-04-19,2026-04-25,Bug
TCK-01309,CLI-00437,2026-04-19,2026-04-19,Bug
TCK-01310,CLI-00047,2026-04-20,2026-04-20,Rendimiento
TCK-01311,CLI-00054,2026-04-20,2026-04-26,Consulta
TCK-01312,CLI-00410,2026-04-20,2026-04-22,Acceso
TCK-01313,CLI-00410,2026-04-20,2026-04-22,Acceso
TCK-01314,CLI-00170,2026-04-21,2026-04-24,Acceso
TCK-01315,CLI-00281,2026-04-21,2026-04-27,Bug
TCK-01316,CLI-00424,2026-04-21,2026-04-21,Consulta
TCK-01317,CLI-00191,2026-04-22,2026-04-26,Rendimiento
TCK-01318,CLI-00265,2026-04-22,2026-04-24,Consulta
TCK-01319,CLI-00359,2026-04-22,2026-04-22,Facturación
TCK-01320,CLI-00379,2026-04-22,2026-04-25,Bug
TCK-01321,CLI-00428,2026-04-22,2026-04-25,Bug
TCK-01322,CLI-00443,2026-04-22,2026-04-22,Facturación
TCK-01323,CLI-00144,2026-04-24,2026-04-27,Facturación
TCK-01324,CLI-00425,2026-04-24,2026-04-30,Acceso
TCK-01325,CLI-00453,2026-04-24,2026-04-28,Facturación
TCK-01326,CLI-00097,2026-04-25,2026-05-02,Facturación
TCK-01327,CLI-00164,2026-04-25,2026-05-01,Consulta
TCK-01328,CLI-00398,2026-04-26,2026-04-27,Consulta
TCK-01329,CLI-00027,2026-04-27,2026-04-29,Bug
TCK-01330,CLI-00161,2026-04-27,2026-05-02,Facturación
TCK-01331,CLI-00428,2026-04-27,2026-05-01,Facturación
TCK-01332,CLI-00250,2026-05-01,2026-05-03,Rendimiento
TCK-01333,CLI-00431,2026-05-01,2026-05-02,Facturación
TCK-01334,CLI-00059,2026-05-02,2026-05-05,Acceso
TCK-01335,CLI-00023,2026-05-05,2026-05-11,Rendimiento
TCK-01336,CLI-00039,2026-05-05,2026-05-10,Consulta
TCK-01337,CLI-00104,2026-05-05,2026-05-12,Consulta
TCK-01338,CLI-00468,2026-05-05,2026-05-09,Consulta
TCK-01339,CLI-00501,2026-05-05,2026-05-05,Consulta
TCK-01340,CLI-00073,2026-05-06,2026-05-06,Facturación
TCK-01341,CLI-00206,2026-05-07,2026-05-13,Rendimiento
TCK-01342,CLI-00257,2026-05-07,2026-05-12,Facturación
TCK-01343,CLI-00425,2026-05-07,2026-05-10,Acceso
TCK-01344,CLI-00437,2026-05-07,2026-05-13,Acceso
TCK-01345,CLI-00096,2026-05-08,2026-05-09,Bug
TCK-01346,CLI-00340,2026-05-10,2026-05-10,Rendimiento
TCK-01347,CLI-00501,2026-05-10,2026-05-16,Bug
TCK-01348,CLI-00425,2026-05-11,2026-05-17,Consulta
TCK-01349,CLI-00358,2026-05-12,2026-05-14,Consulta
TCK-01350,CLI-00084,2026-05-14,2026-05-14,Bug
TCK-01351,CLI-00315,2026-05-14,2026-05-14,Facturación
TCK-01352,CLI-00354,2026-05-14,2026-05-15,Facturación
TCK-01353,CLI-00226,2026-05-15,2026-05-18,Rendimiento
TCK-01354,CLI-00070,2026-05-17,2026-05-24,Acceso
TCK-01355,CLI-00503,2026-05-17,2026-05-24,Rendimiento
TCK-01356,CLI-00505,2026-05-17,2026-05-24,Rendimiento
TCK-01357,CLI-00070,2026-05-18,2026-05-22,Facturación
TCK-01358,CLI-00043,2026-05-19,2026-05-25,Acceso
TCK-01359,CLI-00163,2026-05-19,2026-05-26,Consulta
TCK-01360,CLI-00218,2026-05-19,2026-05-25,Rendimiento
TCK-01361,CLI-00006,2026-05-20,2026-05-21,Consulta
TCK-01362,CLI-00043,2026-05-20,2026-05-23,Rendimiento
TCK-01363,CLI-00398,2026-05-20,2026-05-22,Facturación
TCK-01364,CLI-00250,2026-05-21,2026-05-26,Rendimiento
TCK-01365,CLI-00433,2026-05-21,2026-05-26,Facturación
TCK-01366,CLI-00043,2026-05-22,2026-05-29,Facturación
TCK-01367,CLI-00023,2026-05-23,2026-05-30,Bug
TCK-01368,CLI-00039,2026-05-23,2026-05-30,Bug
TCK-01369,CLI-00228,2026-05-23,2026-05-24,Consulta
TCK-01370,CLI-00257,2026-05-23,2026-05-23,Rendimiento
TCK-01371,CLI-00501,2026-05-23,2026-05-25,Acceso
TCK-01372,CLI-00055,2026-05-24,2026-05-29,Consulta
TCK-01373,CLI-00131,2026-05-24,2026-05-30,Bug
TCK-01374,CLI-00241,2026-05-24,2026-05-29,Acceso
TCK-01375,CLI-00289,2026-05-24,2026-05-30,Acceso
TCK-01376,CLI-00023,2026-05-26,2026-05-29,Consulta
TCK-01377,CLI-00139,2026-05-26,2026-05-30,Facturación
TCK-01378,CLI-00250,2026-05-26,2026-06-01,Facturación
TCK-01379,CLI-00460,2026-05-26,2026-06-01,Facturación
TCK-01380,CLI-00415,2026-05-27,2026-06-02,Acceso
TCK-01381,CLI-00139,2026-05-28,2026-05-30,Facturación
TCK-01382,CLI-00272,2026-05-28,2026-05-28,Facturación
TCK-01383,CLI-00027,2026-06-01,2026-06-02,Bug
TCK-01384,CLI-00492,2026-06-01,2026-06-05,Facturación
TCK-01385,CLI-00060,2026-06-02,2026-06-08,Consulta
TCK-01386,CLI-00394,2026-06-02,2026-06-08,Facturación
TCK-01387,CLI-00084,2026-06-03,2026-06-10,Consulta
TCK-01388,CLI-00191,2026-06-04,2026-06-10,Rendimiento
TCK-01389,CLI-00226,2026-06-04,2026-06-09,Bug
TCK-01390,CLI-00431,2026-06-04,2026-06-10,Consulta
TCK-01391,CLI-00488,2026-06-05,2026-06-08,Facturación
TCK-01392,CLI-00145,2026-06-06,2026-06-07,Facturación
TCK-01393,CLI-00153,2026-06-06,2026-06-12,Consulta
TCK-01394,CLI-00290,2026-06-06,2026-06-09,Consulta
TCK-01395,CLI-00290,2026-06-06,2026-06-10,Consulta
TCK-01396,CLI-00367,2026-06-06,2026-06-13,Facturación
TCK-01397,CLI-00203,2026-06-07,2026-06-13,Bug
TCK-01398,CLI-00271,2026-06-07,2026-06-08,Rendimiento
TCK-01399,CLI-00172,2026-06-08,2026-06-14,Bug
TCK-01400,CLI-00367,2026-06-08,2026-06-09,Facturación
TCK-01401,CLI-00437,2026-06-08,2026-06-09,Consulta
TCK-01402,CLI-00104,2026-06-09,2026-06-14,Bug
TCK-01403,CLI-00045,2026-06-10,2026-06-11,Rendimiento
TCK-01404,CLI-00414,2026-06-10,2026-06-16,Acceso
TCK-01405,CLI-00431,2026-06-10,2026-06-11,Facturación
TCK-01406,CLI-00488,2026-06-10,2026-06-15,Acceso
TCK-01407,CLI-00004,2026-06-11,2026-06-13,Facturación
TCK-01408,CLI-00051,2026-06-11,2026-06-16,Bug
TCK-01409,CLI-00066,2026-06-11,2026-06-12,Rendimiento
TCK-01410,CLI-00088,2026-06-11,2026-06-14,Facturación
TCK-01411,CLI-00153,2026-06-11,2026-06-14,Consulta
TCK-01412,CLI-00333,2026-06-11,2026-06-18,Consulta
TCK-01413,CLI-00384,2026-06-12,2026-06-12,Consulta
TCK-01414,CLI-00039,2026-06-13,2026-06-20,Acceso
TCK-01415,CLI-00123,2026-06-14,2026-06-15,Bug
TCK-01416,CLI-00123,2026-06-14,2026-06-20,Consulta
TCK-01417,CLI-00144,2026-06-14,2026-06-16,Facturación
TCK-01418,CLI-00256,2026-06-14,2026-06-19,Bug
TCK-01419,CLI-00290,2026-06-14,2026-06-19,Bug
TCK-01420,CLI-00394,2026-06-14,2026-06-18,Bug
TCK-01421,CLI-00151,2026-06-15,2026-06-21,Acceso
TCK-01422,CLI-00367,2026-06-15,2026-06-20,Rendimiento
TCK-01423,CLI-00496,2026-06-15,2026-06-16,Rendimiento
TCK-01424,CLI-00148,2026-06-16,2026-06-22,Consulta
TCK-01425,CLI-00170,2026-06-17,2026-06-21,Consulta
TCK-01426,CLI-00503,2026-06-17,2026-06-24,Rendimiento
TCK-01427,CLI-00179,2026-06-18,2026-06-21,Consulta
TCK-01428,CLI-00381,2026-06-18,2026-06-23,Facturación
TCK-01429,CLI-00384,2026-06-18,2026-06-19,Rendimiento
TCK-01430,CLI-00394,2026-06-18,2026-06-25,Acceso
TCK-01431,CLI-00077,2026-06-19,2026-06-23,Bug
TCK-01432,CLI-00228,2026-06-19,2026-06-24,Rendimiento
TCK-01433,CLI-00226,2026-06-20,2026-06-26,Acceso
TCK-01434,CLI-00247,2026-06-20,2026-06-23,Rendimiento
TCK-01435,CLI-00039,2026-06-21,2026-06-24,Facturación
TCK-01436,CLI-00088,2026-06-21,2026-06-25,Acceso
TCK-01437,CLI-00163,2026-06-21,2026-06-24,Bug
TCK-01438,CLI-00505,2026-06-21,2026-06-27,Acceso
TCK-01439,CLI-00088,2026-06-22,2026-06-22,Consulta
TCK-01440,CLI-00189,2026-06-22,2026-06-25,Acceso
TCK-01441,CLI-00228,2026-06-22,2026-06-22,Bug
TCK-01442,CLI-00435,2026-06-22,2026-06-22,Consulta
TCK-01443,CLI-00503,2026-06-22,2026-06-29,Bug
TCK-01444,CLI-00027,2026-06-23,2026-06-26,Rendimiento
TCK-01445,CLI-00029,2026-06-23,2026-06-30,Consulta
TCK-01446,CLI-00115,2026-06-24,2026-06-30,Facturación
TCK-01447,CLI-00115,2026-06-24,2026-06-26,Bug
TCK-01448,CLI-00289,2026-06-24,2026-06-29,Consulta
TCK-01449,CLI-00437,2026-06-24,2026-06-30,Bug
TCK-01450,CLI-00458,2026-06-24,2026-06-30,Rendimiento
TCK-01451,CLI-00153,2026-06-25,2026-06-25,Bug
TCK-01452,CLI-00226,2026-06-25,2026-06-27,Acceso
TCK-01453,CLI-00172,2026-06-26,2026-06-26,Rendimiento
TCK-01454,CLI-00060,2026-06-28,2026-07-01,Bug
TCK-01455,CLI-00106,2026-06-28,2026-07-02,Acceso
TCK-01456,CLI-00492,2026-06-28,2026-06-29,Facturación
TCK-01457,CLI-00496,2026-06-28,2026-06-30,Consulta
TCK-01458,CLI-00496,2026-06-28,2026-07-05,Rendimiento
TCK-01459,CLI-00290,2026-07-01,2026-07-05,Acceso
TCK-01460,CLI-00347,2026-07-01,2026-07-02,Rendimiento
TCK-01461,CLI-00148,2026-07-02,2026-07-04,Bug
TCK-01462,CLI-00175,2026-07-02,2026-07-06,Bug
TCK-01463,CLI-00179,2026-07-02,2026-07-06,Acceso
TCK-01464,CLI-00411,2026-07-02,2026-07-09,Consulta
TCK-01465,CLI-00128,2026-07-03,2026-07-10,Consulta
TCK-01466,CLI-00211,2026-07-03,2026-07-05,Consulta
TCK-01467,CLI-00225,2026-07-03,2026-07-03,Bug
TCK-01468,CLI-00034,2026-07-04,2026-07-09,Acceso
TCK-01469,CLI-00151,2026-07-04,2026-07-11,Facturación
TCK-01470,CLI-00228,2026-07-04,2026-07-05,Bug
TCK-01471,CLI-00041,2026-07-05,2026-07-12,Acceso
TCK-01472,CLI-00290,2026-07-05,2026-07-05,Facturación
TCK-01473,CLI-00341,2026-07-05,2026-07-09,Facturación
TCK-01474,CLI-00433,2026-07-05,2026-07-11,Bug
TCK-01475,CLI-00052,2026-07-06,2026-07-11,Consulta
TCK-01476,CLI-00115,2026-07-08,2026-07-09,Acceso
TCK-01477,CLI-00130,2026-07-08,2026-07-11,Rendimiento
TCK-01478,CLI-00341,2026-07-08,2026-07-13,Acceso
TCK-01479,CLI-00106,2026-07-09,2026-07-13,Acceso
TCK-01480,CLI-00238,2026-07-09,2026-07-13,Rendimiento
TCK-01481,CLI-00200,2026-07-10,2026-07-16,Acceso
TCK-01482,CLI-00433,2026-07-10,2026-07-15,Rendimiento
TCK-01483,CLI-00148,2026-07-11,2026-07-16,Acceso
TCK-01484,CLI-00404,2026-07-11,2026-07-16,Consulta
TCK-01485,CLI-00034,2026-07-12,2026-07-18,Consulta
TCK-01486,CLI-00195,2026-07-12,2026-07-15,Bug
TCK-01487,CLI-00228,2026-07-12,2026-07-19,Bug
TCK-01488,CLI-00145,2026-07-13,2026-07-13,Rendimiento
TCK-01489,CLI-00325,2026-07-13,2026-07-13,Acceso
TCK-01490,CLI-00416,2026-07-13,2026-07-19,Consulta
TCK-01491,CLI-00108,2026-07-14,2026-07-17,Facturación
TCK-01492,CLI-00151,2026-07-14,2026-07-19,Acceso
TCK-01493,CLI-00279,2026-07-14,2026-07-15,Facturación
TCK-01494,CLI-00034,2026-07-15,2026-07-16,Bug
TCK-01495,CLI-00151,2026-07-15,2026-07-18,Facturación
TCK-01496,CLI-00272,2026-07-15,2026-07-18,Facturación
TCK-01497,CLI-00384,2026-07-15,2026-07-18,Bug
TCK-01498,CLI-00117,2026-07-16,2026-07-17,Bug
TCK-01499,CLI-00043,2026-07-17,2026-07-24,Consulta
TCK-01500,CLI-00145,2026-07-17,2026-07-19,Rendimiento
TCK-01501,CLI-00416,2026-07-17,2026-07-24,Rendimiento
TCK-01502,CLI-00275,2026-07-18,2026-07-21,Rendimiento
TCK-01503,CLI-00404,2026-07-19,2026-07-25,Consulta
TCK-01504,CLI-00410,2026-07-19,2026-07-22,Consulta
TCK-01505,CLI-00130,2026-07-20,2026-07-24,Rendimiento
TCK-01506,CLI-00435,2026-07-20,2026-07-26,Acceso
TCK-01507,CLI-00148,2026-07-21,2026-07-27,Consulta
TCK-01508,CLI-00443,2026-07-21,2026-07-28,Facturación
TCK-01509,CLI-00475,2026-07-21,2026-07-26,Consulta
TCK-01510,CLI-00043,2026-07-22,2026-07-28,Acceso
TCK-01511,CLI-00051,2026-07-22,2026-07-23,Rendimiento
TCK-01512,CLI-00066,2026-07-22,2026-07-24,Rendimiento
TCK-01513,CLI-00411,2026-07-22,2026-07-29,Bug
TCK-01514,CLI-00027,2026-07-23,2026-07-26,Facturación
TCK-01515,CLI-00204,2026-07-23,2026-07-28,Rendimiento
TCK-01516,CLI-00279,2026-07-23,2026-07-30,Acceso
TCK-01517,CLI-00325,2026-07-23,2026-07-24,Acceso
TCK-01518,CLI-00341,2026-07-23,2026-07-28,Consulta
TCK-01519,CLI-00468,2026-07-23,2026-07-24,Facturación
TCK-01520,CLI-00139,2026-07-24,2026-07-25,Rendimiento
TCK-01521,CLI-00228,2026-07-24,2026-07-27,Acceso
TCK-01522,CLI-00265,2026-07-24,2026-07-29,Rendimiento
TCK-01523,CLI-00108,2026-07-25,2026-07-30,Bug
TCK-01524,CLI-00317,2026-07-27,2026-07-27,Consulta
TCK-01525,CLI-00128,2026-07-28,2026-08-04,Bug
TCK-01526,CLI-00130,2026-07-28,2026-07-28,Rendimiento
TCK-01527,CLI-00275,2026-07-28,2026-08-03,Consulta
TCK-01528,CLI-00393,2026-07-28,2026-08-03,Rendimiento
TCK-01529,CLI-00492,2026-07-28,2026-08-01,Bug
TCK-01530,CLI-00505,2026-07-28,2026-08-01,Acceso
TCK-01531,CLI-00211,2026-08-01,2026-08-03,Bug
TCK-01532,CLI-00399,2026-08-01,2026-08-06,Consulta
TCK-01533,CLI-00041,2026-08-02,2026-08-07,Acceso
TCK-01534,CLI-00437,2026-08-02,2026-08-08,Consulta
TCK-01535,CLI-00468,2026-08-02,2026-08-09,Consulta
TCK-01536,CLI-00256,2026-08-03,2026-08-04,Consulta
TCK-01537,CLI-00505,2026-08-03,2026-08-08,Acceso
TCK-01538,CLI-00241,2026-08-05,2026-08-12,Acceso
TCK-01539,CLI-00046,2026-08-07,2026-08-13,Bug
TCK-01540,CLI-00173,2026-08-07,2026-08-14,Facturación
TCK-01541,CLI-00164,2026-08-08,2026-08-13,Bug
TCK-01542,CLI-00369,2026-08-08,2026-08-08,Facturación
TCK-01543,CLI-00195,2026-08-09,2026-08-14,Bug
TCK-01544,CLI-00235,2026-08-09,2026-08-09,Acceso
TCK-01545,CLI-00265,2026-08-09,2026-08-10,Bug
TCK-01546,CLI-00333,2026-08-09,2026-08-12,Facturación
TCK-01547,CLI-00485,2026-08-10,2026-08-17,Rendimiento
TCK-01548,CLI-00250,2026-08-11,2026-08-12,Consulta
TCK-01549,CLI-00376,2026-08-11,2026-08-16,Consulta
TCK-01550,CLI-00460,2026-08-11,2026-08-18,Facturación
TCK-01551,CLI-00265,2026-08-12,2026-08-16,Consulta
TCK-01552,CLI-00059,2026-08-13,2026-08-18,Rendimiento
TCK-01553,CLI-00203,2026-08-13,2026-08-16,Acceso
TCK-01554,CLI-00345,2026-08-13,2026-08-18,Rendimiento
TCK-01555,CLI-00035,2026-08-14,2026-08-19,Bug
TCK-01556,CLI-00275,2026-08-14,2026-08-19,Acceso
TCK-01557,CLI-00035,2026-08-15,2026-08-22,Acceso
TCK-01558,CLI-00218,2026-08-15,2026-08-15,Acceso
TCK-01559,CLI-00240,2026-08-15,2026-08-18,Facturación
TCK-01560,CLI-00350,2026-08-15,2026-08-20,Rendimiento
TCK-01561,CLI-00060,2026-08-16,2026-08-22,Facturación
TCK-01562,CLI-00404,2026-08-16,2026-08-16,Facturación
TCK-01563,CLI-00381,2026-08-17,2026-08-24,Rendimiento
TCK-01564,CLI-00457,2026-08-17,2026-08-22,Acceso
TCK-01565,CLI-00484,2026-08-17,2026-08-24,Facturación
TCK-01566,CLI-00452,2026-08-18,2026-08-23,Acceso
TCK-01567,CLI-00170,2026-08-19,2026-08-24,Acceso
TCK-01568,CLI-00206,2026-08-19,2026-08-22,Consulta
TCK-01569,CLI-00235,2026-08-19,2026-08-22,Bug
TCK-01570,CLI-00428,2026-08-19,2026-08-26,Bug
TCK-01571,CLI-00003,2026-08-20,2026-08-20,Consulta
TCK-01572,CLI-00250,2026-08-20,2026-08-22,Facturación
TCK-01573,CLI-00404,2026-08-20,2026-08-22,Rendimiento
TCK-01574,CLI-00247,2026-08-21,2026-08-21,Rendimiento
TCK-01575,CLI-00455,2026-08-21,2026-08-27,Acceso
TCK-01576,CLI-00211,2026-08-22,2026-08-27,Facturación
TCK-01577,CLI-00211,2026-08-22,2026-08-22,Acceso
TCK-01578,CLI-00060,2026-08-23,2026-08-29,Consulta
TCK-01579,CLI-00104,2026-08-23,2026-08-24,Acceso
TCK-01580,CLI-00179,2026-08-23,2026-08-23,Bug
TCK-01581,CLI-00164,2026-08-24,2026-08-31,Facturación
TCK-01582,CLI-00195,2026-08-24,2026-08-30,Acceso
TCK-01583,CLI-00344,2026-08-24,2026-08-29,Rendimiento
TCK-01584,CLI-00488,2026-08-24,2026-08-29,Consulta
TCK-01585,CLI-00142,2026-08-25,2026-08-29,Acceso
TCK-01586,CLI-00501,2026-08-25,2026-08-25,Acceso
TCK-01587,CLI-00503,2026-08-25,2026-08-28,Acceso
TCK-01588,CLI-00344,2026-08-26,2026-09-02,Facturación
TCK-01589,CLI-00164,2026-08-27,2026-09-01,Acceso
TCK-01590,CLI-00170,2026-08-27,2026-08-28,Acceso
TCK-01591,CLI-00235,2026-08-27,2026-08-29,Bug
TCK-01592,CLI-00333,2026-08-27,2026-08-31,Bug
TCK-01593,CLI-00376,2026-08-27,2026-08-29,Facturación
TCK-01594,CLI-00084,2026-08-28,2026-09-02,Consulta
TCK-01595,CLI-00248,2026-08-28,2026-08-31,Bug
TCK-01596,CLI-00250,2026-08-28,2026-08-30,Facturación
