objeto,tipo,capa,dominio,grupo,materializacion,relacion,contrato_enforced,tiene_descripcion,columnas,columnas_con_descripcion,tests,tests_pass,tests_warn,tests_fail,n_upstream,n_downstream,n_downstream_transitivo,dashboards_impactados,sistemas_origen,upstream,downstream,archivo
ads.marketing_gasto,source,bronze,marketing,ads,source,raw.marketing_gasto,no,sí,3,0,2,2,0,0,0,1,23,01 03 05 06 07 08 09 10,,,stg_ads__marketing_gasto,models/staging/ads/_ads__sources.yml
crm.cancelacion,source,bronze,cliente,crm,source,raw.cancelacion,no,sí,3,0,2,2,0,0,0,1,8,04 09,,,stg_crm__cancelacion,models/staging/crm/_crm__sources.yml
crm.crm_cliente,source,bronze,core,crm,source,raw.crm_cliente,no,sí,12,6,0,0,0,0,0,4,42,01 03 04 05 06 07 08 09 10 12 13,,,dq_regla dq_resultado_regla dq_scorecard_tabla stg_crm__cliente,models/staging/crm/_crm__sources.yml
crm.crm_equipo,source,bronze,core,crm,source,raw.crm_equipo,no,sí,2,0,2,2,0,0,0,1,23,01 02 03 05 06 07 09 10,,,stg_crm__equipo,models/staging/crm/_crm__sources.yml
crm.crm_meta_venta,source,bronze,ventas,crm,source,raw.crm_meta_venta,no,sí,2,0,2,2,0,0,0,1,3,01,,,stg_crm__meta_venta,models/staging/crm/_crm__sources.yml
crm.crm_oportunidad_evento,source,bronze,ventas,crm,source,raw.crm_oportunidad_evento,no,sí,5,0,4,4,0,0,0,1,3,02,,,stg_crm__oportunidad_evento,models/staging/crm/_crm__sources.yml
crm.crm_vendedor,source,bronze,core,crm,source,raw.crm_vendedor,no,sí,3,1,5,5,0,0,0,1,20,01 02 03 05 06 07 09 10,,,stg_crm__vendedor,models/staging/crm/_crm__sources.yml
encuestas.encuesta_nps,source,bronze,cliente,encuestas,source,raw.encuesta_nps,no,sí,5,0,4,4,0,0,0,1,5,03 12,,,stg_encuestas__encuesta_nps,models/staging/encuestas/_encuestas__sources.yml
erp.calendario,source,bronze,core,erp,source,raw.calendario,no,sí,8,1,0,0,0,0,0,4,8,13,,,dq_regla dq_resultado_regla dq_scorecard_tabla stg_erp__calendario,models/staging/erp/_erp__sources.yml
erp.factura_linea,source,bronze,finanzas,erp,source,raw.factura_linea,no,sí,10,4,0,0,0,0,0,4,31,01 03 05 06 07 08 09 10 13,,,dq_regla dq_resultado_regla dq_scorecard_tabla stg_erp__factura_linea,models/staging/erp/_erp__sources.yml
erp.pago,source,bronze,finanzas,erp,source,raw.pago,no,sí,5,0,4,4,0,0,0,1,4,08,,,stg_erp__pago,models/staging/erp/_erp__sources.yml
erp.producto,source,bronze,core,erp,source,raw.producto,no,sí,9,2,0,0,0,0,0,4,33,01 03 05 06 07 08 09 10 13,,,dq_regla dq_resultado_regla dq_scorecard_tabla stg_erp__producto,models/staging/erp/_erp__sources.yml
erp.suscripcion_cargo,source,bronze,finanzas,erp,source,raw.suscripcion_cargo,no,sí,3,0,3,3,0,0,0,1,5,04,,,stg_erp__suscripcion_cargo,models/staging/erp/_erp__sources.yml
helpdesk.ticket_soporte,source,bronze,cliente,helpdesk,source,raw.ticket_soporte,no,sí,5,0,4,4,0,0,0,1,5,04,,,stg_helpdesk__ticket_soporte,models/staging/helpdesk/_helpdesk__sources.yml
pos.pedido_linea,source,bronze,ventas,pos,source,raw.pedido_linea,no,sí,10,2,0,0,0,0,0,1,24,01 03 05 06 07 08 09 10,,,stg_pos__pedido_linea,models/staging/pos/_pos__sources.yml
producto_analytics.evento_actividad,source,bronze,cliente,producto_analytics,source,raw.evento_actividad,no,sí,5,0,5,5,0,0,0,1,5,04,,,stg_producto_analytics__evento_actividad,models/staging/producto_analytics/_producto_analytics__sources.yml
scorecard.kpi_captura_manual,source,bronze,scorecard,scorecard,source,raw.kpi_captura_manual,no,sí,7,0,2,2,0,0,0,1,6,03,,,stg_scorecard__kpi_captura_manual,models/staging/scorecard/_scorecard__sources.yml
scorecard.kpi_meta,source,bronze,scorecard,scorecard,source,raw.kpi_meta,no,sí,2,0,2,2,0,0,0,1,3,03,,,stg_scorecard__kpi_meta,models/staging/scorecard/_scorecard__sources.yml
sucursales.pedido_sucursal_cdmx,source,bronze,sucursales,sucursales,source,raw.pedido_sucursal_cdmx,no,sí,3,0,0,0,0,0,0,1,10,03 11,,,stg_sucursales__cdmx,models/staging/sucursales/_sucursales__sources.yml
sucursales.pedido_sucursal_guadalajara,source,bronze,sucursales,sucursales,source,raw.pedido_sucursal_guadalajara,no,sí,3,0,0,0,0,0,0,1,10,03 11,,,stg_sucursales__guadalajara,models/staging/sucursales/_sucursales__sources.yml
sucursales.pedido_sucursal_monterrey,source,bronze,sucursales,sucursales,source,raw.pedido_sucursal_monterrey,no,sí,3,0,0,0,0,0,0,1,10,03 11,,,stg_sucursales__monterrey,models/staging/sucursales/_sucursales__sources.yml
wms.inventario_snapshot,source,bronze,inventario,wms,source,raw.inventario_snapshot,no,sí,4,0,3,3,0,0,0,1,4,07,,,stg_wms__inventario_snapshot,models/staging/wms/_wms__sources.yml
stg_ads__marketing_gasto,model,staging,marketing,ads,view,staging.stg_ads__marketing_gasto,no,sí,3,0,1,1,0,0,1,2,22,01 03 05 06 07 08 09 10,ads,ads.marketing_gasto,dim_canal fct_marketing_gasto,models/staging/ads/stg_ads__marketing_gasto.sql
stg_crm__cancelacion,model,staging,cliente,crm,view,staging.stg_crm__cancelacion,no,sí,3,0,1,1,0,0,1,1,7,04 09,crm,crm.cancelacion,fct_cancelacion,models/staging/crm/stg_crm__cancelacion.sql
stg_crm__cliente,model,staging,core,crm,view,staging.stg_crm__cliente,no,sí,11,1,1,1,0,0,1,4,34,01 03 04 05 06 07 08 09 10 12,crm,crm.crm_cliente,dim_canal dim_cliente dim_region int_factura_linea_validada,models/staging/crm/stg_crm__cliente.sql
stg_crm__equipo,model,staging,core,crm,view,staging.stg_crm__equipo,no,sí,2,0,2,2,0,0,1,1,22,01 02 03 05 06 07 09 10,crm,crm.crm_equipo,dim_equipo,models/staging/crm/stg_crm__equipo.sql
stg_crm__meta_venta,model,staging,ventas,crm,view,staging.stg_crm__meta_venta,no,sí,2,0,1,1,0,0,1,1,2,01,crm,crm.crm_meta_venta,fct_meta_venta,models/staging/crm/stg_crm__meta_venta.sql
stg_crm__oportunidad_evento,model,staging,ventas,crm,view,staging.stg_crm__oportunidad_evento,no,sí,5,0,1,1,0,0,1,1,2,02,crm,crm.crm_oportunidad_evento,fct_oportunidad_evento,models/staging/crm/stg_crm__oportunidad_evento.sql
stg_crm__vendedor,model,staging,core,crm,view,staging.stg_crm__vendedor,no,sí,3,0,2,2,0,0,1,1,19,01 02 03 05 06 07 09 10,crm,crm.crm_vendedor,dim_vendedor,models/staging/crm/stg_crm__vendedor.sql
stg_encuestas__encuesta_nps,model,staging,cliente,encuestas,view,staging.stg_encuestas__encuesta_nps,no,sí,5,0,1,1,0,0,1,1,4,03 12,encuestas,encuestas.encuesta_nps,fct_encuesta_nps,models/staging/encuestas/stg_encuestas__encuesta_nps.sql
stg_erp__calendario,model,staging,core,erp,view,staging.stg_erp__calendario,no,sí,7,0,2,2,0,0,1,0,0,,erp,erp.calendario,,models/staging/erp/stg_erp__calendario.sql
stg_erp__factura_linea,model,staging,finanzas,erp,view,staging.stg_erp__factura_linea,no,sí,10,0,5,2,3,0,1,2,23,01 03 05 06 07 08 09 10,erp,erp.factura_linea,dim_canal int_factura_linea_validada,models/staging/erp/stg_erp__factura_linea.sql
stg_erp__pago,model,staging,finanzas,erp,view,staging.stg_erp__pago,no,sí,5,0,1,1,0,0,1,1,3,08,erp,erp.pago,fct_pago,models/staging/erp/stg_erp__pago.sql
stg_erp__producto,model,staging,core,erp,view,staging.stg_erp__producto,no,sí,8,0,1,1,0,0,1,1,25,01 03 05 06 07 08 09 10,erp,erp.producto,int_producto_depurado,models/staging/erp/stg_erp__producto.sql
stg_erp__suscripcion_cargo,model,staging,finanzas,erp,view,staging.stg_erp__suscripcion_cargo,no,sí,4,0,1,1,0,0,1,1,4,04,erp,erp.suscripcion_cargo,fct_suscripcion_cargo,models/staging/erp/stg_erp__suscripcion_cargo.sql
stg_helpdesk__ticket_soporte,model,staging,cliente,helpdesk,view,staging.stg_helpdesk__ticket_soporte,no,sí,5,0,1,1,0,0,1,1,4,04,helpdesk,helpdesk.ticket_soporte,fct_ticket_soporte,models/staging/helpdesk/stg_helpdesk__ticket_soporte.sql
stg_pos__pedido_linea,model,staging,ventas,pos,view,staging.stg_pos__pedido_linea,no,sí,10,0,7,7,0,0,1,2,23,01 03 05 06 07 08 09 10,pos,pos.pedido_linea,dim_canal int_pedidos_enriquecidos,models/staging/pos/stg_pos__pedido_linea.sql
stg_producto_analytics__evento_actividad,model,staging,cliente,producto_analytics,view,staging.stg_producto_analytics__evento_actividad,no,sí,5,0,1,1,0,0,1,1,4,04,producto_analytics,producto_analytics.evento_actividad,fct_evento_actividad,models/staging/producto_analytics/stg_producto_analytics__evento_actividad.sql
stg_scorecard__kpi_captura_manual,model,staging,scorecard,scorecard,view,staging.stg_scorecard__kpi_captura_manual,no,sí,8,0,1,1,0,0,1,2,5,03,scorecard,scorecard.kpi_captura_manual,dim_kpi fct_kpi_manual,models/staging/scorecard/stg_scorecard__kpi_captura_manual.sql
stg_scorecard__kpi_meta,model,staging,scorecard,scorecard,view,staging.stg_scorecard__kpi_meta,no,sí,2,0,1,1,0,0,1,1,2,03,scorecard,scorecard.kpi_meta,fct_kpi_meta,models/staging/scorecard/stg_scorecard__kpi_meta.sql
stg_sucursales__cdmx,model,staging,sucursales,sucursales,view,staging.stg_sucursales__cdmx,no,sí,5,0,1,1,0,0,1,3,9,03 11,sucursales,sucursales.pedido_sucursal_cdmx,dim_sucursal int_ventas_sucursal_pendiente int_ventas_sucursal_unificada,models/staging/sucursales/stg_sucursales__cdmx.sql
stg_sucursales__guadalajara,model,staging,sucursales,sucursales,view,staging.stg_sucursales__guadalajara,no,sí,5,0,1,1,0,0,1,3,9,03 11,sucursales,sucursales.pedido_sucursal_guadalajara,dim_sucursal int_ventas_sucursal_pendiente int_ventas_sucursal_unificada,models/staging/sucursales/stg_sucursales__guadalajara.sql
stg_sucursales__monterrey,model,staging,sucursales,sucursales,view,staging.stg_sucursales__monterrey,no,sí,5,0,1,1,0,0,1,3,9,03 11,sucursales,sucursales.pedido_sucursal_monterrey,dim_sucursal int_ventas_sucursal_pendiente int_ventas_sucursal_unificada,models/staging/sucursales/stg_sucursales__monterrey.sql
stg_wms__inventario_snapshot,model,staging,inventario,wms,view,staging.stg_wms__inventario_snapshot,no,sí,4,0,1,1,0,0,1,1,3,07,wms,wms.inventario_snapshot,fct_inventario_snapshot,models/staging/wms/stg_wms__inventario_snapshot.sql
int_canal_mes_metricas,model,intermediate,marketing,,view,intermediate.int_canal_mes_metricas,no,no,7,0,0,0,0,0,6,2,2,09,ads crm erp pos,dim_canal dim_cliente dim_mes fct_cancelacion fct_marketing_gasto fct_pedido,fct_canal_roi rpt_marketing_canales,models/intermediate/int_canal_mes_metricas.sql
int_factura_linea_validada,model,intermediate,finanzas,,view,intermediate.int_factura_linea_validada,no,sí,11,1,2,2,0,0,3,1,4,08,crm erp,int_producto_depurado stg_crm__cliente stg_erp__factura_linea,fct_factura,models/intermediate/int_factura_linea_validada.sql
int_pedidos_enriquecidos,model,intermediate,ventas,,view,intermediate.int_pedidos_enriquecidos,no,sí,14,0,3,3,0,0,2,1,16,01 03 05 06 07 09 10,erp pos,int_producto_depurado stg_pos__pedido_linea,fct_pedido,models/intermediate/int_pedidos_enriquecidos.sql
int_producto_depurado,model,intermediate,core,,view,intermediate.int_producto_depurado,no,sí,8,0,3,3,0,0,1,3,24,01 03 05 06 07 08 09 10,erp,stg_erp__producto,dim_producto int_factura_linea_validada int_pedidos_enriquecidos,models/intermediate/int_producto_depurado.sql
int_ventas_sucursal_pendiente,model,intermediate,sucursales,,view,intermediate.int_ventas_sucursal_pendiente,no,sí,4,0,0,0,0,0,3,1,2,11,sucursales,stg_sucursales__cdmx stg_sucursales__guadalajara stg_sucursales__monterrey,fct_venta_sucursal_pendiente_revision,models/intermediate/int_ventas_sucursal_pendiente.sql
int_ventas_sucursal_unificada,model,intermediate,sucursales,,view,intermediate.int_ventas_sucursal_unificada,no,sí,6,0,1,1,0,0,3,1,4,03 11,sucursales,stg_sucursales__cdmx stg_sucursales__guadalajara stg_sucursales__monterrey,fct_venta_sucursal,models/intermediate/int_ventas_sucursal_unificada.sql
fct_cancelacion,model,marts,cliente,cliente,table,marts.fct_cancelacion,no,sí,3,0,3,3,0,0,2,2,6,04 09,crm,dim_cliente stg_crm__cancelacion,fct_cliente_features_churn int_canal_mes_metricas,models/marts/cliente/fct_cancelacion.sql
fct_cliente_churn_score,model,marts,cliente,cliente,table,marts.fct_cliente_churn_score,no,sí,4,0,5,5,0,0,1,0,0,,crm erp helpdesk producto_analytics,fct_cliente_features_churn,,models/marts/cliente/fct_cliente_churn_score.sql
fct_cliente_features_churn,model,marts,cliente,cliente,table,marts.fct_cliente_features_churn,no,sí,10,0,7,7,0,0,5,2,2,04,crm erp helpdesk producto_analytics,dim_cliente fct_cancelacion fct_evento_actividad fct_suscripcion_cargo fct_ticket_soporte,fct_cliente_churn_score rpt_clientes_churn,models/marts/cliente/fct_cliente_features_churn.sql
fct_encuesta_nps,model,marts,cliente,cliente,table,marts.fct_encuesta_nps,no,sí,7,1,11,11,0,0,2,2,3,03 12,crm encuestas,dim_cliente stg_encuestas__encuesta_nps,rpt_encuestas_nps rpt_kpi_historico,models/marts/cliente/fct_encuesta_nps.sql
fct_evento_actividad,model,marts,cliente,cliente,table,marts.fct_evento_actividad,no,sí,6,0,9,9,0,0,2,1,3,04,crm producto_analytics,dim_cliente stg_producto_analytics__evento_actividad,fct_cliente_features_churn,models/marts/cliente/fct_evento_actividad.sql
fct_ticket_soporte,model,marts,cliente,cliente,table,marts.fct_ticket_soporte,no,sí,6,0,5,5,0,0,2,1,3,04,crm helpdesk,dim_cliente stg_helpdesk__ticket_soporte,fct_cliente_features_churn,models/marts/cliente/fct_ticket_soporte.sql
dim_canal,model,marts,core,core,table,marts.dim_canal,no,sí,3,1,6,6,0,0,4,5,21,01 03 05 06 07 08 09 10,ads crm erp pos,stg_ads__marketing_gasto stg_crm__cliente stg_erp__factura_linea stg_pos__pedido_linea,fct_factura fct_marketing_gasto fct_pedido int_canal_mes_metricas rpt_marketing_canales,models/marts/core/dim_canal.sql
dim_cliente,model,marts,core,core,table,marts.dim_cliente,no,sí,12,3,10,10,0,0,2,13,29,01 03 04 05 06 07 08 09 10 12,crm,dim_region stg_crm__cliente,fct_cancelacion fct_cliente_features_churn fct_encuesta_nps fct_evento_actividad fct_factura fct_pedido fct_suscripcion_cargo fct_ticket_soporte int_canal_mes_metricas rpt_clientes_churn rpt_facturas rpt_kpi_historico rpt_transacciones_ejecutivo,models/marts/core/dim_cliente.sql
dim_equipo,model,marts,core,core,table,marts.dim_equipo,no,sí,3,0,6,6,0,0,1,3,21,01 02 03 05 06 07 09 10,crm,stg_crm__equipo,dim_vendedor fct_meta_venta rpt_metas_mensuales,models/marts/core/dim_equipo.sql
dim_fecha,model,marts,core,core,table,marts.dim_fecha,no,sí,11,1,4,4,0,0,0,5,13,02 03 06 07 09,,,dim_mes dim_semana fct_producto_elasticidad fct_producto_forecast rpt_demanda_diaria,models/marts/core/dim_fecha.sql
dim_kpi,model,marts,core,core,table,marts.dim_kpi,no,sí,6,0,5,5,0,0,1,4,4,03,scorecard,stg_scorecard__kpi_captura_manual,fct_kpi_manual fct_kpi_meta rpt_kpi_historico rpt_scorecard,models/marts/core/dim_kpi.sql
dim_mes,model,marts,core,core,table,marts.dim_mes,no,sí,4,0,3,3,0,0,1,3,5,03 09,,dim_fecha,int_canal_mes_metricas rpt_kpi_historico rpt_marketing_canales,models/marts/core/dim_mes.sql
dim_producto,model,marts,core,core,table,marts.dim_producto,no,sí,9,2,8,8,0,0,1,9,21,01 03 05 06 07 08 09 10,erp,int_producto_depurado,fct_factura fct_inventario_snapshot fct_pedido fct_producto_forecast fct_subcategoria_tendencia rpt_demanda_diaria rpt_inventario_actual rpt_precio_demanda rpt_transacciones_ejecutivo,models/marts/core/dim_producto.sql
dim_region,model,marts,core,core,table,marts.dim_region,no,sí,2,0,4,4,0,0,1,2,30,01 03 04 05 06 07 08 09 10 12,crm,stg_crm__cliente,dim_cliente rpt_transacciones_ejecutivo,models/marts/core/dim_region.sql
dim_semana,model,marts,core,core,table,marts.dim_semana,no,sí,5,0,5,5,0,0,1,2,2,02 06,,dim_fecha,rpt_funnel_semanal rpt_precio_demanda,models/marts/core/dim_semana.sql
dim_sucursal,model,marts,core,core,table,marts.dim_sucursal,no,sí,3,1,4,4,0,0,3,4,6,03 11,sucursales,stg_sucursales__cdmx stg_sucursales__guadalajara stg_sucursales__monterrey,fct_venta_sucursal fct_venta_sucursal_pendiente_revision rpt_fuente_unica rpt_revision_manual_monto_faltante,models/marts/core/dim_sucursal.sql
dim_vendedor,model,marts,core,core,table,marts.dim_vendedor,no,sí,6,1,7,7,0,0,2,3,18,01 02 03 05 06 07 09 10,crm,dim_equipo stg_crm__vendedor,fct_oportunidad_evento fct_pedido rpt_ventas_diarias,models/marts/core/dim_vendedor.sql
fct_cliente_pago_segmento,model,marts,finanzas,finanzas,table,marts.fct_cliente_pago_segmento,no,sí,3,0,6,6,0,0,2,0,0,,ads crm erp pos,fct_factura fct_pago,,models/marts/finanzas/fct_cliente_pago_segmento.sql
fct_factura,model,marts,finanzas,finanzas,table,marts.fct_factura,no,sí,10,2,13,13,0,0,4,3,3,08,ads crm erp pos,dim_canal dim_cliente dim_producto int_factura_linea_validada,fct_cliente_pago_segmento fct_pago rpt_facturas,models/marts/finanzas/fct_factura.sql
fct_pago,model,marts,finanzas,finanzas,table,marts.fct_pago,no,sí,6,0,7,7,0,0,2,2,2,08,ads crm erp pos,fct_factura stg_erp__pago,fct_cliente_pago_segmento rpt_facturas,models/marts/finanzas/fct_pago.sql
fct_suscripcion_cargo,model,marts,finanzas,finanzas,table,marts.fct_suscripcion_cargo,no,sí,3,0,7,7,0,0,2,1,3,04,crm erp,dim_cliente stg_erp__suscripcion_cargo,fct_cliente_features_churn,models/marts/finanzas/fct_suscripcion_cargo.sql
fct_inventario_snapshot,model,marts,inventario,inventario,table,marts.fct_inventario_snapshot,no,sí,4,0,6,6,0,0,2,2,2,07,erp wms,dim_producto stg_wms__inventario_snapshot,fct_producto_forecast rpt_inventario_actual,models/marts/inventario/fct_inventario_snapshot.sql
fct_producto_forecast,model,marts,inventario,inventario,table,marts.fct_producto_forecast,no,sí,9,0,10,10,0,0,4,1,1,07,ads crm erp pos wms,dim_fecha dim_producto fct_inventario_snapshot fct_pedido,rpt_inventario_actual,models/marts/inventario/fct_producto_forecast.sql
fct_canal_roi,model,marts,marketing,marketing,table,marts.fct_canal_roi,no,sí,7,0,12,12,0,0,1,0,0,,ads crm erp pos,int_canal_mes_metricas,,models/marts/marketing/fct_canal_roi.sql
fct_marketing_gasto,model,marts,marketing,marketing,table,marts.fct_marketing_gasto,no,sí,3,0,7,7,0,0,2,1,3,09,ads crm erp pos,dim_canal stg_ads__marketing_gasto,int_canal_mes_metricas,models/marts/marketing/fct_marketing_gasto.sql
fct_kpi_manual,model,marts,scorecard,scorecard,table,marts.fct_kpi_manual,no,sí,3,0,6,6,0,0,2,1,2,03,scorecard,dim_kpi stg_scorecard__kpi_captura_manual,rpt_kpi_historico,models/marts/scorecard/fct_kpi_manual.sql
fct_kpi_meta,model,marts,scorecard,scorecard,table,marts.fct_kpi_meta,no,sí,2,0,4,4,0,0,2,1,1,03,scorecard,dim_kpi stg_scorecard__kpi_meta,rpt_scorecard,models/marts/scorecard/fct_kpi_meta.sql
fct_venta_sucursal,model,marts,sucursales,sucursales,table,marts.fct_venta_sucursal,no,sí,6,0,6,6,0,0,2,2,3,03 11,sucursales,dim_sucursal int_ventas_sucursal_unificada,rpt_fuente_unica rpt_kpi_historico,models/marts/sucursales/fct_venta_sucursal.sql
fct_venta_sucursal_pendiente_revision,model,marts,sucursales,sucursales,table,marts.fct_venta_sucursal_pendiente_revision,no,sí,5,0,5,5,0,0,2,1,1,11,sucursales,dim_sucursal int_ventas_sucursal_pendiente,rpt_revision_manual_monto_faltante,models/marts/sucursales/fct_venta_sucursal_pendiente_revision.sql
fct_cliente_rfm_score,model,marts,ventas,ventas,table,marts.fct_cliente_rfm_score,no,sí,6,0,8,8,0,0,1,0,0,,ads crm erp pos,fct_pedido,,models/marts/ventas/fct_cliente_rfm_score.sql
fct_meta_venta,model,marts,ventas,ventas,table,marts.fct_meta_venta,no,sí,2,0,5,5,0,0,2,1,1,01,crm,dim_equipo stg_crm__meta_venta,rpt_metas_mensuales,models/marts/ventas/fct_meta_venta.sql
fct_oportunidad_evento,model,marts,ventas,ventas,table,marts.fct_oportunidad_evento,no,sí,6,0,6,6,0,0,2,1,1,02,crm,dim_vendedor stg_crm__oportunidad_evento,rpt_funnel_semanal,models/marts/ventas/fct_oportunidad_evento.sql
fct_pedido,model,marts,ventas,ventas,incremental,marts.fct_pedido,no,sí,18,2,15,15,0,0,5,11,15,01 03 05 06 07 09 10,ads crm erp pos,dim_canal dim_cliente dim_producto dim_vendedor int_pedidos_enriquecidos,fct_cliente_rfm_score fct_producto_elasticidad fct_producto_forecast fct_subcategoria_tendencia int_canal_mes_metricas rpt_demanda_diaria rpt_kpi_historico rpt_precio_demanda rpt_transacciones rpt_transacciones_ejecutivo rpt_ventas_diarias,models/marts/ventas/fct_pedido.sql
fct_producto_elasticidad,model,marts,ventas,ventas,table,marts.fct_producto_elasticidad,no,sí,6,0,6,6,0,0,2,0,0,,ads crm erp pos,dim_fecha fct_pedido,,models/marts/ventas/fct_producto_elasticidad.sql
fct_subcategoria_tendencia,model,marts,ventas,ventas,table,marts.fct_subcategoria_tendencia,no,sí,8,0,6,6,0,0,2,0,0,,ads crm erp pos,dim_producto fct_pedido,,models/marts/ventas/fct_subcategoria_tendencia.sql
batch_ingesta,model,meta,calidad,,incremental,meta.batch_ingesta,no,sí,4,0,5,5,0,0,0,1,6,13,,,dq_resultado_regla,models/meta/batch_ingesta.sql
dq_plan_remediacion,model,meta,calidad,,incremental,meta.dq_plan_remediacion,no,sí,10,0,8,8,0,0,2,1,1,13,crm erp,dq_regla dq_resultado_regla,rpt_plan_remediacion,models/meta/dq_plan_remediacion.sql
dq_regla,model,meta,calidad,,table,meta.dq_regla,no,sí,11,0,9,9,0,0,4,6,6,13,crm erp,crm.crm_cliente erp.calendario erp.factura_linea erp.producto,dq_plan_remediacion dq_resultado_regla dq_scorecard_tabla rpt_plan_remediacion rpt_reglas_validacion rpt_scorecard_calidad_tablas,models/meta/dq_regla.sql
dq_resultado_regla,model,meta,calidad,,incremental,meta.dq_resultado_regla,no,sí,8,0,10,10,0,0,6,3,5,13,crm erp,batch_ingesta crm.crm_cliente dq_regla erp.calendario erp.factura_linea erp.producto,dq_plan_remediacion dq_scorecard_tabla rpt_reglas_validacion,models/meta/dq_resultado_regla.sql
dq_scorecard_tabla,model,meta,calidad,,incremental,meta.dq_scorecard_tabla,no,sí,11,0,7,7,0,0,6,3,3,13,crm erp,crm.crm_cliente dq_regla dq_resultado_regla erp.calendario erp.factura_linea erp.producto,rpt_plan_remediacion rpt_reglas_validacion rpt_scorecard_calidad_tablas,models/meta/dq_scorecard_tabla.sql
rpt_metas_mensuales,model,gold,ventas,01_ventas_por_equipo,table,gold.rpt_metas_mensuales,sí,sí,2,0,3,3,0,0,2,0,0,01,crm,dim_equipo fct_meta_venta,,models/gold/01_ventas_por_equipo/rpt_metas_mensuales.sql
rpt_ventas_diarias,model,gold,ventas,01_ventas_por_equipo,table,gold.rpt_ventas_diarias,sí,sí,5,0,4,4,0,0,2,0,0,01,ads crm erp pos,dim_vendedor fct_pedido,,models/gold/01_ventas_por_equipo/rpt_ventas_diarias.sql
rpt_funnel_semanal,model,gold,ventas,02_funnel_fuga,table,gold.rpt_funnel_semanal,sí,sí,6,0,4,4,0,0,2,0,0,02,crm,dim_semana fct_oportunidad_evento,,models/gold/02_funnel_fuga/rpt_funnel_semanal.sql
rpt_kpi_historico,model,gold,scorecard,03_scorecard,table,gold.rpt_kpi_historico,sí,sí,4,0,2,2,0,0,7,1,1,03,ads crm encuestas erp pos scorecard sucursales,dim_cliente dim_kpi dim_mes fct_encuesta_nps fct_kpi_manual fct_pedido fct_venta_sucursal,rpt_scorecard,models/gold/03_scorecard/rpt_kpi_historico.sql
rpt_scorecard,model,gold,scorecard,03_scorecard,table,gold.rpt_scorecard,sí,sí,7,0,5,5,0,0,3,0,0,03,ads crm encuestas erp pos scorecard sucursales,dim_kpi fct_kpi_meta rpt_kpi_historico,,models/gold/03_scorecard/rpt_scorecard.sql
rpt_clientes_churn,model,gold,cliente,04_churn,table,gold.rpt_clientes_churn,sí,sí,9,0,6,6,0,0,2,0,0,04,crm erp helpdesk producto_analytics,dim_cliente fct_cliente_features_churn,,models/gold/04_churn/rpt_clientes_churn.sql
rpt_transacciones,model,gold,cliente,05_rfm,table,gold.rpt_transacciones,sí,sí,3,0,3,3,0,0,1,0,0,05,ads crm erp pos,fct_pedido,,models/gold/05_rfm/rpt_transacciones.sql
rpt_precio_demanda,model,gold,ventas,06_elasticidad,table,gold.rpt_precio_demanda,sí,sí,4,0,5,5,0,0,3,0,0,06,ads crm erp pos,dim_producto dim_semana fct_pedido,,models/gold/06_elasticidad/rpt_precio_demanda.sql
rpt_demanda_diaria,model,gold,inventario,07_forecast_inventario,table,gold.rpt_demanda_diaria,sí,sí,7,0,3,3,0,0,3,0,0,07,ads crm erp pos,dim_fecha dim_producto fct_pedido,,models/gold/07_forecast_inventario/rpt_demanda_diaria.sql
rpt_inventario_actual,model,gold,inventario,07_forecast_inventario,table,gold.rpt_inventario_actual,sí,sí,8,0,5,5,0,0,3,0,0,07,ads crm erp pos wms,dim_producto fct_inventario_snapshot fct_producto_forecast,,models/gold/07_forecast_inventario/rpt_inventario_actual.sql
rpt_facturas,model,gold,finanzas,08_flujo_caja,table,gold.rpt_facturas,sí,sí,7,0,6,6,0,0,3,0,0,08,ads crm erp pos,dim_cliente fct_factura fct_pago,,models/gold/08_flujo_caja/rpt_facturas.sql
rpt_marketing_canales,model,gold,marketing,09_roi_marketing,table,gold.rpt_marketing_canales,sí,sí,7,0,3,3,0,0,3,0,0,09,ads crm erp pos,dim_canal dim_mes int_canal_mes_metricas,,models/gold/09_roi_marketing/rpt_marketing_canales.sql
rpt_transacciones_ejecutivo,model,gold,ventas,10_reporte_ejecutivo,table,gold.rpt_transacciones_ejecutivo,sí,sí,7,0,2,2,0,0,4,0,0,10,ads crm erp pos,dim_cliente dim_producto dim_region fct_pedido,,models/gold/10_reporte_ejecutivo/rpt_transacciones_ejecutivo.sql
rpt_fuente_unica,model,gold,sucursales,11_fuente_unica,table,gold.rpt_fuente_unica,sí,sí,4,0,2,2,0,0,2,0,0,11,sucursales,dim_sucursal fct_venta_sucursal,,models/gold/11_fuente_unica/rpt_fuente_unica.sql
rpt_revision_manual_monto_faltante,model,gold,sucursales,11_fuente_unica,table,gold.rpt_revision_manual_monto_faltante,sí,sí,4,0,1,1,0,0,2,0,0,11,sucursales,dim_sucursal fct_venta_sucursal_pendiente_revision,,models/gold/11_fuente_unica/rpt_revision_manual_monto_faltante.sql
rpt_encuestas_nps,model,gold,cliente,12_nps,table,gold.rpt_encuestas_nps,sí,sí,5,0,5,5,0,0,1,0,0,12,crm encuestas,fct_encuesta_nps,,models/gold/12_nps/rpt_encuestas_nps.sql
rpt_plan_remediacion,model,gold,calidad,13_data_health,table,gold.rpt_plan_remediacion,sí,sí,9,0,4,4,0,0,3,0,0,13,crm erp,dq_plan_remediacion dq_regla dq_scorecard_tabla,,models/gold/13_data_health/rpt_plan_remediacion.sql
rpt_reglas_validacion,model,gold,calidad,13_data_health,table,gold.rpt_reglas_validacion,sí,sí,11,0,3,3,0,0,3,0,0,13,crm erp,dq_regla dq_resultado_regla dq_scorecard_tabla,,models/gold/13_data_health/rpt_reglas_validacion.sql
rpt_scorecard_calidad_tablas,model,gold,calidad,13_data_health,table,gold.rpt_scorecard_calidad_tablas,sí,sí,7,0,4,4,0,0,2,0,0,13,crm erp,dq_regla dq_scorecard_tabla,,models/gold/13_data_health/rpt_scorecard_calidad_tablas.sql
