fecha,sucursal,monto_mxn,fuente
2026-06-01,CDMX,530.03,export_cdmx.csv
2026-06-01,CDMX,1326.53,export_cdmx.csv
2026-06-01,CDMX,422.17,export_cdmx.csv
2026-06-01,CDMX,765.74,export_cdmx.csv
2026-06-01,CDMX,2168.5,export_cdmx.csv
2026-06-01,CDMX,542.36,export_cdmx.csv
2026-06-01,CDMX,250.84,export_cdmx.csv
2026-06-01,Guadalajara,371.86,export_guadalajara.csv
2026-06-01,Guadalajara,1155.13,export_guadalajara.csv
2026-06-01,Guadalajara,1134.74,export_guadalajara.csv
2026-06-01,Monterrey,820.68,export_monterrey.csv
2026-06-02,CDMX,991.87,export_cdmx.csv
2026-06-02,CDMX,489.33,export_cdmx.csv
2026-06-02,CDMX,669.36,export_cdmx.csv
2026-06-02,CDMX,835.39,export_cdmx.csv
2026-06-02,CDMX,436.68,export_cdmx.csv
2026-06-02,CDMX,1267.55,export_cdmx.csv
2026-06-02,CDMX,517.77,export_cdmx.csv
2026-06-02,CDMX,207.72,export_cdmx.csv
2026-06-02,Guadalajara,234.09,export_guadalajara.csv
2026-06-02,Monterrey,1976.08,export_monterrey.csv
2026-06-02,Monterrey,937.86,export_monterrey.csv
2026-06-03,CDMX,1030.82,export_cdmx.csv
2026-06-03,CDMX,1297.18,export_cdmx.csv
2026-06-03,CDMX,660.85,export_cdmx.csv
2026-06-03,CDMX,1602.61,export_cdmx.csv
2026-06-03,CDMX,792.67,export_cdmx.csv
2026-06-03,Guadalajara,908.19,export_guadalajara.csv
2026-06-03,Guadalajara,629.15,export_guadalajara.csv
2026-06-03,Guadalajara,841.43,export_guadalajara.csv
2026-06-03,Guadalajara,200.0,export_guadalajara.csv
2026-06-03,Monterrey,529.55,export_monterrey.csv
2026-06-03,Monterrey,1120.15,export_monterrey.csv
2026-06-03,Monterrey,1196.65,export_monterrey.csv
2026-06-03,Monterrey,310.54,export_monterrey.csv
2026-06-04,CDMX,403.17,export_cdmx.csv
2026-06-04,CDMX,348.71,export_cdmx.csv
2026-06-04,CDMX,1775.32,export_cdmx.csv
2026-06-04,CDMX,724.02,export_cdmx.csv
2026-06-04,CDMX,923.76,export_cdmx.csv
2026-06-04,CDMX,994.25,export_cdmx.csv
2026-06-04,CDMX,907.48,export_cdmx.csv
2026-06-04,CDMX,1643.13,export_cdmx.csv
2026-06-04,CDMX,698.81,export_cdmx.csv
2026-06-04,Guadalajara,1035.14,export_guadalajara.csv
2026-06-04,Guadalajara,843.67,export_guadalajara.csv
2026-06-04,Monterrey,523.23,export_monterrey.csv
2026-06-04,Monterrey,327.16,export_monterrey.csv
2026-06-04,Monterrey,273.81,export_monterrey.csv
2026-06-04,Monterrey,200.0,export_monterrey.csv
2026-06-05,CDMX,4990.67,export_cdmx.csv
2026-06-05,CDMX,661.79,export_cdmx.csv
2026-06-05,CDMX,1425.97,export_cdmx.csv
2026-06-05,CDMX,539.97,export_cdmx.csv
2026-06-05,CDMX,762.56,export_cdmx.csv
2026-06-05,CDMX,1286.48,export_cdmx.csv
2026-06-05,CDMX,1292.89,export_cdmx.csv
2026-06-05,Guadalajara,903.86,export_guadalajara.csv
2026-06-05,Monterrey,2412.54,export_monterrey.csv
2026-06-05,Monterrey,204.37,export_monterrey.csv
2026-06-05,Monterrey,2061.68,export_monterrey.csv
2026-06-05,Monterrey,288.04,export_monterrey.csv
2026-06-05,Monterrey,837.22,export_monterrey.csv
2026-06-05,Monterrey,755.07,export_monterrey.csv
2026-06-06,CDMX,418.03,export_cdmx.csv
2026-06-06,CDMX,326.94,export_cdmx.csv
2026-06-06,CDMX,823.69,export_cdmx.csv
2026-06-06,CDMX,562.0,export_cdmx.csv
2026-06-06,CDMX,1594.9,export_cdmx.csv
2026-06-06,CDMX,818.39,export_cdmx.csv
2026-06-06,CDMX,860.48,export_cdmx.csv
2026-06-06,CDMX,743.75,export_cdmx.csv
2026-06-06,Guadalajara,1110.74,export_guadalajara.csv
2026-06-06,Guadalajara,1406.17,export_guadalajara.csv
2026-06-06,Guadalajara,1284.71,export_guadalajara.csv
2026-06-06,Monterrey,792.05,export_monterrey.csv
2026-06-06,Monterrey,1456.82,export_monterrey.csv
2026-06-06,Monterrey,464.73,export_monterrey.csv
2026-06-07,CDMX,1292.38,export_cdmx.csv
2026-06-07,CDMX,2432.37,export_cdmx.csv
2026-06-07,CDMX,306.13,export_cdmx.csv
2026-06-07,CDMX,1018.41,export_cdmx.csv
2026-06-07,CDMX,768.23,export_cdmx.csv
2026-06-07,CDMX,716.72,export_cdmx.csv
2026-06-07,Guadalajara,945.24,export_guadalajara.csv
2026-06-07,Monterrey,718.37,export_monterrey.csv
2026-06-07,Monterrey,879.55,export_monterrey.csv
2026-06-07,Monterrey,252.94,export_monterrey.csv
2026-06-08,CDMX,913.77,export_cdmx.csv
2026-06-08,CDMX,782.63,export_cdmx.csv
2026-06-08,CDMX,1271.47,export_cdmx.csv
2026-06-08,CDMX,1119.35,export_cdmx.csv
2026-06-08,CDMX,235.6,export_cdmx.csv
2026-06-08,CDMX,388.01,export_cdmx.csv
2026-06-08,CDMX,1595.43,export_cdmx.csv
2026-06-08,CDMX,1271.89,export_cdmx.csv
2026-06-08,CDMX,526.99,export_cdmx.csv
2026-06-08,CDMX,414.53,export_cdmx.csv
2026-06-08,CDMX,1048.51,export_cdmx.csv
2026-06-08,Guadalajara,1235.98,export_guadalajara.csv
2026-06-08,Guadalajara,2136.49,export_guadalajara.csv
2026-06-08,Monterrey,1415.88,export_monterrey.csv
2026-06-08,Monterrey,1610.48,export_monterrey.csv
2026-06-08,Monterrey,1373.95,export_monterrey.csv
2026-06-08,Monterrey,411.15,export_monterrey.csv
2026-06-09,CDMX,200.0,export_cdmx.csv
2026-06-09,CDMX,221.09,export_cdmx.csv
2026-06-09,CDMX,527.95,export_cdmx.csv
2026-06-09,CDMX,508.54,export_cdmx.csv
2026-06-09,CDMX,968.29,export_cdmx.csv
2026-06-09,Guadalajara,741.88,export_guadalajara.csv
2026-06-09,Guadalajara,420.1,export_guadalajara.csv
2026-06-09,Monterrey,543.44,export_monterrey.csv
2026-06-09,Monterrey,1274.0,export_monterrey.csv
2026-06-10,CDMX,397.92,export_cdmx.csv
2026-06-10,CDMX,248.82,export_cdmx.csv
2026-06-10,CDMX,351.93,export_cdmx.csv
2026-06-10,CDMX,321.93,export_cdmx.csv
2026-06-10,CDMX,200.0,export_cdmx.csv
2026-06-10,CDMX,1254.16,export_cdmx.csv
2026-06-10,CDMX,1284.4,export_cdmx.csv
2026-06-10,CDMX,1370.89,export_cdmx.csv
2026-06-10,Guadalajara,495.94,export_guadalajara.csv
2026-06-10,Guadalajara,794.49,export_guadalajara.csv
2026-06-10,Monterrey,704.17,export_monterrey.csv
2026-06-10,Monterrey,1237.84,export_monterrey.csv
2026-06-10,Monterrey,407.23,export_monterrey.csv
2026-06-11,CDMX,609.07,export_cdmx.csv
2026-06-11,CDMX,891.79,export_cdmx.csv
2026-06-11,CDMX,1325.14,export_cdmx.csv
2026-06-11,CDMX,200.0,export_cdmx.csv
2026-06-11,CDMX,1499.51,export_cdmx.csv
2026-06-11,CDMX,468.1,export_cdmx.csv
2026-06-11,CDMX,923.04,export_cdmx.csv
2026-06-11,CDMX,587.39,export_cdmx.csv
2026-06-11,Guadalajara,707.7,export_guadalajara.csv
2026-06-11,Guadalajara,576.05,export_guadalajara.csv
2026-06-11,Guadalajara,2333.76,export_guadalajara.csv
2026-06-11,Monterrey,1115.8,export_monterrey.csv
2026-06-12,CDMX,1051.36,export_cdmx.csv
2026-06-12,CDMX,1774.81,export_cdmx.csv
2026-06-12,CDMX,2316.19,export_cdmx.csv
2026-06-12,CDMX,200.0,export_cdmx.csv
2026-06-12,CDMX,1340.88,export_cdmx.csv
2026-06-12,CDMX,794.07,export_cdmx.csv
2026-06-12,CDMX,1682.03,export_cdmx.csv
2026-06-12,Guadalajara,200.0,export_guadalajara.csv
2026-06-12,Guadalajara,1395.33,export_guadalajara.csv
2026-06-12,Guadalajara,894.27,export_guadalajara.csv
2026-06-12,Guadalajara,720.25,export_guadalajara.csv
2026-06-12,Guadalajara,1890.24,export_guadalajara.csv
2026-06-12,Monterrey,3900.28,export_monterrey.csv
2026-06-12,Monterrey,475.85,export_monterrey.csv
2026-06-12,Monterrey,1283.42,export_monterrey.csv
2026-06-12,Monterrey,200.0,export_monterrey.csv
2026-06-12,Monterrey,1662.48,export_monterrey.csv
2026-06-12,Monterrey,639.56,export_monterrey.csv
2026-06-13,CDMX,904.61,export_cdmx.csv
2026-06-13,CDMX,666.11,export_cdmx.csv
2026-06-13,CDMX,1117.16,export_cdmx.csv
2026-06-13,CDMX,607.36,export_cdmx.csv
2026-06-13,CDMX,496.51,export_cdmx.csv
2026-06-13,CDMX,729.15,export_cdmx.csv
2026-06-13,Guadalajara,1839.48,export_guadalajara.csv
2026-06-13,Guadalajara,1086.27,export_guadalajara.csv
2026-06-13,Guadalajara,612.83,export_guadalajara.csv
2026-06-13,Monterrey,1401.16,export_monterrey.csv
2026-06-13,Monterrey,2494.95,export_monterrey.csv
2026-06-13,Monterrey,1215.76,export_monterrey.csv
2026-06-13,Monterrey,200.0,export_monterrey.csv
2026-06-13,Monterrey,1091.91,export_monterrey.csv
2026-06-14,CDMX,577.68,export_cdmx.csv
2026-06-14,CDMX,2767.9,export_cdmx.csv
2026-06-14,CDMX,200.0,export_cdmx.csv
2026-06-14,CDMX,429.74,export_cdmx.csv
2026-06-14,CDMX,2312.26,export_cdmx.csv
2026-06-14,CDMX,737.81,export_cdmx.csv
2026-06-14,Monterrey,1377.91,export_monterrey.csv
2026-06-14,Monterrey,685.82,export_monterrey.csv
2026-06-15,CDMX,582.25,export_cdmx.csv
2026-06-15,CDMX,1403.35,export_cdmx.csv
2026-06-15,Guadalajara,944.85,export_guadalajara.csv
2026-06-15,Guadalajara,1172.68,export_guadalajara.csv
2026-06-15,Monterrey,764.38,export_monterrey.csv
2026-06-15,Monterrey,340.61,export_monterrey.csv
2026-06-15,Monterrey,823.09,export_monterrey.csv
2026-06-15,Monterrey,2142.11,export_monterrey.csv
2026-06-16,CDMX,337.05,export_cdmx.csv
2026-06-16,CDMX,340.54,export_cdmx.csv
2026-06-16,CDMX,415.92,export_cdmx.csv
2026-06-16,CDMX,1249.26,export_cdmx.csv
2026-06-16,CDMX,560.19,export_cdmx.csv
2026-06-16,CDMX,781.37,export_cdmx.csv
2026-06-16,CDMX,323.93,export_cdmx.csv
2026-06-16,CDMX,1011.57,export_cdmx.csv
2026-06-16,CDMX,2047.57,export_cdmx.csv
2026-06-16,Guadalajara,935.62,export_guadalajara.csv
2026-06-16,Guadalajara,411.77,export_guadalajara.csv
2026-06-16,Guadalajara,648.13,export_guadalajara.csv
2026-06-16,Guadalajara,1306.59,export_guadalajara.csv
2026-06-16,Guadalajara,278.52,export_guadalajara.csv
2026-06-16,Monterrey,677.43,export_monterrey.csv
2026-06-16,Monterrey,850.77,export_monterrey.csv
2026-06-16,Monterrey,575.25,export_monterrey.csv
2026-06-16,Monterrey,200.0,export_monterrey.csv
2026-06-17,CDMX,848.25,export_cdmx.csv
2026-06-17,CDMX,687.42,export_cdmx.csv
2026-06-17,CDMX,1649.57,export_cdmx.csv
2026-06-17,CDMX,200.0,export_cdmx.csv
2026-06-17,CDMX,484.87,export_cdmx.csv
2026-06-17,CDMX,1028.87,export_cdmx.csv
2026-06-17,CDMX,482.44,export_cdmx.csv
2026-06-17,Guadalajara,1169.2,export_guadalajara.csv
2026-06-17,Monterrey,948.99,export_monterrey.csv
2026-06-17,Monterrey,954.18,export_monterrey.csv
2026-06-17,Monterrey,1133.94,export_monterrey.csv
2026-06-17,Monterrey,1610.67,export_monterrey.csv
2026-06-17,Monterrey,730.73,export_monterrey.csv
2026-06-17,Monterrey,905.77,export_monterrey.csv
2026-06-17,Monterrey,200.0,export_monterrey.csv
2026-06-18,CDMX,557.07,export_cdmx.csv
2026-06-18,CDMX,200.0,export_cdmx.csv
2026-06-18,CDMX,1095.66,export_cdmx.csv
2026-06-18,CDMX,1217.29,export_cdmx.csv
2026-06-18,CDMX,742.71,export_cdmx.csv
2026-06-18,CDMX,457.6,export_cdmx.csv
2026-06-18,CDMX,1128.7,export_cdmx.csv
2026-06-18,CDMX,906.11,export_cdmx.csv
2026-06-18,Guadalajara,2642.29,export_guadalajara.csv
2026-06-18,Guadalajara,980.89,export_guadalajara.csv
2026-06-18,Guadalajara,941.84,export_guadalajara.csv
2026-06-18,Monterrey,1116.19,export_monterrey.csv
2026-06-18,Monterrey,312.55,export_monterrey.csv
2026-06-18,Monterrey,791.57,export_monterrey.csv
2026-06-18,Monterrey,600.52,export_monterrey.csv
2026-06-19,CDMX,758.31,export_cdmx.csv
2026-06-19,CDMX,321.37,export_cdmx.csv
2026-06-19,CDMX,649.41,export_cdmx.csv
2026-06-19,CDMX,1212.58,export_cdmx.csv
2026-06-19,CDMX,716.32,export_cdmx.csv
2026-06-19,CDMX,234.77,export_cdmx.csv
2026-06-19,CDMX,1067.72,export_cdmx.csv
2026-06-19,Guadalajara,200.0,export_guadalajara.csv
2026-06-19,Guadalajara,2125.76,export_guadalajara.csv
2026-06-19,Monterrey,419.48,export_monterrey.csv
2026-06-19,Monterrey,950.83,export_monterrey.csv
2026-06-19,Monterrey,956.66,export_monterrey.csv
2026-06-20,CDMX,2850.03,export_cdmx.csv
2026-06-20,CDMX,1571.4,export_cdmx.csv
2026-06-20,CDMX,207.37,export_cdmx.csv
2026-06-20,Guadalajara,607.1,export_guadalajara.csv
2026-06-20,Guadalajara,595.83,export_guadalajara.csv
2026-06-20,Guadalajara,641.89,export_guadalajara.csv
2026-06-20,Guadalajara,1091.29,export_guadalajara.csv
2026-06-20,Monterrey,1408.22,export_monterrey.csv
2026-06-20,Monterrey,794.42,export_monterrey.csv
2026-06-20,Monterrey,1661.51,export_monterrey.csv
2026-06-20,Monterrey,504.16,export_monterrey.csv
2026-06-20,Monterrey,200.0,export_monterrey.csv
2026-06-20,Monterrey,1139.25,export_monterrey.csv
2026-06-21,CDMX,1351.42,export_cdmx.csv
2026-06-21,CDMX,566.81,export_cdmx.csv
2026-06-21,CDMX,841.37,export_cdmx.csv
2026-06-21,CDMX,1354.77,export_cdmx.csv
2026-06-21,CDMX,200.0,export_cdmx.csv
2026-06-21,CDMX,1413.86,export_cdmx.csv
2026-06-21,CDMX,1211.49,export_cdmx.csv
2026-06-21,CDMX,750.18,export_cdmx.csv
2026-06-21,CDMX,682.42,export_cdmx.csv
2026-06-21,Guadalajara,903.59,export_guadalajara.csv
2026-06-21,Monterrey,1298.51,export_monterrey.csv
2026-06-21,Monterrey,1490.27,export_monterrey.csv
2026-06-21,Monterrey,352.41,export_monterrey.csv
2026-06-21,Monterrey,468.42,export_monterrey.csv
2026-06-21,Monterrey,740.23,export_monterrey.csv
2026-06-21,Monterrey,336.14,export_monterrey.csv
2026-06-21,Monterrey,1987.55,export_monterrey.csv
2026-06-21,Monterrey,991.75,export_monterrey.csv
2026-06-22,CDMX,1233.48,export_cdmx.csv
2026-06-22,CDMX,1664.9,export_cdmx.csv
2026-06-22,CDMX,1047.01,export_cdmx.csv
2026-06-22,CDMX,4299.85,export_cdmx.csv
2026-06-22,CDMX,419.09,export_cdmx.csv
2026-06-22,CDMX,1121.99,export_cdmx.csv
2026-06-22,Guadalajara,1315.64,export_guadalajara.csv
2026-06-22,Guadalajara,781.49,export_guadalajara.csv
2026-06-22,Guadalajara,1372.55,export_guadalajara.csv
2026-06-22,Guadalajara,1044.43,export_guadalajara.csv
2026-06-22,Monterrey,1975.87,export_monterrey.csv
2026-06-22,Monterrey,594.2,export_monterrey.csv
2026-06-22,Monterrey,702.5,export_monterrey.csv
2026-06-22,Monterrey,2838.36,export_monterrey.csv
2026-06-22,Monterrey,580.87,export_monterrey.csv
2026-06-22,Monterrey,870.9,export_monterrey.csv
2026-06-23,CDMX,596.52,export_cdmx.csv
2026-06-23,CDMX,850.1,export_cdmx.csv
2026-06-23,CDMX,1530.85,export_cdmx.csv
2026-06-23,CDMX,1129.44,export_cdmx.csv
2026-06-23,Guadalajara,257.2,export_guadalajara.csv
2026-06-23,Guadalajara,1141.41,export_guadalajara.csv
2026-06-23,Guadalajara,381.41,export_guadalajara.csv
2026-06-23,Guadalajara,1613.35,export_guadalajara.csv
2026-06-24,CDMX,720.97,export_cdmx.csv
2026-06-24,CDMX,965.16,export_cdmx.csv
2026-06-24,CDMX,751.73,export_cdmx.csv
2026-06-24,CDMX,1355.91,export_cdmx.csv
2026-06-24,CDMX,1525.14,export_cdmx.csv
2026-06-24,Guadalajara,894.38,export_guadalajara.csv
2026-06-24,Guadalajara,375.51,export_guadalajara.csv
2026-06-24,Guadalajara,1312.14,export_guadalajara.csv
2026-06-24,Guadalajara,1566.78,export_guadalajara.csv
2026-06-24,Monterrey,2082.33,export_monterrey.csv
2026-06-24,Monterrey,208.36,export_monterrey.csv
2026-06-24,Monterrey,491.05,export_monterrey.csv
2026-06-25,CDMX,978.06,export_cdmx.csv
2026-06-25,CDMX,975.18,export_cdmx.csv
2026-06-25,CDMX,753.36,export_cdmx.csv
2026-06-25,CDMX,2350.07,export_cdmx.csv
2026-06-25,CDMX,1157.85,export_cdmx.csv
2026-06-25,CDMX,880.83,export_cdmx.csv
2026-06-25,CDMX,757.61,export_cdmx.csv
2026-06-25,CDMX,751.08,export_cdmx.csv
2026-06-25,Guadalajara,708.38,export_guadalajara.csv
2026-06-25,Guadalajara,1681.87,export_guadalajara.csv
2026-06-25,Guadalajara,310.73,export_guadalajara.csv
2026-06-25,Guadalajara,821.96,export_guadalajara.csv
2026-06-25,Guadalajara,647.04,export_guadalajara.csv
2026-06-25,Guadalajara,515.5,export_guadalajara.csv
2026-06-25,Monterrey,530.49,export_monterrey.csv
2026-06-25,Monterrey,1709.19,export_monterrey.csv
2026-06-25,Monterrey,751.1,export_monterrey.csv
2026-06-25,Monterrey,1868.6,export_monterrey.csv
2026-06-25,Monterrey,1534.71,export_monterrey.csv
2026-06-26,CDMX,2288.62,export_cdmx.csv
2026-06-26,CDMX,200.0,export_cdmx.csv
2026-06-26,CDMX,825.46,export_cdmx.csv
2026-06-26,Guadalajara,651.55,export_guadalajara.csv
2026-06-26,Guadalajara,444.1,export_guadalajara.csv
2026-06-26,Guadalajara,1379.91,export_guadalajara.csv
2026-06-26,Guadalajara,634.3,export_guadalajara.csv
2026-06-26,Monterrey,496.68,export_monterrey.csv
2026-06-26,Monterrey,581.6,export_monterrey.csv
2026-06-26,Monterrey,952.1,export_monterrey.csv
2026-06-26,Monterrey,2251.94,export_monterrey.csv
2026-06-26,Monterrey,336.63,export_monterrey.csv
2026-06-26,Monterrey,2347.79,export_monterrey.csv
2026-06-26,Monterrey,2239.92,export_monterrey.csv
2026-06-27,CDMX,1750.01,export_cdmx.csv
2026-06-27,CDMX,1238.24,export_cdmx.csv
2026-06-27,Guadalajara,1755.99,export_guadalajara.csv
2026-06-27,Monterrey,1038.92,export_monterrey.csv
2026-06-27,Monterrey,343.72,export_monterrey.csv
2026-06-27,Monterrey,1559.93,export_monterrey.csv
2026-06-28,CDMX,1956.94,export_cdmx.csv
2026-06-28,CDMX,734.99,export_cdmx.csv
2026-06-28,Guadalajara,1912.3,export_guadalajara.csv
2026-06-28,Guadalajara,1651.85,export_guadalajara.csv
2026-06-28,Monterrey,634.95,export_monterrey.csv
2026-06-28,Monterrey,2092.39,export_monterrey.csv
2026-06-28,Monterrey,274.37,export_monterrey.csv
2026-06-28,Monterrey,301.34,export_monterrey.csv
2026-06-29,CDMX,1212.97,export_cdmx.csv
2026-06-29,CDMX,1443.54,export_cdmx.csv
2026-06-29,CDMX,1370.5,export_cdmx.csv
2026-06-29,CDMX,267.03,export_cdmx.csv
2026-06-29,CDMX,1332.65,export_cdmx.csv
2026-06-29,CDMX,540.11,export_cdmx.csv
2026-06-29,CDMX,844.42,export_cdmx.csv
2026-06-29,Guadalajara,2002.26,export_guadalajara.csv
2026-06-29,Guadalajara,748.57,export_guadalajara.csv
2026-06-29,Monterrey,701.32,export_monterrey.csv
2026-06-29,Monterrey,200.0,export_monterrey.csv
2026-06-29,Monterrey,452.33,export_monterrey.csv
2026-06-30,CDMX,792.79,export_cdmx.csv
2026-06-30,CDMX,970.58,export_cdmx.csv
2026-06-30,CDMX,562.94,export_cdmx.csv
2026-06-30,CDMX,788.66,export_cdmx.csv
2026-06-30,CDMX,1214.32,export_cdmx.csv
2026-06-30,CDMX,1087.54,export_cdmx.csv
2026-06-30,Guadalajara,560.69,export_guadalajara.csv
2026-06-30,Guadalajara,292.52,export_guadalajara.csv
2026-06-30,Guadalajara,4642.37,export_guadalajara.csv
2026-06-30,Guadalajara,1384.79,export_guadalajara.csv
2026-06-30,Monterrey,519.08,export_monterrey.csv
2026-06-30,Monterrey,2093.3,export_monterrey.csv
2026-06-30,Monterrey,573.9,export_monterrey.csv
2026-06-30,Monterrey,1911.88,export_monterrey.csv
2026-06-30,Monterrey,374.93,export_monterrey.csv
2026-07-01,CDMX,1303.54,export_cdmx.csv
2026-07-01,CDMX,896.88,export_cdmx.csv
2026-07-01,CDMX,1613.42,export_cdmx.csv
2026-07-01,CDMX,1745.96,export_cdmx.csv
2026-07-01,CDMX,1720.78,export_cdmx.csv
2026-07-01,CDMX,850.35,export_cdmx.csv
2026-07-01,Guadalajara,2009.39,export_guadalajara.csv
2026-07-01,Guadalajara,2403.8,export_guadalajara.csv
2026-07-01,Guadalajara,544.84,export_guadalajara.csv
2026-07-01,Guadalajara,200.0,export_guadalajara.csv
2026-07-01,Monterrey,570.27,export_monterrey.csv
2026-07-01,Monterrey,252.47,export_monterrey.csv
2026-07-01,Monterrey,1426.17,export_monterrey.csv
2026-07-01,Monterrey,842.7,export_monterrey.csv
2026-07-01,Monterrey,2705.28,export_monterrey.csv
2026-07-01,Monterrey,603.98,export_monterrey.csv
2026-07-01,Monterrey,1872.8,export_monterrey.csv
2026-07-01,Monterrey,1207.64,export_monterrey.csv
2026-07-02,CDMX,433.27,export_cdmx.csv
2026-07-02,CDMX,1231.71,export_cdmx.csv
2026-07-02,CDMX,788.18,export_cdmx.csv
2026-07-02,CDMX,1236.99,export_cdmx.csv
2026-07-02,CDMX,550.7,export_cdmx.csv
2026-07-02,Guadalajara,1933.76,export_guadalajara.csv
2026-07-02,Guadalajara,998.7,export_guadalajara.csv
2026-07-02,Monterrey,1258.44,export_monterrey.csv
2026-07-02,Monterrey,636.51,export_monterrey.csv
2026-07-02,Monterrey,2025.31,export_monterrey.csv
2026-07-02,Monterrey,777.6,export_monterrey.csv
2026-07-03,CDMX,1121.6,export_cdmx.csv
2026-07-03,Guadalajara,749.55,export_guadalajara.csv
2026-07-03,Guadalajara,696.38,export_guadalajara.csv
2026-07-03,Guadalajara,200.0,export_guadalajara.csv
2026-07-03,Monterrey,829.24,export_monterrey.csv
2026-07-03,Monterrey,1533.41,export_monterrey.csv
2026-07-03,Monterrey,200.0,export_monterrey.csv
2026-07-03,Monterrey,1221.03,export_monterrey.csv
2026-07-03,Monterrey,1760.6,export_monterrey.csv
2026-07-03,Monterrey,1181.68,export_monterrey.csv
2026-07-03,Monterrey,422.42,export_monterrey.csv
2026-07-03,Monterrey,994.08,export_monterrey.csv
2026-07-04,CDMX,294.75,export_cdmx.csv
2026-07-04,CDMX,248.22,export_cdmx.csv
2026-07-04,CDMX,1778.96,export_cdmx.csv
2026-07-04,CDMX,897.3,export_cdmx.csv
2026-07-04,CDMX,595.07,export_cdmx.csv
2026-07-04,Guadalajara,421.64,export_guadalajara.csv
2026-07-04,Monterrey,1033.2,export_monterrey.csv
2026-07-04,Monterrey,674.81,export_monterrey.csv
2026-07-04,Monterrey,1051.27,export_monterrey.csv
2026-07-04,Monterrey,573.68,export_monterrey.csv
2026-07-04,Monterrey,687.12,export_monterrey.csv
2026-07-04,Monterrey,1194.43,export_monterrey.csv
2026-07-05,CDMX,257.42,export_cdmx.csv
2026-07-05,CDMX,536.56,export_cdmx.csv
2026-07-05,CDMX,1751.33,export_cdmx.csv
2026-07-05,CDMX,829.14,export_cdmx.csv
2026-07-05,CDMX,312.74,export_cdmx.csv
2026-07-05,CDMX,1098.76,export_cdmx.csv
2026-07-05,Guadalajara,798.67,export_guadalajara.csv
2026-07-05,Guadalajara,624.92,export_guadalajara.csv
2026-07-05,Guadalajara,1972.15,export_guadalajara.csv
2026-07-05,Guadalajara,921.84,export_guadalajara.csv
2026-07-05,Guadalajara,1848.4,export_guadalajara.csv
2026-07-05,Monterrey,323.94,export_monterrey.csv
2026-07-05,Monterrey,1014.37,export_monterrey.csv
2026-07-05,Monterrey,1409.14,export_monterrey.csv
2026-07-05,Monterrey,856.79,export_monterrey.csv
2026-07-05,Monterrey,1240.06,export_monterrey.csv
2026-07-06,CDMX,1181.77,export_cdmx.csv
2026-07-06,CDMX,352.53,export_cdmx.csv
2026-07-06,CDMX,200.0,export_cdmx.csv
2026-07-06,CDMX,682.35,export_cdmx.csv
2026-07-06,CDMX,634.31,export_cdmx.csv
2026-07-06,CDMX,947.74,export_cdmx.csv
2026-07-06,Guadalajara,2174.68,export_guadalajara.csv
2026-07-07,CDMX,790.87,export_cdmx.csv
2026-07-07,CDMX,1960.58,export_cdmx.csv
2026-07-07,CDMX,1329.14,export_cdmx.csv
2026-07-07,CDMX,1240.79,export_cdmx.csv
2026-07-07,CDMX,803.01,export_cdmx.csv
2026-07-07,CDMX,553.02,export_cdmx.csv
2026-07-07,Guadalajara,533.69,export_guadalajara.csv
2026-07-07,Guadalajara,1079.8,export_guadalajara.csv
2026-07-07,Guadalajara,391.1,export_guadalajara.csv
2026-07-07,Monterrey,304.78,export_monterrey.csv
2026-07-07,Monterrey,2005.28,export_monterrey.csv
2026-07-07,Monterrey,1351.0,export_monterrey.csv
2026-07-07,Monterrey,1221.97,export_monterrey.csv
2026-07-07,Monterrey,577.5,export_monterrey.csv
2026-07-07,Monterrey,1788.04,export_monterrey.csv
2026-07-07,Monterrey,616.43,export_monterrey.csv
2026-07-07,Monterrey,323.19,export_monterrey.csv
2026-07-08,CDMX,2545.56,export_cdmx.csv
2026-07-08,CDMX,1400.32,export_cdmx.csv
2026-07-08,CDMX,356.98,export_cdmx.csv
2026-07-08,CDMX,966.6,export_cdmx.csv
2026-07-08,CDMX,546.08,export_cdmx.csv
2026-07-08,Guadalajara,855.87,export_guadalajara.csv
2026-07-08,Guadalajara,1922.3,export_guadalajara.csv
2026-07-08,Monterrey,1971.13,export_monterrey.csv
2026-07-08,Monterrey,2590.28,export_monterrey.csv
2026-07-09,CDMX,1521.28,export_cdmx.csv
2026-07-09,CDMX,709.37,export_cdmx.csv
2026-07-09,CDMX,1640.56,export_cdmx.csv
2026-07-09,CDMX,553.25,export_cdmx.csv
2026-07-09,CDMX,1159.31,export_cdmx.csv
2026-07-09,Monterrey,871.4,export_monterrey.csv
2026-07-10,CDMX,2277.9,export_cdmx.csv
2026-07-10,CDMX,871.24,export_cdmx.csv
2026-07-10,CDMX,559.16,export_cdmx.csv
2026-07-10,Guadalajara,1428.8,export_guadalajara.csv
2026-07-10,Monterrey,832.32,export_monterrey.csv
2026-07-10,Monterrey,1344.41,export_monterrey.csv
2026-07-10,Monterrey,929.14,export_monterrey.csv
2026-07-11,CDMX,1770.94,export_cdmx.csv
2026-07-11,CDMX,1025.92,export_cdmx.csv
2026-07-11,CDMX,833.84,export_cdmx.csv
2026-07-11,CDMX,350.47,export_cdmx.csv
2026-07-11,CDMX,384.65,export_cdmx.csv
2026-07-11,CDMX,400.83,export_cdmx.csv
2026-07-11,Guadalajara,604.35,export_guadalajara.csv
2026-07-11,Guadalajara,778.94,export_guadalajara.csv
2026-07-11,Guadalajara,361.46,export_guadalajara.csv
2026-07-11,Guadalajara,200.0,export_guadalajara.csv
2026-07-11,Monterrey,200.0,export_monterrey.csv
2026-07-11,Monterrey,1263.4,export_monterrey.csv
2026-07-11,Monterrey,464.02,export_monterrey.csv
2026-07-12,CDMX,939.87,export_cdmx.csv
2026-07-12,CDMX,1175.76,export_cdmx.csv
2026-07-12,CDMX,1242.84,export_cdmx.csv
2026-07-12,CDMX,200.0,export_cdmx.csv
2026-07-12,CDMX,1808.73,export_cdmx.csv
2026-07-12,Guadalajara,638.99,export_guadalajara.csv
2026-07-12,Guadalajara,572.63,export_guadalajara.csv
2026-07-12,Guadalajara,677.4,export_guadalajara.csv
2026-07-12,Guadalajara,2915.58,export_guadalajara.csv
2026-07-12,Monterrey,521.44,export_monterrey.csv
2026-07-12,Monterrey,1134.63,export_monterrey.csv
2026-07-12,Monterrey,952.01,export_monterrey.csv
2026-07-12,Monterrey,777.51,export_monterrey.csv
2026-07-12,Monterrey,1273.05,export_monterrey.csv
2026-07-13,CDMX,405.49,export_cdmx.csv
2026-07-13,CDMX,269.6,export_cdmx.csv
2026-07-13,CDMX,646.33,export_cdmx.csv
2026-07-13,CDMX,407.32,export_cdmx.csv
2026-07-13,CDMX,3554.91,export_cdmx.csv
2026-07-13,CDMX,868.82,export_cdmx.csv
2026-07-13,CDMX,914.28,export_cdmx.csv
2026-07-13,Guadalajara,725.26,export_guadalajara.csv
2026-07-13,Guadalajara,200.0,export_guadalajara.csv
2026-07-13,Guadalajara,632.9,export_guadalajara.csv
2026-07-13,Monterrey,736.99,export_monterrey.csv
2026-07-13,Monterrey,767.15,export_monterrey.csv
2026-07-13,Monterrey,797.12,export_monterrey.csv
2026-07-13,Monterrey,3077.73,export_monterrey.csv
2026-07-13,Monterrey,1949.45,export_monterrey.csv
2026-07-13,Monterrey,898.55,export_monterrey.csv
2026-07-14,CDMX,916.07,export_cdmx.csv
2026-07-14,CDMX,2520.03,export_cdmx.csv
2026-07-14,CDMX,702.67,export_cdmx.csv
2026-07-14,CDMX,1045.31,export_cdmx.csv
2026-07-14,Guadalajara,1687.12,export_guadalajara.csv
2026-07-14,Guadalajara,688.55,export_guadalajara.csv
2026-07-14,Monterrey,1062.16,export_monterrey.csv
2026-07-14,Monterrey,930.26,export_monterrey.csv
2026-07-14,Monterrey,965.7,export_monterrey.csv
2026-07-14,Monterrey,2082.66,export_monterrey.csv
2026-07-14,Monterrey,496.78,export_monterrey.csv
2026-07-14,Monterrey,4163.05,export_monterrey.csv
2026-07-15,CDMX,272.89,export_cdmx.csv
2026-07-15,CDMX,721.04,export_cdmx.csv
2026-07-15,CDMX,1458.29,export_cdmx.csv
2026-07-15,CDMX,455.6,export_cdmx.csv
2026-07-15,Guadalajara,364.67,export_guadalajara.csv
2026-07-15,Guadalajara,922.68,export_guadalajara.csv
2026-07-15,Guadalajara,463.88,export_guadalajara.csv
2026-07-15,Monterrey,723.13,export_monterrey.csv
2026-07-15,Monterrey,1470.64,export_monterrey.csv
2026-07-15,Monterrey,493.01,export_monterrey.csv
2026-07-16,CDMX,392.37,export_cdmx.csv
2026-07-16,CDMX,1429.8,export_cdmx.csv
2026-07-16,CDMX,582.52,export_cdmx.csv
2026-07-16,CDMX,509.25,export_cdmx.csv
2026-07-16,CDMX,481.74,export_cdmx.csv
2026-07-16,Guadalajara,228.86,export_guadalajara.csv
2026-07-16,Guadalajara,589.23,export_guadalajara.csv
2026-07-16,Guadalajara,1110.23,export_guadalajara.csv
2026-07-16,Guadalajara,1303.98,export_guadalajara.csv
2026-07-16,Monterrey,1177.44,export_monterrey.csv
2026-07-16,Monterrey,445.16,export_monterrey.csv
2026-07-16,Monterrey,542.58,export_monterrey.csv
2026-07-17,CDMX,397.59,export_cdmx.csv
2026-07-17,CDMX,720.93,export_cdmx.csv
2026-07-17,Guadalajara,2439.69,export_guadalajara.csv
2026-07-17,Guadalajara,401.5,export_guadalajara.csv
2026-07-17,Guadalajara,616.51,export_guadalajara.csv
2026-07-17,Monterrey,1672.0,export_monterrey.csv
2026-07-17,Monterrey,688.61,export_monterrey.csv
2026-07-17,Monterrey,838.63,export_monterrey.csv
2026-07-17,Monterrey,439.8,export_monterrey.csv
2026-07-17,Monterrey,864.17,export_monterrey.csv
2026-07-18,CDMX,504.38,export_cdmx.csv
2026-07-18,CDMX,285.44,export_cdmx.csv
2026-07-18,CDMX,206.36,export_cdmx.csv
2026-07-18,CDMX,529.8,export_cdmx.csv
2026-07-18,CDMX,681.45,export_cdmx.csv
2026-07-18,Guadalajara,393.26,export_guadalajara.csv
2026-07-18,Monterrey,1128.05,export_monterrey.csv
2026-07-18,Monterrey,1682.75,export_monterrey.csv
2026-07-19,CDMX,1202.81,export_cdmx.csv
2026-07-19,CDMX,1417.63,export_cdmx.csv
2026-07-19,CDMX,443.81,export_cdmx.csv
2026-07-19,CDMX,541.09,export_cdmx.csv
2026-07-19,CDMX,1510.38,export_cdmx.csv
2026-07-19,CDMX,348.45,export_cdmx.csv
2026-07-19,Guadalajara,268.55,export_guadalajara.csv
2026-07-19,Guadalajara,1016.94,export_guadalajara.csv
2026-07-19,Guadalajara,730.13,export_guadalajara.csv
2026-07-19,Monterrey,372.31,export_monterrey.csv
2026-07-19,Monterrey,200.0,export_monterrey.csv
2026-07-19,Monterrey,940.42,export_monterrey.csv
2026-07-19,Monterrey,719.86,export_monterrey.csv
2026-07-20,CDMX,818.33,export_cdmx.csv
2026-07-20,CDMX,894.47,export_cdmx.csv
2026-07-20,CDMX,982.06,export_cdmx.csv
2026-07-20,CDMX,816.22,export_cdmx.csv
2026-07-20,CDMX,891.35,export_cdmx.csv
2026-07-20,CDMX,421.0,export_cdmx.csv
2026-07-20,CDMX,1260.78,export_cdmx.csv
2026-07-20,CDMX,414.24,export_cdmx.csv
2026-07-20,CDMX,506.36,export_cdmx.csv
2026-07-20,CDMX,615.2,export_cdmx.csv
2026-07-20,CDMX,469.88,export_cdmx.csv
2026-07-20,Guadalajara,797.03,export_guadalajara.csv
2026-07-20,Guadalajara,1744.81,export_guadalajara.csv
2026-07-20,Monterrey,889.6,export_monterrey.csv
2026-07-20,Monterrey,863.45,export_monterrey.csv
2026-07-20,Monterrey,360.27,export_monterrey.csv
2026-07-20,Monterrey,491.0,export_monterrey.csv
2026-07-20,Monterrey,221.3,export_monterrey.csv
2026-07-21,CDMX,200.0,export_cdmx.csv
2026-07-21,CDMX,1854.52,export_cdmx.csv
2026-07-21,CDMX,240.97,export_cdmx.csv
2026-07-21,CDMX,646.45,export_cdmx.csv
2026-07-21,CDMX,723.75,export_cdmx.csv
2026-07-21,CDMX,1862.27,export_cdmx.csv
2026-07-21,CDMX,2289.87,export_cdmx.csv
2026-07-21,Guadalajara,1613.94,export_guadalajara.csv
2026-07-21,Guadalajara,1954.33,export_guadalajara.csv
2026-07-21,Guadalajara,1228.66,export_guadalajara.csv
2026-07-21,Monterrey,200.0,export_monterrey.csv
2026-07-21,Monterrey,730.05,export_monterrey.csv
2026-07-21,Monterrey,842.54,export_monterrey.csv
2026-07-21,Monterrey,2436.33,export_monterrey.csv
2026-07-21,Monterrey,535.15,export_monterrey.csv
2026-07-22,CDMX,847.91,export_cdmx.csv
2026-07-22,CDMX,200.0,export_cdmx.csv
2026-07-22,CDMX,2098.82,export_cdmx.csv
2026-07-22,CDMX,405.39,export_cdmx.csv
2026-07-22,CDMX,1409.86,export_cdmx.csv
2026-07-22,CDMX,890.79,export_cdmx.csv
2026-07-22,Guadalajara,494.59,export_guadalajara.csv
2026-07-22,Guadalajara,1208.54,export_guadalajara.csv
2026-07-22,Guadalajara,633.15,export_guadalajara.csv
2026-07-22,Monterrey,1298.05,export_monterrey.csv
2026-07-22,Monterrey,1263.37,export_monterrey.csv
2026-07-22,Monterrey,1752.31,export_monterrey.csv
2026-07-22,Monterrey,3077.77,export_monterrey.csv
2026-07-22,Monterrey,2698.72,export_monterrey.csv
2026-07-23,CDMX,623.53,export_cdmx.csv
2026-07-23,CDMX,1105.25,export_cdmx.csv
2026-07-23,CDMX,1262.17,export_cdmx.csv
2026-07-23,Guadalajara,1411.78,export_guadalajara.csv
2026-07-23,Guadalajara,200.0,export_guadalajara.csv
2026-07-23,Guadalajara,673.02,export_guadalajara.csv
2026-07-23,Monterrey,1020.02,export_monterrey.csv
2026-07-23,Monterrey,207.81,export_monterrey.csv
2026-07-23,Monterrey,1402.24,export_monterrey.csv
2026-07-23,Monterrey,498.85,export_monterrey.csv
2026-07-23,Monterrey,795.37,export_monterrey.csv
2026-07-23,Monterrey,674.92,export_monterrey.csv
2026-07-23,Monterrey,794.12,export_monterrey.csv
2026-07-24,CDMX,471.34,export_cdmx.csv
2026-07-24,CDMX,830.64,export_cdmx.csv
2026-07-24,CDMX,385.48,export_cdmx.csv
2026-07-24,CDMX,529.63,export_cdmx.csv
2026-07-24,CDMX,1343.8,export_cdmx.csv
2026-07-24,Guadalajara,1391.91,export_guadalajara.csv
2026-07-24,Guadalajara,2262.11,export_guadalajara.csv
2026-07-24,Monterrey,1590.52,export_monterrey.csv
2026-07-24,Monterrey,618.95,export_monterrey.csv
2026-07-24,Monterrey,795.5,export_monterrey.csv
2026-07-25,CDMX,325.23,export_cdmx.csv
2026-07-25,CDMX,1035.87,export_cdmx.csv
2026-07-25,CDMX,1030.46,export_cdmx.csv
2026-07-25,CDMX,1195.6,export_cdmx.csv
2026-07-25,Guadalajara,1517.75,export_guadalajara.csv
2026-07-25,Guadalajara,1202.17,export_guadalajara.csv
2026-07-25,Guadalajara,1120.7,export_guadalajara.csv
2026-07-25,Guadalajara,400.49,export_guadalajara.csv
2026-07-25,Guadalajara,1087.15,export_guadalajara.csv
2026-07-25,Guadalajara,1721.06,export_guadalajara.csv
2026-07-25,Monterrey,2659.22,export_monterrey.csv
2026-07-25,Monterrey,2162.23,export_monterrey.csv
2026-07-25,Monterrey,2053.99,export_monterrey.csv
2026-07-26,CDMX,1080.27,export_cdmx.csv
2026-07-26,CDMX,775.84,export_cdmx.csv
2026-07-26,CDMX,1120.06,export_cdmx.csv
2026-07-26,CDMX,697.81,export_cdmx.csv
2026-07-26,CDMX,396.7,export_cdmx.csv
2026-07-26,CDMX,1058.55,export_cdmx.csv
2026-07-26,Guadalajara,387.6,export_guadalajara.csv
2026-07-26,Guadalajara,676.69,export_guadalajara.csv
2026-07-26,Guadalajara,648.58,export_guadalajara.csv
2026-07-26,Monterrey,3152.11,export_monterrey.csv
2026-07-26,Monterrey,768.03,export_monterrey.csv
2026-07-26,Monterrey,1156.09,export_monterrey.csv
2026-07-26,Monterrey,1363.61,export_monterrey.csv
2026-07-26,Monterrey,1003.86,export_monterrey.csv
2026-07-27,CDMX,816.23,export_cdmx.csv
2026-07-27,CDMX,1349.76,export_cdmx.csv
2026-07-27,CDMX,996.43,export_cdmx.csv
2026-07-27,CDMX,1349.44,export_cdmx.csv
2026-07-27,CDMX,584.36,export_cdmx.csv
2026-07-27,CDMX,2020.08,export_cdmx.csv
2026-07-27,Guadalajara,381.07,export_guadalajara.csv
2026-07-27,Guadalajara,1173.86,export_guadalajara.csv
2026-07-27,Guadalajara,1341.65,export_guadalajara.csv
2026-07-27,Guadalajara,1539.67,export_guadalajara.csv
2026-07-27,Guadalajara,817.56,export_guadalajara.csv
2026-07-27,Guadalajara,452.24,export_guadalajara.csv
2026-07-27,Monterrey,1833.46,export_monterrey.csv
2026-07-27,Monterrey,643.56,export_monterrey.csv
2026-07-27,Monterrey,1197.32,export_monterrey.csv
2026-07-28,CDMX,375.13,export_cdmx.csv
2026-07-28,CDMX,389.49,export_cdmx.csv
2026-07-28,CDMX,1396.77,export_cdmx.csv
2026-07-28,Guadalajara,200.0,export_guadalajara.csv
2026-07-28,Monterrey,796.24,export_monterrey.csv
2026-07-28,Monterrey,795.02,export_monterrey.csv
2026-07-28,Monterrey,1233.63,export_monterrey.csv
2026-07-28,Monterrey,200.0,export_monterrey.csv
2026-07-28,Monterrey,415.31,export_monterrey.csv
2026-07-29,CDMX,643.79,export_cdmx.csv
2026-07-29,CDMX,266.15,export_cdmx.csv
2026-07-29,CDMX,228.64,export_cdmx.csv
2026-07-29,CDMX,979.06,export_cdmx.csv
2026-07-29,CDMX,2543.47,export_cdmx.csv
2026-07-29,Guadalajara,910.41,export_guadalajara.csv
2026-07-29,Guadalajara,200.0,export_guadalajara.csv
2026-07-29,Guadalajara,1348.14,export_guadalajara.csv
2026-07-29,Monterrey,1450.06,export_monterrey.csv
2026-07-29,Monterrey,708.49,export_monterrey.csv
2026-07-29,Monterrey,1922.47,export_monterrey.csv
2026-07-30,CDMX,1107.62,export_cdmx.csv
2026-07-30,CDMX,330.31,export_cdmx.csv
2026-07-30,CDMX,1057.39,export_cdmx.csv
2026-07-30,CDMX,807.34,export_cdmx.csv
2026-07-30,CDMX,853.83,export_cdmx.csv
2026-07-30,Guadalajara,775.56,export_guadalajara.csv
2026-07-30,Guadalajara,2045.29,export_guadalajara.csv
2026-07-30,Guadalajara,2195.03,export_guadalajara.csv
2026-07-30,Guadalajara,1542.22,export_guadalajara.csv
2026-07-30,Guadalajara,1078.88,export_guadalajara.csv
2026-07-30,Monterrey,357.71,export_monterrey.csv
2026-07-30,Monterrey,1371.46,export_monterrey.csv
2026-07-31,CDMX,620.94,export_cdmx.csv
2026-07-31,CDMX,2083.79,export_cdmx.csv
2026-07-31,CDMX,2138.8,export_cdmx.csv
2026-07-31,CDMX,792.32,export_cdmx.csv
2026-07-31,CDMX,946.44,export_cdmx.csv
2026-07-31,CDMX,477.99,export_cdmx.csv
2026-07-31,Guadalajara,865.63,export_guadalajara.csv
2026-07-31,Guadalajara,892.17,export_guadalajara.csv
2026-07-31,Monterrey,565.93,export_monterrey.csv
2026-07-31,Monterrey,1060.29,export_monterrey.csv
2026-07-31,Monterrey,200.0,export_monterrey.csv
2026-07-31,Monterrey,521.66,export_monterrey.csv
2026-07-31,Monterrey,1245.39,export_monterrey.csv
2026-07-31,Monterrey,371.83,export_monterrey.csv
2026-08-01,CDMX,1050.14,export_cdmx.csv
2026-08-01,CDMX,1683.23,export_cdmx.csv
2026-08-01,CDMX,811.05,export_cdmx.csv
2026-08-01,CDMX,3666.04,export_cdmx.csv
2026-08-01,CDMX,922.59,export_cdmx.csv
2026-08-01,Guadalajara,1341.11,export_guadalajara.csv
2026-08-01,Monterrey,870.24,export_monterrey.csv
2026-08-01,Monterrey,2219.52,export_monterrey.csv
2026-08-01,Monterrey,422.25,export_monterrey.csv
2026-08-02,CDMX,989.07,export_cdmx.csv
2026-08-02,CDMX,200.0,export_cdmx.csv
2026-08-02,CDMX,824.48,export_cdmx.csv
2026-08-02,CDMX,1534.67,export_cdmx.csv
2026-08-02,CDMX,669.53,export_cdmx.csv
2026-08-02,CDMX,421.95,export_cdmx.csv
2026-08-02,Guadalajara,317.79,export_guadalajara.csv
2026-08-02,Guadalajara,1513.97,export_guadalajara.csv
2026-08-02,Guadalajara,481.58,export_guadalajara.csv
2026-08-02,Monterrey,852.87,export_monterrey.csv
2026-08-02,Monterrey,2127.66,export_monterrey.csv
2026-08-02,Monterrey,1112.99,export_monterrey.csv
2026-08-03,CDMX,1089.81,export_cdmx.csv
2026-08-03,CDMX,200.0,export_cdmx.csv
2026-08-03,CDMX,4003.55,export_cdmx.csv
2026-08-03,CDMX,550.61,export_cdmx.csv
2026-08-03,CDMX,709.72,export_cdmx.csv
2026-08-03,Guadalajara,439.47,export_guadalajara.csv
2026-08-03,Guadalajara,527.74,export_guadalajara.csv
2026-08-03,Guadalajara,1126.95,export_guadalajara.csv
2026-08-03,Guadalajara,2123.79,export_guadalajara.csv
2026-08-03,Guadalajara,1675.43,export_guadalajara.csv
2026-08-03,Monterrey,791.67,export_monterrey.csv
2026-08-03,Monterrey,1624.22,export_monterrey.csv
2026-08-03,Monterrey,1227.23,export_monterrey.csv
2026-08-04,CDMX,590.81,export_cdmx.csv
2026-08-04,CDMX,883.77,export_cdmx.csv
2026-08-04,CDMX,2542.95,export_cdmx.csv
2026-08-04,CDMX,504.59,export_cdmx.csv
2026-08-04,CDMX,2147.77,export_cdmx.csv
2026-08-04,CDMX,552.92,export_cdmx.csv
2026-08-04,CDMX,1087.44,export_cdmx.csv
2026-08-04,CDMX,783.04,export_cdmx.csv
2026-08-04,CDMX,1077.37,export_cdmx.csv
2026-08-04,Guadalajara,1354.6,export_guadalajara.csv
2026-08-04,Guadalajara,533.94,export_guadalajara.csv
2026-08-04,Guadalajara,2334.19,export_guadalajara.csv
2026-08-04,Guadalajara,526.06,export_guadalajara.csv
2026-08-04,Monterrey,503.33,export_monterrey.csv
2026-08-04,Monterrey,583.11,export_monterrey.csv
2026-08-04,Monterrey,656.83,export_monterrey.csv
2026-08-04,Monterrey,1112.03,export_monterrey.csv
2026-08-04,Monterrey,612.27,export_monterrey.csv
2026-08-04,Monterrey,599.87,export_monterrey.csv
2026-08-04,Monterrey,1814.42,export_monterrey.csv
2026-08-05,CDMX,770.45,export_cdmx.csv
2026-08-05,CDMX,207.54,export_cdmx.csv
2026-08-05,CDMX,200.0,export_cdmx.csv
2026-08-05,CDMX,1430.37,export_cdmx.csv
2026-08-05,CDMX,308.69,export_cdmx.csv
2026-08-05,CDMX,485.73,export_cdmx.csv
2026-08-05,CDMX,959.84,export_cdmx.csv
2026-08-05,CDMX,748.55,export_cdmx.csv
2026-08-05,Guadalajara,200.0,export_guadalajara.csv
2026-08-05,Guadalajara,1483.91,export_guadalajara.csv
2026-08-05,Guadalajara,205.25,export_guadalajara.csv
2026-08-05,Guadalajara,2140.94,export_guadalajara.csv
2026-08-05,Monterrey,2194.62,export_monterrey.csv
2026-08-05,Monterrey,200.0,export_monterrey.csv
2026-08-05,Monterrey,561.91,export_monterrey.csv
2026-08-05,Monterrey,658.27,export_monterrey.csv
2026-08-05,Monterrey,218.74,export_monterrey.csv
2026-08-05,Monterrey,1464.15,export_monterrey.csv
2026-08-06,CDMX,324.04,export_cdmx.csv
2026-08-06,CDMX,2820.66,export_cdmx.csv
2026-08-06,CDMX,204.74,export_cdmx.csv
2026-08-06,Guadalajara,1398.33,export_guadalajara.csv
2026-08-06,Guadalajara,995.76,export_guadalajara.csv
2026-08-06,Monterrey,571.1,export_monterrey.csv
2026-08-06,Monterrey,718.64,export_monterrey.csv
2026-08-06,Monterrey,906.95,export_monterrey.csv
2026-08-06,Monterrey,551.05,export_monterrey.csv
2026-08-06,Monterrey,345.26,export_monterrey.csv
2026-08-07,CDMX,448.6,export_cdmx.csv
2026-08-07,CDMX,908.0,export_cdmx.csv
2026-08-07,CDMX,2212.25,export_cdmx.csv
2026-08-07,CDMX,1415.24,export_cdmx.csv
2026-08-07,Guadalajara,1999.2,export_guadalajara.csv
2026-08-07,Guadalajara,461.16,export_guadalajara.csv
2026-08-07,Guadalajara,895.97,export_guadalajara.csv
2026-08-07,Guadalajara,1552.22,export_guadalajara.csv
2026-08-07,Guadalajara,697.06,export_guadalajara.csv
2026-08-07,Monterrey,1399.16,export_monterrey.csv
2026-08-07,Monterrey,200.0,export_monterrey.csv
2026-08-07,Monterrey,310.75,export_monterrey.csv
2026-08-07,Monterrey,743.98,export_monterrey.csv
2026-08-07,Monterrey,915.74,export_monterrey.csv
2026-08-07,Monterrey,972.11,export_monterrey.csv
2026-08-07,Monterrey,1302.68,export_monterrey.csv
2026-08-08,CDMX,1120.51,export_cdmx.csv
2026-08-08,CDMX,735.06,export_cdmx.csv
2026-08-08,CDMX,1177.01,export_cdmx.csv
2026-08-08,CDMX,1501.06,export_cdmx.csv
2026-08-08,CDMX,200.0,export_cdmx.csv
2026-08-08,Guadalajara,976.35,export_guadalajara.csv
2026-08-08,Guadalajara,293.51,export_guadalajara.csv
2026-08-08,Guadalajara,1261.35,export_guadalajara.csv
2026-08-08,Monterrey,639.53,export_monterrey.csv
2026-08-08,Monterrey,2423.23,export_monterrey.csv
2026-08-08,Monterrey,1914.57,export_monterrey.csv
2026-08-08,Monterrey,516.35,export_monterrey.csv
2026-08-08,Monterrey,1116.02,export_monterrey.csv
2026-08-08,Monterrey,367.52,export_monterrey.csv
2026-08-08,Monterrey,418.04,export_monterrey.csv
2026-08-09,CDMX,1258.14,export_cdmx.csv
2026-08-09,CDMX,1522.76,export_cdmx.csv
2026-08-09,CDMX,444.95,export_cdmx.csv
2026-08-09,CDMX,283.23,export_cdmx.csv
2026-08-09,CDMX,749.39,export_cdmx.csv
2026-08-09,CDMX,885.6,export_cdmx.csv
2026-08-09,CDMX,807.79,export_cdmx.csv
2026-08-09,CDMX,395.84,export_cdmx.csv
2026-08-09,Guadalajara,994.79,export_guadalajara.csv
2026-08-09,Guadalajara,820.1,export_guadalajara.csv
2026-08-09,Monterrey,1448.97,export_monterrey.csv
2026-08-09,Monterrey,907.37,export_monterrey.csv
2026-08-09,Monterrey,331.97,export_monterrey.csv
2026-08-09,Monterrey,1351.46,export_monterrey.csv
2026-08-09,Monterrey,1301.67,export_monterrey.csv
2026-08-10,CDMX,856.52,export_cdmx.csv
2026-08-10,CDMX,722.7,export_cdmx.csv
2026-08-10,CDMX,1334.36,export_cdmx.csv
2026-08-10,CDMX,719.53,export_cdmx.csv
2026-08-10,Guadalajara,613.95,export_guadalajara.csv
2026-08-10,Guadalajara,1340.77,export_guadalajara.csv
2026-08-10,Guadalajara,484.61,export_guadalajara.csv
2026-08-10,Guadalajara,1429.36,export_guadalajara.csv
2026-08-10,Monterrey,3179.94,export_monterrey.csv
2026-08-10,Monterrey,481.33,export_monterrey.csv
2026-08-10,Monterrey,257.39,export_monterrey.csv
2026-08-11,CDMX,774.78,export_cdmx.csv
2026-08-11,CDMX,756.83,export_cdmx.csv
2026-08-11,CDMX,3061.63,export_cdmx.csv
2026-08-11,CDMX,572.65,export_cdmx.csv
2026-08-11,CDMX,747.62,export_cdmx.csv
2026-08-11,CDMX,430.22,export_cdmx.csv
2026-08-11,CDMX,200.0,export_cdmx.csv
2026-08-11,CDMX,889.37,export_cdmx.csv
2026-08-11,Monterrey,568.8,export_monterrey.csv
2026-08-12,CDMX,868.42,export_cdmx.csv
2026-08-12,CDMX,200.0,export_cdmx.csv
2026-08-12,CDMX,1224.87,export_cdmx.csv
2026-08-12,Guadalajara,2049.44,export_guadalajara.csv
2026-08-12,Guadalajara,402.08,export_guadalajara.csv
2026-08-12,Guadalajara,588.29,export_guadalajara.csv
2026-08-12,Guadalajara,397.96,export_guadalajara.csv
2026-08-12,Guadalajara,1783.26,export_guadalajara.csv
2026-08-12,Monterrey,1967.11,export_monterrey.csv
2026-08-12,Monterrey,524.58,export_monterrey.csv
2026-08-12,Monterrey,2087.41,export_monterrey.csv
2026-08-13,CDMX,1085.77,export_cdmx.csv
2026-08-13,CDMX,1724.71,export_cdmx.csv
2026-08-13,CDMX,240.15,export_cdmx.csv
2026-08-13,CDMX,433.69,export_cdmx.csv
2026-08-13,CDMX,1474.92,export_cdmx.csv
2026-08-13,CDMX,488.91,export_cdmx.csv
2026-08-13,Guadalajara,1416.32,export_guadalajara.csv
2026-08-13,Guadalajara,1186.62,export_guadalajara.csv
2026-08-13,Guadalajara,1110.0,export_guadalajara.csv
2026-08-13,Guadalajara,1337.17,export_guadalajara.csv
2026-08-13,Monterrey,2670.55,export_monterrey.csv
2026-08-13,Monterrey,1066.02,export_monterrey.csv
2026-08-13,Monterrey,912.06,export_monterrey.csv
2026-08-13,Monterrey,1082.79,export_monterrey.csv
2026-08-13,Monterrey,200.0,export_monterrey.csv
2026-08-13,Monterrey,854.47,export_monterrey.csv
2026-08-13,Monterrey,475.36,export_monterrey.csv
2026-08-14,CDMX,335.36,export_cdmx.csv
2026-08-14,CDMX,536.36,export_cdmx.csv
2026-08-14,CDMX,768.8,export_cdmx.csv
2026-08-14,CDMX,1599.55,export_cdmx.csv
2026-08-14,CDMX,1156.77,export_cdmx.csv
2026-08-14,CDMX,1234.62,export_cdmx.csv
2026-08-14,CDMX,1226.97,export_cdmx.csv
2026-08-14,CDMX,3165.22,export_cdmx.csv
2026-08-14,Guadalajara,218.4,export_guadalajara.csv
2026-08-14,Guadalajara,730.65,export_guadalajara.csv
2026-08-14,Monterrey,953.28,export_monterrey.csv
2026-08-14,Monterrey,375.93,export_monterrey.csv
2026-08-14,Monterrey,739.92,export_monterrey.csv
2026-08-14,Monterrey,1335.71,export_monterrey.csv
2026-08-14,Monterrey,1013.8,export_monterrey.csv
2026-08-14,Monterrey,295.9,export_monterrey.csv
2026-08-15,CDMX,519.33,export_cdmx.csv
2026-08-15,CDMX,278.5,export_cdmx.csv
2026-08-15,CDMX,202.08,export_cdmx.csv
2026-08-15,CDMX,1863.47,export_cdmx.csv
2026-08-15,CDMX,1381.24,export_cdmx.csv
2026-08-15,CDMX,1047.89,export_cdmx.csv
2026-08-15,Guadalajara,2059.2,export_guadalajara.csv
2026-08-15,Guadalajara,1195.02,export_guadalajara.csv
2026-08-15,Guadalajara,578.18,export_guadalajara.csv
2026-08-15,Guadalajara,272.21,export_guadalajara.csv
2026-08-15,Monterrey,1168.13,export_monterrey.csv
2026-08-15,Monterrey,889.21,export_monterrey.csv
2026-08-15,Monterrey,602.14,export_monterrey.csv
2026-08-15,Monterrey,818.87,export_monterrey.csv
2026-08-15,Monterrey,582.64,export_monterrey.csv
2026-08-15,Monterrey,3236.0,export_monterrey.csv
2026-08-16,CDMX,1250.44,export_cdmx.csv
2026-08-16,CDMX,1664.76,export_cdmx.csv
2026-08-16,CDMX,1077.01,export_cdmx.csv
2026-08-16,CDMX,3203.68,export_cdmx.csv
2026-08-16,CDMX,591.29,export_cdmx.csv
2026-08-16,CDMX,1497.45,export_cdmx.csv
2026-08-16,CDMX,447.78,export_cdmx.csv
2026-08-16,Guadalajara,200.0,export_guadalajara.csv
2026-08-16,Guadalajara,2023.28,export_guadalajara.csv
2026-08-16,Monterrey,200.0,export_monterrey.csv
2026-08-16,Monterrey,399.02,export_monterrey.csv
2026-08-16,Monterrey,744.74,export_monterrey.csv
2026-08-16,Monterrey,1381.29,export_monterrey.csv
2026-08-16,Monterrey,259.73,export_monterrey.csv
2026-08-16,Monterrey,401.91,export_monterrey.csv
2026-08-17,CDMX,363.35,export_cdmx.csv
2026-08-17,CDMX,424.57,export_cdmx.csv
2026-08-17,CDMX,1652.29,export_cdmx.csv
2026-08-17,CDMX,847.22,export_cdmx.csv
2026-08-17,CDMX,632.97,export_cdmx.csv
2026-08-17,CDMX,1023.53,export_cdmx.csv
2026-08-17,Guadalajara,1291.27,export_guadalajara.csv
2026-08-17,Guadalajara,1888.88,export_guadalajara.csv
2026-08-17,Guadalajara,1282.59,export_guadalajara.csv
2026-08-17,Guadalajara,1227.93,export_guadalajara.csv
2026-08-17,Guadalajara,1369.6,export_guadalajara.csv
2026-08-17,Monterrey,1147.55,export_monterrey.csv
2026-08-17,Monterrey,461.41,export_monterrey.csv
2026-08-17,Monterrey,200.0,export_monterrey.csv
2026-08-17,Monterrey,534.04,export_monterrey.csv
2026-08-17,Monterrey,242.84,export_monterrey.csv
2026-08-18,CDMX,1909.89,export_cdmx.csv
2026-08-18,CDMX,927.28,export_cdmx.csv
2026-08-18,CDMX,1364.55,export_cdmx.csv
2026-08-18,CDMX,1103.09,export_cdmx.csv
2026-08-18,Guadalajara,999.61,export_guadalajara.csv
2026-08-18,Guadalajara,383.66,export_guadalajara.csv
2026-08-18,Monterrey,878.81,export_monterrey.csv
2026-08-18,Monterrey,356.11,export_monterrey.csv
2026-08-18,Monterrey,1251.05,export_monterrey.csv
2026-08-18,Monterrey,448.68,export_monterrey.csv
2026-08-19,CDMX,924.69,export_cdmx.csv
2026-08-19,CDMX,2647.7,export_cdmx.csv
2026-08-19,CDMX,2430.95,export_cdmx.csv
2026-08-19,CDMX,320.44,export_cdmx.csv
2026-08-19,CDMX,1154.92,export_cdmx.csv
2026-08-19,CDMX,540.69,export_cdmx.csv
2026-08-19,CDMX,1083.52,export_cdmx.csv
2026-08-19,CDMX,1352.26,export_cdmx.csv
2026-08-19,Guadalajara,502.48,export_guadalajara.csv
2026-08-19,Guadalajara,1732.4,export_guadalajara.csv
2026-08-19,Guadalajara,200.0,export_guadalajara.csv
2026-08-19,Monterrey,811.47,export_monterrey.csv
2026-08-19,Monterrey,349.65,export_monterrey.csv
2026-08-19,Monterrey,880.63,export_monterrey.csv
2026-08-19,Monterrey,979.45,export_monterrey.csv
2026-08-19,Monterrey,461.16,export_monterrey.csv
2026-08-19,Monterrey,1091.21,export_monterrey.csv
2026-08-20,CDMX,677.91,export_cdmx.csv
2026-08-20,CDMX,522.07,export_cdmx.csv
2026-08-20,CDMX,2283.92,export_cdmx.csv
2026-08-20,CDMX,200.0,export_cdmx.csv
2026-08-20,CDMX,1387.08,export_cdmx.csv
2026-08-20,CDMX,1247.53,export_cdmx.csv
2026-08-20,CDMX,2262.48,export_cdmx.csv
2026-08-20,CDMX,973.85,export_cdmx.csv
2026-08-20,Guadalajara,1275.06,export_guadalajara.csv
2026-08-20,Guadalajara,636.79,export_guadalajara.csv
2026-08-20,Guadalajara,544.39,export_guadalajara.csv
2026-08-20,Guadalajara,460.35,export_guadalajara.csv
2026-08-20,Guadalajara,736.24,export_guadalajara.csv
2026-08-20,Guadalajara,911.34,export_guadalajara.csv
2026-08-20,Guadalajara,718.08,export_guadalajara.csv
2026-08-20,Monterrey,877.46,export_monterrey.csv
2026-08-21,CDMX,413.53,export_cdmx.csv
2026-08-21,CDMX,2074.57,export_cdmx.csv
2026-08-21,CDMX,890.38,export_cdmx.csv
2026-08-21,Guadalajara,1417.48,export_guadalajara.csv
2026-08-21,Guadalajara,224.44,export_guadalajara.csv
2026-08-21,Guadalajara,766.88,export_guadalajara.csv
2026-08-21,Guadalajara,1552.94,export_guadalajara.csv
2026-08-21,Guadalajara,340.33,export_guadalajara.csv
2026-08-21,Guadalajara,798.69,export_guadalajara.csv
2026-08-21,Monterrey,1454.21,export_monterrey.csv
2026-08-21,Monterrey,479.06,export_monterrey.csv
2026-08-21,Monterrey,954.8,export_monterrey.csv
2026-08-21,Monterrey,430.92,export_monterrey.csv
2026-08-22,CDMX,1222.77,export_cdmx.csv
2026-08-22,CDMX,896.52,export_cdmx.csv
2026-08-22,CDMX,279.22,export_cdmx.csv
2026-08-22,CDMX,1067.32,export_cdmx.csv
2026-08-22,CDMX,204.46,export_cdmx.csv
2026-08-22,CDMX,275.29,export_cdmx.csv
2026-08-22,Guadalajara,703.67,export_guadalajara.csv
2026-08-22,Guadalajara,872.04,export_guadalajara.csv
2026-08-22,Monterrey,332.66,export_monterrey.csv
2026-08-22,Monterrey,902.56,export_monterrey.csv
2026-08-23,CDMX,831.9,export_cdmx.csv
2026-08-23,CDMX,1974.25,export_cdmx.csv
2026-08-23,CDMX,360.16,export_cdmx.csv
2026-08-23,CDMX,735.03,export_cdmx.csv
2026-08-23,CDMX,356.11,export_cdmx.csv
2026-08-23,CDMX,1268.23,export_cdmx.csv
2026-08-23,CDMX,675.17,export_cdmx.csv
2026-08-23,CDMX,885.53,export_cdmx.csv
2026-08-23,Guadalajara,557.43,export_guadalajara.csv
2026-08-23,Monterrey,2312.35,export_monterrey.csv
2026-08-23,Monterrey,767.19,export_monterrey.csv
2026-08-24,CDMX,1133.2,export_cdmx.csv
2026-08-24,CDMX,912.01,export_cdmx.csv
2026-08-24,CDMX,768.05,export_cdmx.csv
2026-08-24,Guadalajara,1028.88,export_guadalajara.csv
2026-08-24,Guadalajara,1012.08,export_guadalajara.csv
2026-08-24,Guadalajara,1381.82,export_guadalajara.csv
2026-08-24,Guadalajara,576.39,export_guadalajara.csv
2026-08-24,Guadalajara,741.66,export_guadalajara.csv
2026-08-24,Monterrey,964.82,export_monterrey.csv
2026-08-24,Monterrey,1443.44,export_monterrey.csv
2026-08-24,Monterrey,633.53,export_monterrey.csv
2026-08-24,Monterrey,1594.77,export_monterrey.csv
2026-08-24,Monterrey,529.32,export_monterrey.csv
2026-08-24,Monterrey,1114.31,export_monterrey.csv
2026-08-24,Monterrey,1469.71,export_monterrey.csv
2026-08-25,CDMX,313.78,export_cdmx.csv
2026-08-25,CDMX,1663.0,export_cdmx.csv
2026-08-25,CDMX,1117.17,export_cdmx.csv
2026-08-25,CDMX,2061.03,export_cdmx.csv
2026-08-25,CDMX,2644.84,export_cdmx.csv
2026-08-25,CDMX,1224.76,export_cdmx.csv
2026-08-25,CDMX,397.41,export_cdmx.csv
2026-08-25,Guadalajara,743.35,export_guadalajara.csv
2026-08-25,Guadalajara,826.47,export_guadalajara.csv
2026-08-25,Guadalajara,562.7,export_guadalajara.csv
2026-08-25,Guadalajara,1310.46,export_guadalajara.csv
2026-08-25,Monterrey,554.44,export_monterrey.csv
2026-08-25,Monterrey,705.59,export_monterrey.csv
2026-08-25,Monterrey,525.25,export_monterrey.csv
2026-08-25,Monterrey,930.21,export_monterrey.csv
2026-08-26,CDMX,2686.66,export_cdmx.csv
2026-08-26,CDMX,411.26,export_cdmx.csv
2026-08-26,CDMX,990.65,export_cdmx.csv
2026-08-26,CDMX,490.88,export_cdmx.csv
2026-08-26,Guadalajara,3201.35,export_guadalajara.csv
2026-08-26,Guadalajara,3177.18,export_guadalajara.csv
2026-08-26,Monterrey,527.64,export_monterrey.csv
2026-08-26,Monterrey,972.03,export_monterrey.csv
2026-08-27,CDMX,1068.84,export_cdmx.csv
2026-08-27,CDMX,1717.92,export_cdmx.csv
2026-08-27,CDMX,1493.57,export_cdmx.csv
2026-08-27,Guadalajara,1521.45,export_guadalajara.csv
2026-08-28,CDMX,988.6,export_cdmx.csv
2026-08-28,CDMX,294.31,export_cdmx.csv
2026-08-28,CDMX,200.0,export_cdmx.csv
2026-08-28,CDMX,2996.53,export_cdmx.csv
2026-08-28,CDMX,781.89,export_cdmx.csv
2026-08-28,CDMX,1498.98,export_cdmx.csv
2026-08-28,CDMX,689.92,export_cdmx.csv
2026-08-28,CDMX,1222.27,export_cdmx.csv
2026-08-28,Guadalajara,950.32,export_guadalajara.csv
2026-08-28,Guadalajara,289.46,export_guadalajara.csv
2026-08-28,Guadalajara,1538.44,export_guadalajara.csv
2026-08-28,Monterrey,1126.35,export_monterrey.csv
2026-08-28,Monterrey,407.9,export_monterrey.csv
2026-08-29,CDMX,200.0,export_cdmx.csv
2026-08-29,CDMX,929.15,export_cdmx.csv
2026-08-29,CDMX,636.64,export_cdmx.csv
2026-08-29,CDMX,1062.54,export_cdmx.csv
2026-08-29,Guadalajara,1103.16,export_guadalajara.csv
2026-08-29,Monterrey,610.46,export_monterrey.csv
2026-08-29,Monterrey,1791.11,export_monterrey.csv
2026-08-29,Monterrey,259.9,export_monterrey.csv
2026-08-30,CDMX,309.43,export_cdmx.csv
2026-08-30,CDMX,205.46,export_cdmx.csv
2026-08-30,CDMX,1514.76,export_cdmx.csv
2026-08-30,CDMX,732.72,export_cdmx.csv
2026-08-30,CDMX,814.21,export_cdmx.csv
2026-08-30,CDMX,2065.1,export_cdmx.csv
2026-08-30,CDMX,2821.27,export_cdmx.csv
2026-08-30,Guadalajara,370.6,export_guadalajara.csv
2026-08-30,Guadalajara,990.59,export_guadalajara.csv
2026-08-30,Guadalajara,3522.77,export_guadalajara.csv
2026-08-30,Guadalajara,671.14,export_guadalajara.csv
2026-08-30,Monterrey,490.09,export_monterrey.csv
2026-08-30,Monterrey,779.45,export_monterrey.csv
2026-08-30,Monterrey,1067.91,export_monterrey.csv
2026-08-30,Monterrey,560.53,export_monterrey.csv
2026-08-31,CDMX,498.28,export_cdmx.csv
2026-08-31,CDMX,1006.34,export_cdmx.csv
2026-08-31,CDMX,841.98,export_cdmx.csv
2026-08-31,CDMX,1239.9,export_cdmx.csv
2026-08-31,CDMX,1201.95,export_cdmx.csv
2026-08-31,Guadalajara,1080.67,export_guadalajara.csv
2026-08-31,Guadalajara,221.07,export_guadalajara.csv
2026-08-31,Guadalajara,714.87,export_guadalajara.csv
2026-08-31,Monterrey,720.35,export_monterrey.csv
2026-08-31,Monterrey,2614.07,export_monterrey.csv
