canal,fecha,gasto_mxn
Email,2025-01-01,129.15
Eventos,2025-01-01,328.75
Google Ads,2025-01-01,1018.35
Meta Ads,2025-01-01,568.54
Referidos,2025-01-01,257.74
Email,2025-01-02,123.76
Eventos,2025-01-02,464.32
Google Ads,2025-01-02,858.21
Meta Ads,2025-01-02,759.45
Referidos,2025-01-02,221.30
Email,2025-01-03,122.07
Eventos,2025-01-03,461.17
Google Ads,2025-01-03,766.04
Meta Ads,2025-01-03,567.71
Referidos,2025-01-03,280.73
Email,2025-01-04,87.09
Eventos,2025-01-04,273.09
Google Ads,2025-01-04,593.85
Meta Ads,2025-01-04,540.16
Referidos,2025-01-04,191.89
Email,2025-01-05,111.06
Eventos,2025-01-05,247.57
Google Ads,2025-01-05,628.44
Meta Ads,2025-01-05,574.21
Referidos,2025-01-05,184.97
Email,2025-01-06,129.71
Eventos,2025-01-06,404.39
Google Ads,2025-01-06,962.26
Meta Ads,2025-01-06,681.98
Referidos,2025-01-06,222.77
Email,2025-01-07,156.61
Eventos,2025-01-07,472.84
Google Ads,2025-01-07,921.52
Meta Ads,2025-01-07,721.76
Referidos,2025-01-07,290.71
Email,2025-01-08,157.86
Eventos,2025-01-08,445.75
Google Ads,2025-01-08,842.75
Meta Ads,2025-01-08,736.71
Referidos,2025-01-08,243.70
Email,2025-01-09,145.66
Eventos,2025-01-09,415.62
Google Ads,2025-01-09,952.65
Meta Ads,2025-01-09,811.58
Referidos,2025-01-09,253.01
Email,2025-01-10,142.86
Eventos,2025-01-10,465.20
Google Ads,2025-01-10,976.10
Meta Ads,2025-01-10,569.41
Referidos,2025-01-10,285.45
Email,2025-01-11,96.23
Eventos,2025-01-11,235.53
Google Ads,2025-01-11,728.22
Meta Ads,2025-01-11,392.80
Referidos,2025-01-11,215.50
Email,2025-01-12,93.12
Eventos,2025-01-12,308.48
Google Ads,2025-01-12,675.61
Meta Ads,2025-01-12,428.58
Referidos,2025-01-12,216.01
Email,2025-01-13,121.79
Eventos,2025-01-13,390.27
Google Ads,2025-01-13,1077.28
Meta Ads,2025-01-13,663.09
Referidos,2025-01-13,280.22
Email,2025-01-14,160.41
Eventos,2025-01-14,330.17
Google Ads,2025-01-14,981.53
Meta Ads,2025-01-14,717.39
Referidos,2025-01-14,274.11
Email,2025-01-15,161.55
Eventos,2025-01-15,396.18
Google Ads,2025-01-15,1049.70
Meta Ads,2025-01-15,677.45
Referidos,2025-01-15,282.15
Email,2025-01-16,169.71
Eventos,2025-01-16,398.10
Google Ads,2025-01-16,723.46
Meta Ads,2025-01-16,617.88
Referidos,2025-01-16,261.31
Email,2025-01-17,141.85
Eventos,2025-01-17,462.99
Google Ads,2025-01-17,1021.55
Meta Ads,2025-01-17,769.21
Referidos,2025-01-17,259.51
Email,2025-01-18,85.41
Eventos,2025-01-18,328.50
Google Ads,2025-01-18,504.52
Meta Ads,2025-01-18,435.55
Referidos,2025-01-18,154.78
Email,2025-01-19,121.69
Eventos,2025-01-19,295.44
Google Ads,2025-01-19,595.65
Meta Ads,2025-01-19,550.44
Referidos,2025-01-19,165.48
Email,2025-01-20,125.68
Eventos,2025-01-20,351.04
Google Ads,2025-01-20,896.50
Meta Ads,2025-01-20,806.13
Referidos,2025-01-20,278.84
Email,2025-01-21,145.08
Eventos,2025-01-21,465.66
Google Ads,2025-01-21,825.72
Meta Ads,2025-01-21,579.52
Referidos,2025-01-21,210.70
Email,2025-01-22,162.64
Eventos,2025-01-22,415.17
Google Ads,2025-01-22,795.08
Meta Ads,2025-01-22,823.93
Referidos,2025-01-22,245.76
Email,2025-01-23,170.37
Eventos,2025-01-23,388.35
Google Ads,2025-01-23,901.99
Meta Ads,2025-01-23,832.53
Referidos,2025-01-23,229.68
Email,2025-01-24,136.85
Eventos,2025-01-24,360.18
Google Ads,2025-01-24,942.20
Meta Ads,2025-01-24,659.83
Referidos,2025-01-24,224.74
Email,2025-01-25,93.56
Eventos,2025-01-25,309.35
Google Ads,2025-01-25,615.65
Meta Ads,2025-01-25,433.74
Referidos,2025-01-25,207.47
Email,2025-01-26,117.19
Eventos,2025-01-26,294.15
Google Ads,2025-01-26,714.23
Meta Ads,2025-01-26,462.47
Referidos,2025-01-26,152.17
Email,2025-01-27,122.12
Eventos,2025-01-27,341.48
Google Ads,2025-01-27,987.79
Meta Ads,2025-01-27,836.93
Referidos,2025-01-27,231.92
Email,2025-01-28,132.18
Eventos,2025-01-28,452.95
Google Ads,2025-01-28,889.32
Meta Ads,2025-01-28,646.45
Referidos,2025-01-28,222.62
Email,2025-01-29,143.71
Eventos,2025-01-29,424.12
Google Ads,2025-01-29,855.28
Meta Ads,2025-01-29,778.63
Referidos,2025-01-29,216.98
Email,2025-01-30,130.39
Eventos,2025-01-30,350.28
Google Ads,2025-01-30,920.82
Meta Ads,2025-01-30,749.24
Referidos,2025-01-30,208.69
Email,2025-01-31,150.15
Eventos,2025-01-31,438.25
Google Ads,2025-01-31,858.66
Meta Ads,2025-01-31,574.85
Referidos,2025-01-31,214.56
Email,2025-02-01,94.36
Eventos,2025-02-01,256.35
Google Ads,2025-02-01,594.52
Meta Ads,2025-02-01,497.27
Referidos,2025-02-01,205.97
Email,2025-02-02,96.92
Eventos,2025-02-02,284.46
Google Ads,2025-02-02,705.90
Meta Ads,2025-02-02,541.35
Referidos,2025-02-02,186.45
Email,2025-02-03,171.47
Eventos,2025-02-03,470.21
Google Ads,2025-02-03,839.74
Meta Ads,2025-02-03,618.57
Referidos,2025-02-03,262.20
Email,2025-02-04,173.99
Eventos,2025-02-04,422.05
Google Ads,2025-02-04,724.63
Meta Ads,2025-02-04,762.60
Referidos,2025-02-04,221.60
Email,2025-02-05,134.24
Eventos,2025-02-05,381.21
Google Ads,2025-02-05,1004.49
Meta Ads,2025-02-05,652.62
Referidos,2025-02-05,230.80
Email,2025-02-06,167.10
Eventos,2025-02-06,360.40
Google Ads,2025-02-06,786.77
Meta Ads,2025-02-06,730.47
Referidos,2025-02-06,228.01
Email,2025-02-07,140.00
Eventos,2025-02-07,423.40
Google Ads,2025-02-07,995.81
Meta Ads,2025-02-07,729.30
Referidos,2025-02-07,240.17
Email,2025-02-08,98.64
Eventos,2025-02-08,260.36
Google Ads,2025-02-08,594.24
Meta Ads,2025-02-08,518.72
Referidos,2025-02-08,150.16
Email,2025-02-09,125.30
Eventos,2025-02-09,232.47
Google Ads,2025-02-09,625.64
Meta Ads,2025-02-09,558.78
Referidos,2025-02-09,199.12
Email,2025-02-10,139.98
Eventos,2025-02-10,353.69
Google Ads,2025-02-10,841.46
Meta Ads,2025-02-10,580.16
Referidos,2025-02-10,245.70
Email,2025-02-11,131.89
Eventos,2025-02-11,381.97
Google Ads,2025-02-11,976.03
Meta Ads,2025-02-11,721.07
Referidos,2025-02-11,222.42
Email,2025-02-12,131.57
Eventos,2025-02-12,332.09
Google Ads,2025-02-12,726.01
Meta Ads,2025-02-12,717.65
Referidos,2025-02-12,274.90
Email,2025-02-13,146.23
Eventos,2025-02-13,365.28
Google Ads,2025-02-13,1053.95
Meta Ads,2025-02-13,564.56
Referidos,2025-02-13,290.84
Email,2025-02-14,171.83
Eventos,2025-02-14,359.45
Google Ads,2025-02-14,783.27
Meta Ads,2025-02-14,741.21
Referidos,2025-02-14,288.81
Email,2025-02-15,124.87
Eventos,2025-02-15,272.73
Google Ads,2025-02-15,710.14
Meta Ads,2025-02-15,407.61
Referidos,2025-02-15,196.24
Email,2025-02-16,108.50
Eventos,2025-02-16,310.42
Google Ads,2025-02-16,544.49
Meta Ads,2025-02-16,425.59
Referidos,2025-02-16,202.20
Email,2025-02-17,140.42
Eventos,2025-02-17,337.09
Google Ads,2025-02-17,875.49
Meta Ads,2025-02-17,751.45
Referidos,2025-02-17,277.74
Email,2025-02-18,157.34
Eventos,2025-02-18,405.10
Google Ads,2025-02-18,1001.77
Meta Ads,2025-02-18,761.18
Referidos,2025-02-18,233.72
Email,2025-02-19,170.65
Eventos,2025-02-19,444.52
Google Ads,2025-02-19,913.14
Meta Ads,2025-02-19,666.20
Referidos,2025-02-19,249.82
Email,2025-02-20,126.22
Eventos,2025-02-20,396.96
Google Ads,2025-02-20,983.87
Meta Ads,2025-02-20,784.59
Referidos,2025-02-20,240.09
Email,2025-02-21,174.67
Eventos,2025-02-21,356.26
Google Ads,2025-02-21,803.34
Meta Ads,2025-02-21,765.20
Referidos,2025-02-21,237.50
Email,2025-02-22,84.70
Eventos,2025-02-22,263.73
Google Ads,2025-02-22,566.80
Meta Ads,2025-02-22,485.35
Referidos,2025-02-22,159.99
Email,2025-02-23,119.61
Eventos,2025-02-23,247.19
Google Ads,2025-02-23,717.12
Meta Ads,2025-02-23,577.70
Referidos,2025-02-23,206.75
Email,2025-02-24,147.71
Eventos,2025-02-24,347.28
Google Ads,2025-02-24,834.78
Meta Ads,2025-02-24,807.03
Referidos,2025-02-24,261.55
Email,2025-02-25,120.91
Eventos,2025-02-25,440.96
Google Ads,2025-02-25,1060.03
Meta Ads,2025-02-25,752.98
Referidos,2025-02-25,249.43
Email,2025-02-26,159.88
Eventos,2025-02-26,371.70
Google Ads,2025-02-26,1030.60
Meta Ads,2025-02-26,756.62
Referidos,2025-02-26,216.53
Email,2025-02-27,123.69
Eventos,2025-02-27,330.78
Google Ads,2025-02-27,812.26
Meta Ads,2025-02-27,710.29
Referidos,2025-02-27,307.23
Email,2025-02-28,136.25
Eventos,2025-02-28,405.50
Google Ads,2025-02-28,786.93
Meta Ads,2025-02-28,630.93
Referidos,2025-02-28,278.12
Email,2025-03-01,110.31
Eventos,2025-03-01,237.02
Google Ads,2025-03-01,659.19
Meta Ads,2025-03-01,579.64
Referidos,2025-03-01,196.61
Email,2025-03-02,112.78
Eventos,2025-03-02,266.27
Google Ads,2025-03-02,587.13
Meta Ads,2025-03-02,392.30
Referidos,2025-03-02,188.63
Email,2025-03-03,130.75
Eventos,2025-03-03,453.88
Google Ads,2025-03-03,778.44
Meta Ads,2025-03-03,821.46
Referidos,2025-03-03,295.28
Email,2025-03-04,122.03
Eventos,2025-03-04,475.38
Google Ads,2025-03-04,742.58
Meta Ads,2025-03-04,829.75
Referidos,2025-03-04,249.22
Email,2025-03-05,162.06
Eventos,2025-03-05,392.10
Google Ads,2025-03-05,1020.40
Meta Ads,2025-03-05,763.52
Referidos,2025-03-05,213.34
Email,2025-03-06,133.49
Eventos,2025-03-06,472.54
Google Ads,2025-03-06,775.20
Meta Ads,2025-03-06,651.25
Referidos,2025-03-06,287.98
Email,2025-03-07,165.22
Eventos,2025-03-07,418.53
Google Ads,2025-03-07,1079.98
Meta Ads,2025-03-07,595.15
Referidos,2025-03-07,249.84
Email,2025-03-08,89.33
Eventos,2025-03-08,247.44
Google Ads,2025-03-08,685.90
Meta Ads,2025-03-08,583.78
Referidos,2025-03-08,200.36
Email,2025-03-09,124.42
Eventos,2025-03-09,319.21
Google Ads,2025-03-09,709.78
Meta Ads,2025-03-09,482.40
Referidos,2025-03-09,179.41
Email,2025-03-10,135.21
Eventos,2025-03-10,398.75
Google Ads,2025-03-10,1070.27
Meta Ads,2025-03-10,760.99
Referidos,2025-03-10,285.79
Email,2025-03-11,153.23
Eventos,2025-03-11,401.73
Google Ads,2025-03-11,790.99
Meta Ads,2025-03-11,724.13
Referidos,2025-03-11,242.20
Email,2025-03-12,152.36
Eventos,2025-03-12,392.13
Google Ads,2025-03-12,979.75
Meta Ads,2025-03-12,615.74
Referidos,2025-03-12,241.35
Email,2025-03-13,155.75
Eventos,2025-03-13,379.50
Google Ads,2025-03-13,827.49
Meta Ads,2025-03-13,640.64
Referidos,2025-03-13,249.53
Email,2025-03-14,154.18
Eventos,2025-03-14,447.33
Google Ads,2025-03-14,827.59
Meta Ads,2025-03-14,731.28
Referidos,2025-03-14,302.95
Email,2025-03-15,113.27
Eventos,2025-03-15,335.72
Google Ads,2025-03-15,575.78
Meta Ads,2025-03-15,406.38
Referidos,2025-03-15,157.45
Email,2025-03-16,92.73
Eventos,2025-03-16,261.99
Google Ads,2025-03-16,630.97
Meta Ads,2025-03-16,395.19
Referidos,2025-03-16,185.74
Email,2025-03-17,179.25
Eventos,2025-03-17,322.58
Google Ads,2025-03-17,1071.84
Meta Ads,2025-03-17,599.33
Referidos,2025-03-17,229.04
Email,2025-03-18,178.49
Eventos,2025-03-18,413.23
Google Ads,2025-03-18,997.23
Meta Ads,2025-03-18,721.96
Referidos,2025-03-18,291.08
Email,2025-03-19,166.21
Eventos,2025-03-19,370.92
Google Ads,2025-03-19,897.34
Meta Ads,2025-03-19,768.12
Referidos,2025-03-19,273.00
Email,2025-03-20,145.08
Eventos,2025-03-20,458.68
Google Ads,2025-03-20,845.00
Meta Ads,2025-03-20,562.23
Referidos,2025-03-20,221.98
Email,2025-03-21,172.56
Eventos,2025-03-21,418.24
Google Ads,2025-03-21,722.46
Meta Ads,2025-03-21,799.34
Referidos,2025-03-21,253.83
Email,2025-03-22,110.25
Eventos,2025-03-22,330.14
Google Ads,2025-03-22,578.08
Meta Ads,2025-03-22,480.83
Referidos,2025-03-22,177.61
Email,2025-03-23,116.17
Eventos,2025-03-23,295.68
Google Ads,2025-03-23,674.70
Meta Ads,2025-03-23,458.87
Referidos,2025-03-23,175.22
Email,2025-03-24,134.02
Eventos,2025-03-24,324.24
Google Ads,2025-03-24,901.93
Meta Ads,2025-03-24,642.91
Referidos,2025-03-24,307.01
Email,2025-03-25,148.22
Eventos,2025-03-25,365.20
Google Ads,2025-03-25,774.95
Meta Ads,2025-03-25,741.42
Referidos,2025-03-25,309.22
Email,2025-03-26,146.60
Eventos,2025-03-26,377.10
Google Ads,2025-03-26,791.75
Meta Ads,2025-03-26,796.70
Referidos,2025-03-26,257.79
Email,2025-03-27,178.07
Eventos,2025-03-27,468.49
Google Ads,2025-03-27,854.80
Meta Ads,2025-03-27,736.03
Referidos,2025-03-27,232.61
Email,2025-03-28,171.48
Eventos,2025-03-28,402.62
Google Ads,2025-03-28,741.74
Meta Ads,2025-03-28,664.56
Referidos,2025-03-28,303.10
Email,2025-03-29,95.17
Eventos,2025-03-29,316.25
Google Ads,2025-03-29,720.65
Meta Ads,2025-03-29,503.92
Referidos,2025-03-29,200.51
Email,2025-03-30,99.16
Eventos,2025-03-30,263.11
Google Ads,2025-03-30,617.84
Meta Ads,2025-03-30,457.51
Referidos,2025-03-30,197.94
Email,2025-03-31,143.71
Eventos,2025-03-31,416.54
Google Ads,2025-03-31,880.95
Meta Ads,2025-03-31,785.05
Referidos,2025-03-31,290.37
Email,2025-04-01,124.63
Eventos,2025-04-01,457.87
Google Ads,2025-04-01,818.59
Meta Ads,2025-04-01,600.33
Referidos,2025-04-01,244.73
Email,2025-04-02,168.53
Eventos,2025-04-02,415.63
Google Ads,2025-04-02,765.40
Meta Ads,2025-04-02,714.24
Referidos,2025-04-02,227.90
Email,2025-04-03,157.46
Eventos,2025-04-03,344.18
Google Ads,2025-04-03,1006.12
Meta Ads,2025-04-03,677.17
Referidos,2025-04-03,250.16
Email,2025-04-04,133.47
Eventos,2025-04-04,436.76
Google Ads,2025-04-04,787.76
Meta Ads,2025-04-04,766.10
Referidos,2025-04-04,290.37
Email,2025-04-05,114.99
Eventos,2025-04-05,329.59
Google Ads,2025-04-05,520.17
Meta Ads,2025-04-05,474.77
Referidos,2025-04-05,185.46
Email,2025-04-06,110.11
Eventos,2025-04-06,308.46
Google Ads,2025-04-06,564.81
Meta Ads,2025-04-06,581.17
Referidos,2025-04-06,190.22
Email,2025-04-07,166.43
Eventos,2025-04-07,335.74
Google Ads,2025-04-07,1008.78
Meta Ads,2025-04-07,766.61
Referidos,2025-04-07,284.11
Email,2025-04-08,157.48
Eventos,2025-04-08,376.40
Google Ads,2025-04-08,752.28
Meta Ads,2025-04-08,763.89
Referidos,2025-04-08,264.75
Email,2025-04-09,134.07
Eventos,2025-04-09,440.58
Google Ads,2025-04-09,949.38
Meta Ads,2025-04-09,642.95
Referidos,2025-04-09,238.86
Email,2025-04-10,163.73
Eventos,2025-04-10,321.25
Google Ads,2025-04-10,1036.23
Meta Ads,2025-04-10,719.62
Referidos,2025-04-10,212.42
Email,2025-04-11,173.60
Eventos,2025-04-11,449.11
Google Ads,2025-04-11,882.95
Meta Ads,2025-04-11,624.86
Referidos,2025-04-11,218.56
Email,2025-04-12,103.21
Eventos,2025-04-12,320.65
Google Ads,2025-04-12,700.63
Meta Ads,2025-04-12,411.65
Referidos,2025-04-12,215.41
Email,2025-04-13,106.50
Eventos,2025-04-13,266.14
Google Ads,2025-04-13,669.96
Meta Ads,2025-04-13,580.02
Referidos,2025-04-13,167.23
Email,2025-04-14,131.86
Eventos,2025-04-14,375.93
Google Ads,2025-04-14,852.13
Meta Ads,2025-04-14,624.67
Referidos,2025-04-14,225.04
Email,2025-04-15,143.06
Eventos,2025-04-15,337.33
Google Ads,2025-04-15,728.76
Meta Ads,2025-04-15,751.21
Referidos,2025-04-15,215.79
Email,2025-04-16,148.84
Eventos,2025-04-16,353.09
Google Ads,2025-04-16,980.86
Meta Ads,2025-04-16,807.40
Referidos,2025-04-16,279.85
Email,2025-04-17,157.08
Eventos,2025-04-17,384.62
Google Ads,2025-04-17,983.58
Meta Ads,2025-04-17,639.26
Referidos,2025-04-17,302.41
Email,2025-04-18,121.99
Eventos,2025-04-18,350.08
Google Ads,2025-04-18,997.18
Meta Ads,2025-04-18,831.08
Referidos,2025-04-18,223.18
Email,2025-04-19,103.33
Eventos,2025-04-19,310.72
Google Ads,2025-04-19,514.33
Meta Ads,2025-04-19,472.37
Referidos,2025-04-19,155.31
Email,2025-04-20,123.85
Eventos,2025-04-20,262.88
Google Ads,2025-04-20,623.28
Meta Ads,2025-04-20,506.67
Referidos,2025-04-20,155.88
Email,2025-04-21,169.92
Eventos,2025-04-21,403.15
Google Ads,2025-04-21,795.53
Meta Ads,2025-04-21,759.64
Referidos,2025-04-21,275.90
Email,2025-04-22,121.74
Eventos,2025-04-22,390.02
Google Ads,2025-04-22,1035.32
Meta Ads,2025-04-22,814.55
Referidos,2025-04-22,213.55
Email,2025-04-23,154.67
Eventos,2025-04-23,341.57
Google Ads,2025-04-23,988.59
Meta Ads,2025-04-23,580.84
Referidos,2025-04-23,249.36
Email,2025-04-24,127.45
Eventos,2025-04-24,448.77
Google Ads,2025-04-24,808.47
Meta Ads,2025-04-24,700.75
Referidos,2025-04-24,229.60
Email,2025-04-25,155.91
Eventos,2025-04-25,468.12
Google Ads,2025-04-25,765.36
Meta Ads,2025-04-25,735.42
Referidos,2025-04-25,209.95
Email,2025-04-26,102.01
Eventos,2025-04-26,270.46
Google Ads,2025-04-26,698.46
Meta Ads,2025-04-26,545.50
Referidos,2025-04-26,172.63
Email,2025-04-27,112.78
Eventos,2025-04-27,321.92
Google Ads,2025-04-27,603.26
Meta Ads,2025-04-27,456.47
Referidos,2025-04-27,188.70
Email,2025-04-28,123.10
Eventos,2025-04-28,366.14
Google Ads,2025-04-28,1012.72
Meta Ads,2025-04-28,665.73
Referidos,2025-04-28,306.72
Email,2025-04-29,123.51
Eventos,2025-04-29,427.07
Google Ads,2025-04-29,857.79
Meta Ads,2025-04-29,585.93
Referidos,2025-04-29,270.71
Email,2025-04-30,147.40
Eventos,2025-04-30,353.24
Google Ads,2025-04-30,1076.02
Meta Ads,2025-04-30,623.35
Referidos,2025-04-30,269.06
Email,2025-05-01,171.66
Eventos,2025-05-01,333.83
Google Ads,2025-05-01,722.05
Meta Ads,2025-05-01,634.57
Referidos,2025-05-01,267.02
Email,2025-05-02,122.50
Eventos,2025-05-02,350.42
Google Ads,2025-05-02,1031.51
Meta Ads,2025-05-02,699.97
Referidos,2025-05-02,299.58
Email,2025-05-03,90.94
Eventos,2025-05-03,325.06
Google Ads,2025-05-03,710.45
Meta Ads,2025-05-03,577.18
Referidos,2025-05-03,149.07
Email,2025-05-04,93.25
Eventos,2025-05-04,281.01
Google Ads,2025-05-04,748.82
Meta Ads,2025-05-04,401.15
Referidos,2025-05-04,173.32
Email,2025-05-05,131.23
Eventos,2025-05-05,352.38
Google Ads,2025-05-05,997.03
Meta Ads,2025-05-05,620.88
Referidos,2025-05-05,219.99
Email,2025-05-06,171.13
Eventos,2025-05-06,323.71
Google Ads,2025-05-06,882.10
Meta Ads,2025-05-06,812.07
Referidos,2025-05-06,232.23
Email,2025-05-07,178.09
Eventos,2025-05-07,443.10
Google Ads,2025-05-07,1033.14
Meta Ads,2025-05-07,683.78
Referidos,2025-05-07,276.13
Email,2025-05-08,146.59
Eventos,2025-05-08,415.40
Google Ads,2025-05-08,792.22
Meta Ads,2025-05-08,742.40
Referidos,2025-05-08,254.07
Email,2025-05-09,142.72
Eventos,2025-05-09,333.42
Google Ads,2025-05-09,823.47
Meta Ads,2025-05-09,806.78
Referidos,2025-05-09,271.80
Email,2025-05-10,117.79
Eventos,2025-05-10,323.77
Google Ads,2025-05-10,543.24
Meta Ads,2025-05-10,558.74
Referidos,2025-05-10,154.69
Email,2025-05-11,117.40
Eventos,2025-05-11,258.95
Google Ads,2025-05-11,566.06
Meta Ads,2025-05-11,476.16
Referidos,2025-05-11,176.77
Email,2025-05-12,179.37
Eventos,2025-05-12,452.15
Google Ads,2025-05-12,856.78
Meta Ads,2025-05-12,734.29
Referidos,2025-05-12,250.02
Email,2025-05-13,133.47
Eventos,2025-05-13,476.70
Google Ads,2025-05-13,846.79
Meta Ads,2025-05-13,800.64
Referidos,2025-05-13,287.68
Email,2025-05-14,151.11
Eventos,2025-05-14,360.94
Google Ads,2025-05-14,807.88
Meta Ads,2025-05-14,834.61
Referidos,2025-05-14,259.84
Email,2025-05-15,151.03
Eventos,2025-05-15,382.66
Google Ads,2025-05-15,1031.33
Meta Ads,2025-05-15,704.98
Referidos,2025-05-15,272.34
Email,2025-05-16,131.30
Eventos,2025-05-16,356.83
Google Ads,2025-05-16,805.28
Meta Ads,2025-05-16,699.20
Referidos,2025-05-16,259.74
Email,2025-05-17,118.72
Eventos,2025-05-17,251.79
Google Ads,2025-05-17,526.48
Meta Ads,2025-05-17,427.68
Referidos,2025-05-17,179.22
Email,2025-05-18,119.14
Eventos,2025-05-18,316.54
Google Ads,2025-05-18,521.11
Meta Ads,2025-05-18,557.07
Referidos,2025-05-18,200.89
Email,2025-05-19,121.73
Eventos,2025-05-19,466.69
Google Ads,2025-05-19,914.60
Meta Ads,2025-05-19,637.41
Referidos,2025-05-19,239.14
Email,2025-05-20,152.57
Eventos,2025-05-20,367.08
Google Ads,2025-05-20,1030.78
Meta Ads,2025-05-20,836.92
Referidos,2025-05-20,261.02
Email,2025-05-21,177.87
Eventos,2025-05-21,446.80
Google Ads,2025-05-21,791.42
Meta Ads,2025-05-21,711.96
Referidos,2025-05-21,219.65
Email,2025-05-22,127.11
Eventos,2025-05-22,451.09
Google Ads,2025-05-22,817.69
Meta Ads,2025-05-22,620.45
Referidos,2025-05-22,247.05
Email,2025-05-23,122.81
Eventos,2025-05-23,459.86
Google Ads,2025-05-23,901.61
Meta Ads,2025-05-23,715.52
Referidos,2025-05-23,269.48
Email,2025-05-24,97.50
Eventos,2025-05-24,301.17
Google Ads,2025-05-24,665.25
Meta Ads,2025-05-24,478.43
Referidos,2025-05-24,152.87
Email,2025-05-25,125.74
Eventos,2025-05-25,322.67
Google Ads,2025-05-25,698.55
Meta Ads,2025-05-25,500.13
Referidos,2025-05-25,173.73
Email,2025-05-26,158.84
Eventos,2025-05-26,376.74
Google Ads,2025-05-26,1035.59
Meta Ads,2025-05-26,661.77
Referidos,2025-05-26,283.79
Email,2025-05-27,134.71
Eventos,2025-05-27,332.67
Google Ads,2025-05-27,950.81
Meta Ads,2025-05-27,748.66
Referidos,2025-05-27,251.45
Email,2025-05-28,164.32
Eventos,2025-05-28,461.98
Google Ads,2025-05-28,805.14
Meta Ads,2025-05-28,826.41
Referidos,2025-05-28,268.74
Email,2025-05-29,122.17
Eventos,2025-05-29,413.46
Google Ads,2025-05-29,948.84
Meta Ads,2025-05-29,773.99
Referidos,2025-05-29,290.76
Email,2025-05-30,176.95
Eventos,2025-05-30,391.05
Google Ads,2025-05-30,897.30
Meta Ads,2025-05-30,583.09
Referidos,2025-05-30,236.87
Email,2025-05-31,95.54
Eventos,2025-05-31,246.64
Google Ads,2025-05-31,608.41
Meta Ads,2025-05-31,485.15
Referidos,2025-05-31,218.25
Email,2025-06-01,104.67
Eventos,2025-06-01,278.61
Google Ads,2025-06-01,668.85
Meta Ads,2025-06-01,447.92
Referidos,2025-06-01,188.76
Email,2025-06-02,164.81
Eventos,2025-06-02,332.91
Google Ads,2025-06-02,720.50
Meta Ads,2025-06-02,671.76
Referidos,2025-06-02,303.70
Email,2025-06-03,152.21
Eventos,2025-06-03,473.05
Google Ads,2025-06-03,824.14
Meta Ads,2025-06-03,796.17
Referidos,2025-06-03,311.15
Email,2025-06-04,125.04
Eventos,2025-06-04,475.34
Google Ads,2025-06-04,740.69
Meta Ads,2025-06-04,796.52
Referidos,2025-06-04,296.93
Email,2025-06-05,176.89
Eventos,2025-06-05,461.52
Google Ads,2025-06-05,923.47
Meta Ads,2025-06-05,733.33
Referidos,2025-06-05,212.48
Email,2025-06-06,156.98
Eventos,2025-06-06,395.93
Google Ads,2025-06-06,897.32
Meta Ads,2025-06-06,565.40
Referidos,2025-06-06,290.26
Email,2025-06-07,116.64
Eventos,2025-06-07,307.29
Google Ads,2025-06-07,753.52
Meta Ads,2025-06-07,421.23
Referidos,2025-06-07,151.94
Email,2025-06-08,114.75
Eventos,2025-06-08,254.50
Google Ads,2025-06-08,556.74
Meta Ads,2025-06-08,465.14
Referidos,2025-06-08,195.22
Email,2025-06-09,148.71
Eventos,2025-06-09,364.13
Google Ads,2025-06-09,802.29
Meta Ads,2025-06-09,772.98
Referidos,2025-06-09,227.67
Email,2025-06-10,162.59
Eventos,2025-06-10,477.19
Google Ads,2025-06-10,936.05
Meta Ads,2025-06-10,681.48
Referidos,2025-06-10,261.36
Email,2025-06-11,153.37
Eventos,2025-06-11,453.58
Google Ads,2025-06-11,921.41
Meta Ads,2025-06-11,694.92
Referidos,2025-06-11,221.23
Email,2025-06-12,178.74
Eventos,2025-06-12,467.61
Google Ads,2025-06-12,765.23
Meta Ads,2025-06-12,599.37
Referidos,2025-06-12,309.60
Email,2025-06-13,148.73
Eventos,2025-06-13,328.03
Google Ads,2025-06-13,782.73
Meta Ads,2025-06-13,670.50
Referidos,2025-06-13,251.69
Email,2025-06-14,125.73
Eventos,2025-06-14,302.92
Google Ads,2025-06-14,588.27
Meta Ads,2025-06-14,543.41
Referidos,2025-06-14,158.78
Email,2025-06-15,123.74
Eventos,2025-06-15,317.87
Google Ads,2025-06-15,736.28
Meta Ads,2025-06-15,586.40
Referidos,2025-06-15,197.81
Email,2025-06-16,128.36
Eventos,2025-06-16,325.80
Google Ads,2025-06-16,947.42
Meta Ads,2025-06-16,801.57
Referidos,2025-06-16,267.45
Email,2025-06-17,143.17
Eventos,2025-06-17,445.69
Google Ads,2025-06-17,1019.42
Meta Ads,2025-06-17,837.57
Referidos,2025-06-17,305.06
Email,2025-06-18,179.58
Eventos,2025-06-18,355.32
Google Ads,2025-06-18,963.16
Meta Ads,2025-06-18,590.69
Referidos,2025-06-18,301.99
Email,2025-06-19,136.43
Eventos,2025-06-19,453.89
Google Ads,2025-06-19,927.24
Meta Ads,2025-06-19,677.27
Referidos,2025-06-19,212.30
Email,2025-06-20,164.64
Eventos,2025-06-20,415.35
Google Ads,2025-06-20,988.83
Meta Ads,2025-06-20,566.94
Referidos,2025-06-20,267.10
Email,2025-06-21,89.14
Eventos,2025-06-21,267.11
Google Ads,2025-06-21,511.05
Meta Ads,2025-06-21,465.15
Referidos,2025-06-21,182.45
Email,2025-06-22,101.09
Eventos,2025-06-22,229.52
Google Ads,2025-06-22,699.73
Meta Ads,2025-06-22,420.92
Referidos,2025-06-22,186.69
Email,2025-06-23,121.64
Eventos,2025-06-23,460.06
Google Ads,2025-06-23,912.60
Meta Ads,2025-06-23,644.80
Referidos,2025-06-23,224.54
Email,2025-06-24,169.02
Eventos,2025-06-24,462.82
Google Ads,2025-06-24,1029.98
Meta Ads,2025-06-24,608.01
Referidos,2025-06-24,215.81
Email,2025-06-25,142.60
Eventos,2025-06-25,321.74
Google Ads,2025-06-25,916.48
Meta Ads,2025-06-25,805.85
Referidos,2025-06-25,237.49
Email,2025-06-26,144.02
Eventos,2025-06-26,366.95
Google Ads,2025-06-26,853.64
Meta Ads,2025-06-26,642.80
Referidos,2025-06-26,304.96
Email,2025-06-27,152.21
Eventos,2025-06-27,402.71
Google Ads,2025-06-27,939.24
Meta Ads,2025-06-27,677.38
Referidos,2025-06-27,292.42
Email,2025-06-28,102.27
Eventos,2025-06-28,327.85
Google Ads,2025-06-28,643.07
Meta Ads,2025-06-28,410.35
Referidos,2025-06-28,217.17
Email,2025-06-29,117.55
Eventos,2025-06-29,295.38
Google Ads,2025-06-29,602.65
Meta Ads,2025-06-29,586.04
Referidos,2025-06-29,164.24
Email,2025-06-30,165.24
Eventos,2025-06-30,457.88
Google Ads,2025-06-30,786.81
Meta Ads,2025-06-30,698.22
Referidos,2025-06-30,305.68
Email,2025-07-01,145.70
Eventos,2025-07-01,398.76
Google Ads,2025-07-01,821.53
Meta Ads,2025-07-01,777.79
Referidos,2025-07-01,284.37
Email,2025-07-02,153.81
Eventos,2025-07-02,446.85
Google Ads,2025-07-02,783.27
Meta Ads,2025-07-02,632.05
Referidos,2025-07-02,245.05
Email,2025-07-03,170.21
Eventos,2025-07-03,466.63
Google Ads,2025-07-03,747.43
Meta Ads,2025-07-03,744.77
Referidos,2025-07-03,272.23
Email,2025-07-04,142.02
Eventos,2025-07-04,409.33
Google Ads,2025-07-04,810.29
Meta Ads,2025-07-04,646.01
Referidos,2025-07-04,271.68
Email,2025-07-05,111.75
Eventos,2025-07-05,285.52
Google Ads,2025-07-05,533.23
Meta Ads,2025-07-05,475.28
Referidos,2025-07-05,195.31
Email,2025-07-06,85.73
Eventos,2025-07-06,319.90
Google Ads,2025-07-06,746.67
Meta Ads,2025-07-06,565.52
Referidos,2025-07-06,150.02
Email,2025-07-07,168.63
Eventos,2025-07-07,410.60
Google Ads,2025-07-07,894.31
Meta Ads,2025-07-07,681.80
Referidos,2025-07-07,249.85
Email,2025-07-08,174.55
Eventos,2025-07-08,347.30
Google Ads,2025-07-08,803.80
Meta Ads,2025-07-08,837.97
Referidos,2025-07-08,233.97
Email,2025-07-09,172.90
Eventos,2025-07-09,383.42
Google Ads,2025-07-09,1055.26
Meta Ads,2025-07-09,705.44
Referidos,2025-07-09,297.96
Email,2025-07-10,148.80
Eventos,2025-07-10,460.01
Google Ads,2025-07-10,726.86
Meta Ads,2025-07-10,624.25
Referidos,2025-07-10,291.63
Email,2025-07-11,127.57
Eventos,2025-07-11,376.28
Google Ads,2025-07-11,743.09
Meta Ads,2025-07-11,700.52
Referidos,2025-07-11,231.84
Email,2025-07-12,114.42
Eventos,2025-07-12,285.93
Google Ads,2025-07-12,521.80
Meta Ads,2025-07-12,530.61
Referidos,2025-07-12,217.90
Email,2025-07-13,113.89
Eventos,2025-07-13,285.14
Google Ads,2025-07-13,588.07
Meta Ads,2025-07-13,422.80
Referidos,2025-07-13,164.96
Email,2025-07-14,124.94
Eventos,2025-07-14,395.26
Google Ads,2025-07-14,1059.51
Meta Ads,2025-07-14,618.77
Referidos,2025-07-14,288.86
Email,2025-07-15,175.23
Eventos,2025-07-15,337.65
Google Ads,2025-07-15,905.00
Meta Ads,2025-07-15,691.10
Referidos,2025-07-15,300.27
Email,2025-07-16,136.06
Eventos,2025-07-16,333.30
Google Ads,2025-07-16,884.48
Meta Ads,2025-07-16,563.73
Referidos,2025-07-16,223.41
Email,2025-07-17,159.26
Eventos,2025-07-17,471.20
Google Ads,2025-07-17,908.12
Meta Ads,2025-07-17,647.91
Referidos,2025-07-17,282.08
Email,2025-07-18,123.68
Eventos,2025-07-18,448.50
Google Ads,2025-07-18,823.00
Meta Ads,2025-07-18,697.16
Referidos,2025-07-18,251.64
Email,2025-07-19,84.85
Eventos,2025-07-19,233.13
Google Ads,2025-07-19,725.89
Meta Ads,2025-07-19,428.48
Referidos,2025-07-19,194.19
Email,2025-07-20,97.15
Eventos,2025-07-20,315.61
Google Ads,2025-07-20,707.26
Meta Ads,2025-07-20,403.02
Referidos,2025-07-20,190.83
Email,2025-07-21,120.87
Eventos,2025-07-21,431.47
Google Ads,2025-07-21,939.36
Meta Ads,2025-07-21,665.34
Referidos,2025-07-21,246.62
Email,2025-07-22,178.90
Eventos,2025-07-22,409.56
Google Ads,2025-07-22,957.17
Meta Ads,2025-07-22,602.19
Referidos,2025-07-22,287.94
Email,2025-07-23,125.48
Eventos,2025-07-23,364.54
Google Ads,2025-07-23,1076.75
Meta Ads,2025-07-23,800.08
Referidos,2025-07-23,302.72
Email,2025-07-24,157.60
Eventos,2025-07-24,379.95
Google Ads,2025-07-24,897.70
Meta Ads,2025-07-24,567.93
Referidos,2025-07-24,264.12
Email,2025-07-25,162.24
Eventos,2025-07-25,479.00
Google Ads,2025-07-25,892.34
Meta Ads,2025-07-25,773.44
Referidos,2025-07-25,295.39
Email,2025-07-26,123.63
Eventos,2025-07-26,301.45
Google Ads,2025-07-26,641.81
Meta Ads,2025-07-26,480.82
Referidos,2025-07-26,146.80
Email,2025-07-27,99.44
Eventos,2025-07-27,240.92
Google Ads,2025-07-27,644.71
Meta Ads,2025-07-27,448.15
Referidos,2025-07-27,191.30
Email,2025-07-28,134.13
Eventos,2025-07-28,417.11
Google Ads,2025-07-28,740.48
Meta Ads,2025-07-28,706.02
Referidos,2025-07-28,246.58
Email,2025-07-29,179.85
Eventos,2025-07-29,447.29
Google Ads,2025-07-29,924.96
Meta Ads,2025-07-29,678.94
Referidos,2025-07-29,230.30
Email,2025-07-30,148.40
Eventos,2025-07-30,399.18
Google Ads,2025-07-30,793.29
Meta Ads,2025-07-30,715.21
Referidos,2025-07-30,270.05
Email,2025-07-31,133.96
Eventos,2025-07-31,375.76
Google Ads,2025-07-31,1054.02
Meta Ads,2025-07-31,627.64
Referidos,2025-07-31,249.25
Email,2025-08-01,157.48
Eventos,2025-08-01,419.38
Google Ads,2025-08-01,751.16
Meta Ads,2025-08-01,662.86
Referidos,2025-08-01,301.63
Email,2025-08-02,99.26
Eventos,2025-08-02,280.01
Google Ads,2025-08-02,620.28
Meta Ads,2025-08-02,401.14
Referidos,2025-08-02,145.80
Email,2025-08-03,113.78
Eventos,2025-08-03,286.48
Google Ads,2025-08-03,537.47
Meta Ads,2025-08-03,500.17
Referidos,2025-08-03,206.56
Email,2025-08-04,141.74
Eventos,2025-08-04,411.61
Google Ads,2025-08-04,936.41
Meta Ads,2025-08-04,565.75
Referidos,2025-08-04,298.16
Email,2025-08-05,155.01
Eventos,2025-08-05,449.03
Google Ads,2025-08-05,997.67
Meta Ads,2025-08-05,572.44
Referidos,2025-08-05,277.15
Email,2025-08-06,158.91
Eventos,2025-08-06,468.78
Google Ads,2025-08-06,807.00
Meta Ads,2025-08-06,658.45
Referidos,2025-08-06,303.80
Email,2025-08-07,139.49
Eventos,2025-08-07,473.48
Google Ads,2025-08-07,885.94
Meta Ads,2025-08-07,650.21
Referidos,2025-08-07,248.22
Email,2025-08-08,167.87
Eventos,2025-08-08,373.82
Google Ads,2025-08-08,916.92
Meta Ads,2025-08-08,778.55
Referidos,2025-08-08,276.30
Email,2025-08-09,105.38
Eventos,2025-08-09,259.24
Google Ads,2025-08-09,652.06
Meta Ads,2025-08-09,508.62
Referidos,2025-08-09,146.32
Email,2025-08-10,95.63
Eventos,2025-08-10,324.64
Google Ads,2025-08-10,656.47
Meta Ads,2025-08-10,393.15
Referidos,2025-08-10,167.88
Email,2025-08-11,160.62
Eventos,2025-08-11,395.30
Google Ads,2025-08-11,823.30
Meta Ads,2025-08-11,770.83
Referidos,2025-08-11,245.71
Email,2025-08-12,131.92
Eventos,2025-08-12,444.07
Google Ads,2025-08-12,858.43
Meta Ads,2025-08-12,832.01
Referidos,2025-08-12,235.86
Email,2025-08-13,162.05
Eventos,2025-08-13,386.93
Google Ads,2025-08-13,1071.33
Meta Ads,2025-08-13,574.84
Referidos,2025-08-13,273.60
Email,2025-08-14,157.39
Eventos,2025-08-14,479.22
Google Ads,2025-08-14,988.32
Meta Ads,2025-08-14,758.81
Referidos,2025-08-14,281.03
Email,2025-08-15,135.79
Eventos,2025-08-15,386.44
Google Ads,2025-08-15,835.37
Meta Ads,2025-08-15,580.77
Referidos,2025-08-15,219.06
Email,2025-08-16,120.83
Eventos,2025-08-16,330.78
Google Ads,2025-08-16,582.39
Meta Ads,2025-08-16,527.36
Referidos,2025-08-16,162.69
Email,2025-08-17,91.96
Eventos,2025-08-17,325.27
Google Ads,2025-08-17,702.91
Meta Ads,2025-08-17,532.61
Referidos,2025-08-17,182.31
Email,2025-08-18,148.09
Eventos,2025-08-18,441.10
Google Ads,2025-08-18,1035.27
Meta Ads,2025-08-18,564.33
Referidos,2025-08-18,240.08
Email,2025-08-19,171.91
Eventos,2025-08-19,332.85
Google Ads,2025-08-19,1034.45
Meta Ads,2025-08-19,688.21
Referidos,2025-08-19,232.50
Email,2025-08-20,163.75
Eventos,2025-08-20,406.15
Google Ads,2025-08-20,1065.78
Meta Ads,2025-08-20,754.82
Referidos,2025-08-20,302.27
Email,2025-08-21,123.28
Eventos,2025-08-21,457.86
Google Ads,2025-08-21,833.61
Meta Ads,2025-08-21,825.33
Referidos,2025-08-21,286.71
Email,2025-08-22,142.13
Eventos,2025-08-22,468.62
Google Ads,2025-08-22,744.94
Meta Ads,2025-08-22,794.90
Referidos,2025-08-22,308.58
Email,2025-08-23,93.52
Eventos,2025-08-23,230.97
Google Ads,2025-08-23,752.95
Meta Ads,2025-08-23,425.15
Referidos,2025-08-23,176.03
Email,2025-08-24,124.06
Eventos,2025-08-24,241.13
Google Ads,2025-08-24,619.29
Meta Ads,2025-08-24,400.54
Referidos,2025-08-24,186.54
Email,2025-08-25,147.61
Eventos,2025-08-25,429.18
Google Ads,2025-08-25,950.48
Meta Ads,2025-08-25,611.37
Referidos,2025-08-25,277.37
Email,2025-08-26,135.42
Eventos,2025-08-26,352.25
Google Ads,2025-08-26,769.42
Meta Ads,2025-08-26,804.09
Referidos,2025-08-26,254.63
Email,2025-08-27,128.06
Eventos,2025-08-27,376.23
Google Ads,2025-08-27,777.37
Meta Ads,2025-08-27,604.69
Referidos,2025-08-27,241.75
Email,2025-08-28,140.15
Eventos,2025-08-28,421.06
Google Ads,2025-08-28,998.70
Meta Ads,2025-08-28,583.53
Referidos,2025-08-28,285.21
Email,2025-08-29,168.27
Eventos,2025-08-29,374.80
Google Ads,2025-08-29,1020.74
Meta Ads,2025-08-29,783.16
Referidos,2025-08-29,245.42
Email,2025-08-30,98.01
Eventos,2025-08-30,230.65
Google Ads,2025-08-30,600.96
Meta Ads,2025-08-30,407.32
Referidos,2025-08-30,172.72
Email,2025-08-31,105.48
Eventos,2025-08-31,326.69
Google Ads,2025-08-31,684.53
Meta Ads,2025-08-31,514.59
Referidos,2025-08-31,217.10
Email,2025-09-01,160.63
Eventos,2025-09-01,419.72
Google Ads,2025-09-01,1004.15
Meta Ads,2025-09-01,751.47
Referidos,2025-09-01,219.82
Email,2025-09-02,163.52
Eventos,2025-09-02,329.69
Google Ads,2025-09-02,788.83
Meta Ads,2025-09-02,803.55
Referidos,2025-09-02,256.70
Email,2025-09-03,174.62
Eventos,2025-09-03,413.29
Google Ads,2025-09-03,1078.01
Meta Ads,2025-09-03,663.08
Referidos,2025-09-03,231.47
Email,2025-09-04,141.49
Eventos,2025-09-04,331.52
Google Ads,2025-09-04,878.71
Meta Ads,2025-09-04,713.01
Referidos,2025-09-04,305.76
Email,2025-09-05,177.85
Eventos,2025-09-05,451.84
Google Ads,2025-09-05,850.12
Meta Ads,2025-09-05,578.33
Referidos,2025-09-05,244.56
Email,2025-09-06,107.34
Eventos,2025-09-06,298.42
Google Ads,2025-09-06,555.53
Meta Ads,2025-09-06,522.92
Referidos,2025-09-06,190.21
Email,2025-09-07,112.87
Eventos,2025-09-07,332.10
Google Ads,2025-09-07,504.68
Meta Ads,2025-09-07,488.08
Referidos,2025-09-07,157.07
Email,2025-09-08,165.83
Eventos,2025-09-08,388.64
Google Ads,2025-09-08,791.76
Meta Ads,2025-09-08,573.92
Referidos,2025-09-08,244.88
Email,2025-09-09,125.97
Eventos,2025-09-09,472.97
Google Ads,2025-09-09,885.29
Meta Ads,2025-09-09,581.13
Referidos,2025-09-09,240.40
Email,2025-09-10,130.08
Eventos,2025-09-10,325.36
Google Ads,2025-09-10,907.21
Meta Ads,2025-09-10,791.04
Referidos,2025-09-10,244.10
Email,2025-09-11,177.35
Eventos,2025-09-11,449.73
Google Ads,2025-09-11,842.38
Meta Ads,2025-09-11,742.76
Referidos,2025-09-11,310.61
Email,2025-09-12,158.03
Eventos,2025-09-12,414.68
Google Ads,2025-09-12,1016.56
Meta Ads,2025-09-12,682.15
Referidos,2025-09-12,304.18
Email,2025-09-13,117.18
Eventos,2025-09-13,242.41
Google Ads,2025-09-13,631.34
Meta Ads,2025-09-13,460.65
Referidos,2025-09-13,174.56
Email,2025-09-14,88.07
Eventos,2025-09-14,258.85
Google Ads,2025-09-14,740.87
Meta Ads,2025-09-14,554.65
Referidos,2025-09-14,198.41
Email,2025-09-15,178.68
Eventos,2025-09-15,400.59
Google Ads,2025-09-15,1074.09
Meta Ads,2025-09-15,650.70
Referidos,2025-09-15,212.72
Email,2025-09-16,169.03
Eventos,2025-09-16,335.40
Google Ads,2025-09-16,889.40
Meta Ads,2025-09-16,665.16
Referidos,2025-09-16,269.30
Email,2025-09-17,127.30
Eventos,2025-09-17,335.30
Google Ads,2025-09-17,1055.55
Meta Ads,2025-09-17,635.95
Referidos,2025-09-17,249.48
Email,2025-09-18,175.07
Eventos,2025-09-18,348.74
Google Ads,2025-09-18,773.02
Meta Ads,2025-09-18,823.33
Referidos,2025-09-18,283.24
Email,2025-09-19,163.81
Eventos,2025-09-19,362.02
Google Ads,2025-09-19,757.15
Meta Ads,2025-09-19,623.57
Referidos,2025-09-19,310.97
Email,2025-09-20,105.74
Eventos,2025-09-20,293.86
Google Ads,2025-09-20,564.13
Meta Ads,2025-09-20,411.52
Referidos,2025-09-20,207.44
Email,2025-09-21,109.58
Eventos,2025-09-21,236.98
Google Ads,2025-09-21,626.09
Meta Ads,2025-09-21,573.18
Referidos,2025-09-21,183.64
Email,2025-09-22,121.29
Eventos,2025-09-22,329.73
Google Ads,2025-09-22,926.24
Meta Ads,2025-09-22,781.36
Referidos,2025-09-22,289.82
Email,2025-09-23,144.77
Eventos,2025-09-23,343.80
Google Ads,2025-09-23,914.22
Meta Ads,2025-09-23,696.01
Referidos,2025-09-23,268.54
Email,2025-09-24,124.70
Eventos,2025-09-24,405.03
Google Ads,2025-09-24,872.22
Meta Ads,2025-09-24,574.98
Referidos,2025-09-24,295.58
Email,2025-09-25,121.01
Eventos,2025-09-25,448.43
Google Ads,2025-09-25,1050.97
Meta Ads,2025-09-25,742.01
Referidos,2025-09-25,214.30
Email,2025-09-26,135.99
Eventos,2025-09-26,437.16
Google Ads,2025-09-26,1035.85
Meta Ads,2025-09-26,729.30
Referidos,2025-09-26,212.21
Email,2025-09-27,121.92
Eventos,2025-09-27,310.94
Google Ads,2025-09-27,595.80
Meta Ads,2025-09-27,493.35
Referidos,2025-09-27,148.13
Email,2025-09-28,120.92
Eventos,2025-09-28,251.27
Google Ads,2025-09-28,546.43
Meta Ads,2025-09-28,455.26
Referidos,2025-09-28,213.58
Email,2025-09-29,167.85
Eventos,2025-09-29,348.51
Google Ads,2025-09-29,725.52
Meta Ads,2025-09-29,676.11
Referidos,2025-09-29,269.31
Email,2025-09-30,147.32
Eventos,2025-09-30,437.64
Google Ads,2025-09-30,808.77
Meta Ads,2025-09-30,768.32
Referidos,2025-09-30,294.03
Email,2025-10-01,143.89
Eventos,2025-10-01,405.66
Google Ads,2025-10-01,854.69
Meta Ads,2025-10-01,663.54
Referidos,2025-10-01,281.47
Email,2025-10-02,151.90
Eventos,2025-10-02,399.81
Google Ads,2025-10-02,735.02
Meta Ads,2025-10-02,602.68
Referidos,2025-10-02,302.38
Email,2025-10-03,160.81
Eventos,2025-10-03,391.85
Google Ads,2025-10-03,778.51
Meta Ads,2025-10-03,658.17
Referidos,2025-10-03,266.67
Email,2025-10-04,107.92
Eventos,2025-10-04,297.73
Google Ads,2025-10-04,588.78
Meta Ads,2025-10-04,538.09
Referidos,2025-10-04,165.42
Email,2025-10-05,98.02
Eventos,2025-10-05,225.61
Google Ads,2025-10-05,740.91
Meta Ads,2025-10-05,518.26
Referidos,2025-10-05,170.70
Email,2025-10-06,157.59
Eventos,2025-10-06,400.97
Google Ads,2025-10-06,853.25
Meta Ads,2025-10-06,571.81
Referidos,2025-10-06,229.75
Email,2025-10-07,143.36
Eventos,2025-10-07,406.38
Google Ads,2025-10-07,1010.76
Meta Ads,2025-10-07,747.09
Referidos,2025-10-07,230.89
Email,2025-10-08,133.91
Eventos,2025-10-08,355.47
Google Ads,2025-10-08,966.19
Meta Ads,2025-10-08,795.47
Referidos,2025-10-08,277.48
Email,2025-10-09,168.36
Eventos,2025-10-09,434.24
Google Ads,2025-10-09,1000.27
Meta Ads,2025-10-09,635.83
Referidos,2025-10-09,213.09
Email,2025-10-10,155.31
Eventos,2025-10-10,327.54
Google Ads,2025-10-10,840.08
Meta Ads,2025-10-10,632.18
Referidos,2025-10-10,272.76
Email,2025-10-11,114.67
Eventos,2025-10-11,321.06
Google Ads,2025-10-11,523.12
Meta Ads,2025-10-11,571.94
Referidos,2025-10-11,173.76
Email,2025-10-12,121.35
Eventos,2025-10-12,305.68
Google Ads,2025-10-12,752.94
Meta Ads,2025-10-12,539.66
Referidos,2025-10-12,200.14
Email,2025-10-13,152.87
Eventos,2025-10-13,454.10
Google Ads,2025-10-13,1046.18
Meta Ads,2025-10-13,670.21
Referidos,2025-10-13,311.14
Email,2025-10-14,174.96
Eventos,2025-10-14,409.45
Google Ads,2025-10-14,1077.24
Meta Ads,2025-10-14,721.12
Referidos,2025-10-14,298.84
Email,2025-10-15,129.45
Eventos,2025-10-15,417.00
Google Ads,2025-10-15,907.02
Meta Ads,2025-10-15,611.49
Referidos,2025-10-15,311.73
Email,2025-10-16,131.68
Eventos,2025-10-16,447.29
Google Ads,2025-10-16,1030.86
Meta Ads,2025-10-16,644.68
Referidos,2025-10-16,214.91
Email,2025-10-17,171.45
Eventos,2025-10-17,478.38
Google Ads,2025-10-17,759.52
Meta Ads,2025-10-17,726.88
Referidos,2025-10-17,292.14
Email,2025-10-18,87.82
Eventos,2025-10-18,243.06
Google Ads,2025-10-18,691.27
Meta Ads,2025-10-18,405.88
Referidos,2025-10-18,183.28
Email,2025-10-19,104.13
Eventos,2025-10-19,286.12
Google Ads,2025-10-19,656.15
Meta Ads,2025-10-19,525.11
Referidos,2025-10-19,201.08
Email,2025-10-20,171.62
Eventos,2025-10-20,359.67
Google Ads,2025-10-20,1059.93
Meta Ads,2025-10-20,703.45
Referidos,2025-10-20,259.42
Email,2025-10-21,174.76
Eventos,2025-10-21,342.85
Google Ads,2025-10-21,780.31
Meta Ads,2025-10-21,571.69
Referidos,2025-10-21,307.14
Email,2025-10-22,153.59
Eventos,2025-10-22,351.30
Google Ads,2025-10-22,937.31
Meta Ads,2025-10-22,674.62
Referidos,2025-10-22,279.81
Email,2025-10-23,140.91
Eventos,2025-10-23,441.03
Google Ads,2025-10-23,724.72
Meta Ads,2025-10-23,776.11
Referidos,2025-10-23,209.93
Email,2025-10-24,175.32
Eventos,2025-10-24,414.75
Google Ads,2025-10-24,911.22
Meta Ads,2025-10-24,563.08
Referidos,2025-10-24,237.05
Email,2025-10-25,107.65
Eventos,2025-10-25,255.58
Google Ads,2025-10-25,653.94
Meta Ads,2025-10-25,531.66
Referidos,2025-10-25,192.46
Email,2025-10-26,104.41
Eventos,2025-10-26,252.76
Google Ads,2025-10-26,632.57
Meta Ads,2025-10-26,499.27
Referidos,2025-10-26,187.78
Email,2025-10-27,142.87
Eventos,2025-10-27,345.38
Google Ads,2025-10-27,1009.45
Meta Ads,2025-10-27,775.54
Referidos,2025-10-27,230.58
Email,2025-10-28,159.43
Eventos,2025-10-28,329.70
Google Ads,2025-10-28,876.91
Meta Ads,2025-10-28,693.58
Referidos,2025-10-28,220.51
Email,2025-10-29,127.29
Eventos,2025-10-29,452.38
Google Ads,2025-10-29,732.69
Meta Ads,2025-10-29,762.20
Referidos,2025-10-29,250.03
Email,2025-10-30,149.68
Eventos,2025-10-30,415.70
Google Ads,2025-10-30,1069.82
Meta Ads,2025-10-30,615.96
Referidos,2025-10-30,247.36
Email,2025-10-31,177.75
Eventos,2025-10-31,330.96
Google Ads,2025-10-31,1022.95
Meta Ads,2025-10-31,764.04
Referidos,2025-10-31,311.44
Email,2025-11-01,121.65
Eventos,2025-11-01,230.64
Google Ads,2025-11-01,715.20
Meta Ads,2025-11-01,547.35
Referidos,2025-11-01,214.29
Email,2025-11-02,97.65
Eventos,2025-11-02,240.20
Google Ads,2025-11-02,576.80
Meta Ads,2025-11-02,523.75
Referidos,2025-11-02,191.58
Email,2025-11-03,167.67
Eventos,2025-11-03,445.48
Google Ads,2025-11-03,725.63
Meta Ads,2025-11-03,792.53
Referidos,2025-11-03,222.59
Email,2025-11-04,120.12
Eventos,2025-11-04,404.58
Google Ads,2025-11-04,1063.92
Meta Ads,2025-11-04,563.36
Referidos,2025-11-04,306.32
Email,2025-11-05,127.13
Eventos,2025-11-05,469.74
Google Ads,2025-11-05,757.41
Meta Ads,2025-11-05,798.23
Referidos,2025-11-05,300.99
Email,2025-11-06,172.40
Eventos,2025-11-06,428.00
Google Ads,2025-11-06,817.03
Meta Ads,2025-11-06,569.80
Referidos,2025-11-06,291.29
Email,2025-11-07,133.56
Eventos,2025-11-07,425.68
Google Ads,2025-11-07,730.20
Meta Ads,2025-11-07,705.68
Referidos,2025-11-07,249.35
Email,2025-11-08,106.07
Eventos,2025-11-08,278.00
Google Ads,2025-11-08,609.14
Meta Ads,2025-11-08,422.78
Referidos,2025-11-08,176.16
Email,2025-11-09,92.44
Eventos,2025-11-09,240.67
Google Ads,2025-11-09,579.27
Meta Ads,2025-11-09,427.92
Referidos,2025-11-09,170.49
Email,2025-11-10,126.56
Eventos,2025-11-10,464.38
Google Ads,2025-11-10,924.31
Meta Ads,2025-11-10,839.71
Referidos,2025-11-10,277.15
Email,2025-11-11,170.49
Eventos,2025-11-11,382.57
Google Ads,2025-11-11,992.22
Meta Ads,2025-11-11,700.01
Referidos,2025-11-11,289.33
Email,2025-11-12,159.60
Eventos,2025-11-12,330.94
Google Ads,2025-11-12,720.85
Meta Ads,2025-11-12,702.98
Referidos,2025-11-12,224.16
Email,2025-11-13,139.08
Eventos,2025-11-13,367.73
Google Ads,2025-11-13,733.63
Meta Ads,2025-11-13,580.63
Referidos,2025-11-13,244.29
Email,2025-11-14,160.28
Eventos,2025-11-14,434.02
Google Ads,2025-11-14,1044.20
Meta Ads,2025-11-14,827.73
Referidos,2025-11-14,241.72
Email,2025-11-15,108.52
Eventos,2025-11-15,232.52
Google Ads,2025-11-15,613.21
Meta Ads,2025-11-15,460.15
Referidos,2025-11-15,155.33
Email,2025-11-16,98.95
Eventos,2025-11-16,235.53
Google Ads,2025-11-16,566.38
Meta Ads,2025-11-16,444.60
Referidos,2025-11-16,162.31
Email,2025-11-17,148.82
Eventos,2025-11-17,326.51
Google Ads,2025-11-17,1048.28
Meta Ads,2025-11-17,603.20
Referidos,2025-11-17,210.76
Email,2025-11-18,138.71
Eventos,2025-11-18,414.14
Google Ads,2025-11-18,771.18
Meta Ads,2025-11-18,574.90
Referidos,2025-11-18,242.42
Email,2025-11-19,177.64
Eventos,2025-11-19,441.95
Google Ads,2025-11-19,729.33
Meta Ads,2025-11-19,562.48
Referidos,2025-11-19,260.24
Email,2025-11-20,134.92
Eventos,2025-11-20,436.64
Google Ads,2025-11-20,856.48
Meta Ads,2025-11-20,674.18
Referidos,2025-11-20,270.96
Email,2025-11-21,156.95
Eventos,2025-11-21,441.14
Google Ads,2025-11-21,979.38
Meta Ads,2025-11-21,765.50
Referidos,2025-11-21,224.06
Email,2025-11-22,86.31
Eventos,2025-11-22,291.51
Google Ads,2025-11-22,563.94
Meta Ads,2025-11-22,443.26
Referidos,2025-11-22,156.16
Email,2025-11-23,112.42
Eventos,2025-11-23,275.78
Google Ads,2025-11-23,521.00
Meta Ads,2025-11-23,470.58
Referidos,2025-11-23,200.82
Email,2025-11-24,127.97
Eventos,2025-11-24,325.34
Google Ads,2025-11-24,779.49
Meta Ads,2025-11-24,689.73
Referidos,2025-11-24,244.87
Email,2025-11-25,174.49
Eventos,2025-11-25,381.68
Google Ads,2025-11-25,733.10
Meta Ads,2025-11-25,562.75
Referidos,2025-11-25,239.71
Email,2025-11-26,142.03
Eventos,2025-11-26,438.95
Google Ads,2025-11-26,958.75
Meta Ads,2025-11-26,755.33
Referidos,2025-11-26,241.55
Email,2025-11-27,154.97
Eventos,2025-11-27,338.01
Google Ads,2025-11-27,932.86
Meta Ads,2025-11-27,630.66
Referidos,2025-11-27,286.21
Email,2025-11-28,176.09
Eventos,2025-11-28,474.45
Google Ads,2025-11-28,730.31
Meta Ads,2025-11-28,776.69
Referidos,2025-11-28,256.56
Email,2025-11-29,84.09
Eventos,2025-11-29,238.85
Google Ads,2025-11-29,654.22
Meta Ads,2025-11-29,405.34
Referidos,2025-11-29,210.96
Email,2025-11-30,114.15
Eventos,2025-11-30,249.84
Google Ads,2025-11-30,601.47
Meta Ads,2025-11-30,418.09
Referidos,2025-11-30,190.15
Email,2025-12-01,143.56
Eventos,2025-12-01,416.30
Google Ads,2025-12-01,803.34
Meta Ads,2025-12-01,721.95
Referidos,2025-12-01,254.44
Email,2025-12-02,146.60
Eventos,2025-12-02,391.29
Google Ads,2025-12-02,1046.14
Meta Ads,2025-12-02,809.38
Referidos,2025-12-02,289.54
Email,2025-12-03,149.50
Eventos,2025-12-03,391.66
Google Ads,2025-12-03,744.03
Meta Ads,2025-12-03,741.54
Referidos,2025-12-03,221.32
Email,2025-12-04,148.62
Eventos,2025-12-04,408.78
Google Ads,2025-12-04,1076.93
Meta Ads,2025-12-04,685.79
Referidos,2025-12-04,254.91
Email,2025-12-05,151.35
Eventos,2025-12-05,476.23
Google Ads,2025-12-05,799.61
Meta Ads,2025-12-05,830.05
Referidos,2025-12-05,311.04
Email,2025-12-06,109.99
Eventos,2025-12-06,311.67
Google Ads,2025-12-06,624.16
Meta Ads,2025-12-06,550.53
Referidos,2025-12-06,206.19
Email,2025-12-07,104.97
Eventos,2025-12-07,226.97
Google Ads,2025-12-07,586.36
Meta Ads,2025-12-07,575.49
Referidos,2025-12-07,192.37
Email,2025-12-08,165.53
Eventos,2025-12-08,470.77
Google Ads,2025-12-08,761.98
Meta Ads,2025-12-08,702.19
Referidos,2025-12-08,296.16
Email,2025-12-09,147.11
Eventos,2025-12-09,378.48
Google Ads,2025-12-09,878.39
Meta Ads,2025-12-09,755.31
Referidos,2025-12-09,217.98
Email,2025-12-10,129.60
Eventos,2025-12-10,449.97
Google Ads,2025-12-10,891.45
Meta Ads,2025-12-10,685.55
Referidos,2025-12-10,218.64
Email,2025-12-11,156.23
Eventos,2025-12-11,374.89
Google Ads,2025-12-11,926.30
Meta Ads,2025-12-11,669.29
Referidos,2025-12-11,280.63
Email,2025-12-12,164.38
Eventos,2025-12-12,351.51
Google Ads,2025-12-12,1001.24
Meta Ads,2025-12-12,585.21
Referidos,2025-12-12,230.80
Email,2025-12-13,123.39
Eventos,2025-12-13,249.57
Google Ads,2025-12-13,598.86
Meta Ads,2025-12-13,461.83
Referidos,2025-12-13,160.78
Email,2025-12-14,115.86
Eventos,2025-12-14,256.97
Google Ads,2025-12-14,753.17
Meta Ads,2025-12-14,482.48
Referidos,2025-12-14,176.38
Email,2025-12-15,162.16
Eventos,2025-12-15,455.80
Google Ads,2025-12-15,733.87
Meta Ads,2025-12-15,721.69
Referidos,2025-12-15,269.94
Email,2025-12-16,163.32
Eventos,2025-12-16,399.47
Google Ads,2025-12-16,811.06
Meta Ads,2025-12-16,637.81
Referidos,2025-12-16,311.35
Email,2025-12-17,152.81
Eventos,2025-12-17,379.04
Google Ads,2025-12-17,882.60
Meta Ads,2025-12-17,786.81
Referidos,2025-12-17,215.96
Email,2025-12-18,130.14
Eventos,2025-12-18,432.41
Google Ads,2025-12-18,1052.47
Meta Ads,2025-12-18,616.14
Referidos,2025-12-18,277.19
Email,2025-12-19,171.69
Eventos,2025-12-19,474.07
Google Ads,2025-12-19,739.10
Meta Ads,2025-12-19,609.25
Referidos,2025-12-19,236.59
Email,2025-12-20,103.54
Eventos,2025-12-20,226.09
Google Ads,2025-12-20,622.99
Meta Ads,2025-12-20,567.61
Referidos,2025-12-20,166.89
Email,2025-12-21,109.19
Eventos,2025-12-21,266.86
Google Ads,2025-12-21,670.80
Meta Ads,2025-12-21,503.64
Referidos,2025-12-21,151.14
Email,2025-12-22,135.04
Eventos,2025-12-22,461.90
Google Ads,2025-12-22,1043.37
Meta Ads,2025-12-22,608.14
Referidos,2025-12-22,272.19
Email,2025-12-23,130.99
Eventos,2025-12-23,476.60
Google Ads,2025-12-23,976.46
Meta Ads,2025-12-23,614.10
Referidos,2025-12-23,220.05
Email,2025-12-24,178.42
Eventos,2025-12-24,395.66
Google Ads,2025-12-24,731.22
Meta Ads,2025-12-24,762.88
Referidos,2025-12-24,215.91
Email,2025-12-25,122.52
Eventos,2025-12-25,370.79
Google Ads,2025-12-25,795.77
Meta Ads,2025-12-25,789.06
Referidos,2025-12-25,286.95
Email,2025-12-26,159.41
Eventos,2025-12-26,460.76
Google Ads,2025-12-26,743.52
Meta Ads,2025-12-26,612.14
Referidos,2025-12-26,217.35
Email,2025-12-27,121.92
Eventos,2025-12-27,330.63
Google Ads,2025-12-27,528.05
Meta Ads,2025-12-27,496.22
Referidos,2025-12-27,147.72
Email,2025-12-28,95.39
Eventos,2025-12-28,252.24
Google Ads,2025-12-28,506.12
Meta Ads,2025-12-28,548.37
Referidos,2025-12-28,204.25
Email,2025-12-29,141.95
Eventos,2025-12-29,473.43
Google Ads,2025-12-29,792.33
Meta Ads,2025-12-29,605.30
Referidos,2025-12-29,237.33
Email,2025-12-30,168.67
Eventos,2025-12-30,474.16
Google Ads,2025-12-30,1011.58
Meta Ads,2025-12-30,779.06
Referidos,2025-12-30,216.19
Email,2025-12-31,136.18
Eventos,2025-12-31,444.53
Google Ads,2025-12-31,1014.21
Meta Ads,2025-12-31,617.65
Referidos,2025-12-31,265.09
Email,2026-01-01,128.74
Eventos,2026-01-01,355.67
Google Ads,2026-01-01,886.11
Meta Ads,2026-01-01,621.46
Referidos,2026-01-01,211.63
Email,2026-01-02,179.01
Eventos,2026-01-02,423.72
Google Ads,2026-01-02,930.09
Meta Ads,2026-01-02,832.22
Referidos,2026-01-02,278.37
Email,2026-01-03,95.26
Eventos,2026-01-03,334.42
Google Ads,2026-01-03,699.51
Meta Ads,2026-01-03,527.83
Referidos,2026-01-03,164.26
Email,2026-01-04,119.27
Eventos,2026-01-04,308.43
Google Ads,2026-01-04,685.35
Meta Ads,2026-01-04,548.55
Referidos,2026-01-04,187.48
Email,2026-01-05,123.43
Eventos,2026-01-05,461.45
Google Ads,2026-01-05,882.78
Meta Ads,2026-01-05,783.68
Referidos,2026-01-05,274.22
Email,2026-01-06,124.06
Eventos,2026-01-06,322.18
Google Ads,2026-01-06,766.05
Meta Ads,2026-01-06,561.88
Referidos,2026-01-06,308.27
Email,2026-01-07,160.69
Eventos,2026-01-07,335.47
Google Ads,2026-01-07,931.31
Meta Ads,2026-01-07,783.57
Referidos,2026-01-07,273.68
Email,2026-01-08,179.96
Eventos,2026-01-08,424.55
Google Ads,2026-01-08,858.48
Meta Ads,2026-01-08,584.67
Referidos,2026-01-08,233.69
Email,2026-01-09,127.58
Eventos,2026-01-09,410.80
Google Ads,2026-01-09,906.60
Meta Ads,2026-01-09,602.14
Referidos,2026-01-09,219.80
Email,2026-01-10,122.40
Eventos,2026-01-10,270.88
Google Ads,2026-01-10,749.05
Meta Ads,2026-01-10,465.94
Referidos,2026-01-10,175.17
Email,2026-01-11,124.60
Eventos,2026-01-11,232.98
Google Ads,2026-01-11,717.40
Meta Ads,2026-01-11,556.79
Referidos,2026-01-11,206.78
Email,2026-01-12,131.12
Eventos,2026-01-12,386.26
Google Ads,2026-01-12,767.56
Meta Ads,2026-01-12,606.08
Referidos,2026-01-12,263.77
Email,2026-01-13,160.58
Eventos,2026-01-13,355.07
Google Ads,2026-01-13,845.62
Meta Ads,2026-01-13,668.32
Referidos,2026-01-13,248.14
Email,2026-01-14,122.97
Eventos,2026-01-14,379.12
Google Ads,2026-01-14,900.98
Meta Ads,2026-01-14,636.80
Referidos,2026-01-14,297.10
Email,2026-01-15,158.88
Eventos,2026-01-15,382.49
Google Ads,2026-01-15,999.79
Meta Ads,2026-01-15,796.92
Referidos,2026-01-15,253.41
Email,2026-01-16,144.20
Eventos,2026-01-16,344.55
Google Ads,2026-01-16,835.73
Meta Ads,2026-01-16,609.35
Referidos,2026-01-16,251.79
Email,2026-01-17,124.76
Eventos,2026-01-17,274.10
Google Ads,2026-01-17,726.22
Meta Ads,2026-01-17,577.06
Referidos,2026-01-17,162.55
Email,2026-01-18,91.73
Eventos,2026-01-18,225.59
Google Ads,2026-01-18,504.92
Meta Ads,2026-01-18,430.71
Referidos,2026-01-18,182.05
Email,2026-01-19,169.81
Eventos,2026-01-19,408.46
Google Ads,2026-01-19,943.22
Meta Ads,2026-01-19,793.80
Referidos,2026-01-19,246.74
Email,2026-01-20,168.10
Eventos,2026-01-20,403.45
Google Ads,2026-01-20,759.34
Meta Ads,2026-01-20,755.62
Referidos,2026-01-20,278.54
Email,2026-01-21,168.58
Eventos,2026-01-21,407.18
Google Ads,2026-01-21,976.55
Meta Ads,2026-01-21,593.53
Referidos,2026-01-21,209.52
Email,2026-01-22,137.89
Eventos,2026-01-22,451.64
Google Ads,2026-01-22,813.51
Meta Ads,2026-01-22,729.65
Referidos,2026-01-22,236.72
Email,2026-01-23,144.00
Eventos,2026-01-23,361.35
Google Ads,2026-01-23,1027.07
Meta Ads,2026-01-23,592.28
Referidos,2026-01-23,273.79
Email,2026-01-24,123.32
Eventos,2026-01-24,295.32
Google Ads,2026-01-24,671.21
Meta Ads,2026-01-24,512.61
Referidos,2026-01-24,174.29
Email,2026-01-25,124.11
Eventos,2026-01-25,268.86
Google Ads,2026-01-25,651.27
Meta Ads,2026-01-25,528.86
Referidos,2026-01-25,173.85
Email,2026-01-26,158.96
Eventos,2026-01-26,341.89
Google Ads,2026-01-26,797.63
Meta Ads,2026-01-26,824.90
Referidos,2026-01-26,275.96
Email,2026-01-27,156.22
Eventos,2026-01-27,470.97
Google Ads,2026-01-27,808.55
Meta Ads,2026-01-27,705.54
Referidos,2026-01-27,220.76
Email,2026-01-28,151.74
Eventos,2026-01-28,371.22
Google Ads,2026-01-28,1007.96
Meta Ads,2026-01-28,618.01
Referidos,2026-01-28,231.23
Email,2026-01-29,178.48
Eventos,2026-01-29,417.34
Google Ads,2026-01-29,1074.50
Meta Ads,2026-01-29,810.48
Referidos,2026-01-29,282.61
Email,2026-01-30,166.48
Eventos,2026-01-30,337.84
Google Ads,2026-01-30,1022.14
Meta Ads,2026-01-30,786.37
Referidos,2026-01-30,236.99
Email,2026-01-31,97.20
Eventos,2026-01-31,282.42
Google Ads,2026-01-31,679.29
Meta Ads,2026-01-31,499.82
Referidos,2026-01-31,157.52
Email,2026-02-01,84.64
Eventos,2026-02-01,314.42
Google Ads,2026-02-01,549.94
Meta Ads,2026-02-01,581.42
Referidos,2026-02-01,195.50
Email,2026-02-02,165.36
Eventos,2026-02-02,410.16
Google Ads,2026-02-02,835.29
Meta Ads,2026-02-02,595.50
Referidos,2026-02-02,280.39
Email,2026-02-03,171.41
Eventos,2026-02-03,321.39
Google Ads,2026-02-03,736.54
Meta Ads,2026-02-03,778.16
Referidos,2026-02-03,263.55
Email,2026-02-04,146.29
Eventos,2026-02-04,357.81
Google Ads,2026-02-04,1050.54
Meta Ads,2026-02-04,659.30
Referidos,2026-02-04,216.38
Email,2026-02-05,149.55
Eventos,2026-02-05,330.90
Google Ads,2026-02-05,1061.92
Meta Ads,2026-02-05,562.51
Referidos,2026-02-05,212.02
Email,2026-02-06,162.61
Eventos,2026-02-06,449.12
Google Ads,2026-02-06,1010.07
Meta Ads,2026-02-06,748.15
Referidos,2026-02-06,267.73
Email,2026-02-07,87.13
Eventos,2026-02-07,270.32
Google Ads,2026-02-07,656.04
Meta Ads,2026-02-07,539.75
Referidos,2026-02-07,203.33
Email,2026-02-08,87.23
Eventos,2026-02-08,270.99
Google Ads,2026-02-08,542.40
Meta Ads,2026-02-08,466.03
Referidos,2026-02-08,149.88
Email,2026-02-09,142.23
Eventos,2026-02-09,417.76
Google Ads,2026-02-09,933.98
Meta Ads,2026-02-09,651.51
Referidos,2026-02-09,233.45
Email,2026-02-10,131.19
Eventos,2026-02-10,427.92
Google Ads,2026-02-10,1065.55
Meta Ads,2026-02-10,781.20
Referidos,2026-02-10,209.85
Email,2026-02-11,168.09
Eventos,2026-02-11,439.24
Google Ads,2026-02-11,799.40
Meta Ads,2026-02-11,763.51
Referidos,2026-02-11,239.10
Email,2026-02-12,131.16
Eventos,2026-02-12,335.20
Google Ads,2026-02-12,904.19
Meta Ads,2026-02-12,682.07
Referidos,2026-02-12,300.17
Email,2026-02-13,151.49
Eventos,2026-02-13,470.72
Google Ads,2026-02-13,850.62
Meta Ads,2026-02-13,790.14
Referidos,2026-02-13,301.72
Email,2026-02-14,84.18
Eventos,2026-02-14,302.55
Google Ads,2026-02-14,642.79
Meta Ads,2026-02-14,436.53
Referidos,2026-02-14,198.80
Email,2026-02-15,97.36
Eventos,2026-02-15,288.22
Google Ads,2026-02-15,674.84
Meta Ads,2026-02-15,552.77
Referidos,2026-02-15,186.67
Email,2026-02-16,133.97
Eventos,2026-02-16,469.39
Google Ads,2026-02-16,745.19
Meta Ads,2026-02-16,628.58
Referidos,2026-02-16,213.62
Email,2026-02-17,138.91
Eventos,2026-02-17,390.70
Google Ads,2026-02-17,758.69
Meta Ads,2026-02-17,829.50
Referidos,2026-02-17,259.55
Email,2026-02-18,152.92
Eventos,2026-02-18,390.84
Google Ads,2026-02-18,1065.60
Meta Ads,2026-02-18,638.19
Referidos,2026-02-18,225.08
Email,2026-02-19,171.64
Eventos,2026-02-19,354.34
Google Ads,2026-02-19,856.50
Meta Ads,2026-02-19,578.62
Referidos,2026-02-19,226.08
Email,2026-02-20,153.44
Eventos,2026-02-20,324.81
Google Ads,2026-02-20,865.96
Meta Ads,2026-02-20,627.76
Referidos,2026-02-20,233.75
Email,2026-02-21,113.83
Eventos,2026-02-21,277.38
Google Ads,2026-02-21,563.00
Meta Ads,2026-02-21,572.96
Referidos,2026-02-21,187.31
Email,2026-02-22,86.31
Eventos,2026-02-22,326.11
Google Ads,2026-02-22,723.10
Meta Ads,2026-02-22,545.56
Referidos,2026-02-22,204.60
Email,2026-02-23,151.99
Eventos,2026-02-23,340.18
Google Ads,2026-02-23,874.68
Meta Ads,2026-02-23,585.42
Referidos,2026-02-23,210.39
Email,2026-02-24,168.46
Eventos,2026-02-24,343.17
Google Ads,2026-02-24,891.45
Meta Ads,2026-02-24,651.96
Referidos,2026-02-24,255.43
Email,2026-02-25,142.11
Eventos,2026-02-25,430.83
Google Ads,2026-02-25,848.16
Meta Ads,2026-02-25,689.05
Referidos,2026-02-25,219.35
Email,2026-02-26,129.12
Eventos,2026-02-26,337.15
Google Ads,2026-02-26,1073.70
Meta Ads,2026-02-26,649.97
Referidos,2026-02-26,255.98
Email,2026-02-27,124.69
Eventos,2026-02-27,369.44
Google Ads,2026-02-27,974.54
Meta Ads,2026-02-27,580.94
Referidos,2026-02-27,301.48
Email,2026-02-28,112.06
Eventos,2026-02-28,243.88
Google Ads,2026-02-28,577.38
Meta Ads,2026-02-28,581.13
Referidos,2026-02-28,175.34
Email,2026-03-01,87.52
Eventos,2026-03-01,322.71
Google Ads,2026-03-01,677.18
Meta Ads,2026-03-01,535.69
Referidos,2026-03-01,162.00
Email,2026-03-02,121.08
Eventos,2026-03-02,378.12
Google Ads,2026-03-02,906.12
Meta Ads,2026-03-02,673.20
Referidos,2026-03-02,251.09
Email,2026-03-03,134.36
Eventos,2026-03-03,369.51
Google Ads,2026-03-03,995.25
Meta Ads,2026-03-03,683.36
Referidos,2026-03-03,286.27
Email,2026-03-04,123.84
Eventos,2026-03-04,450.89
Google Ads,2026-03-04,809.21
Meta Ads,2026-03-04,697.49
Referidos,2026-03-04,294.56
Email,2026-03-05,152.73
Eventos,2026-03-05,407.89
Google Ads,2026-03-05,1055.79
Meta Ads,2026-03-05,755.80
Referidos,2026-03-05,251.71
Email,2026-03-06,133.06
Eventos,2026-03-06,349.67
Google Ads,2026-03-06,864.04
Meta Ads,2026-03-06,698.24
Referidos,2026-03-06,235.70
Email,2026-03-07,97.73
Eventos,2026-03-07,308.56
Google Ads,2026-03-07,662.06
Meta Ads,2026-03-07,420.95
Referidos,2026-03-07,169.13
Email,2026-03-08,103.82
Eventos,2026-03-08,314.49
Google Ads,2026-03-08,540.73
Meta Ads,2026-03-08,500.39
Referidos,2026-03-08,217.64
Email,2026-03-09,177.05
Eventos,2026-03-09,471.92
Google Ads,2026-03-09,731.49
Meta Ads,2026-03-09,566.18
Referidos,2026-03-09,299.98
Email,2026-03-10,124.39
Eventos,2026-03-10,362.51
Google Ads,2026-03-10,786.51
Meta Ads,2026-03-10,602.33
Referidos,2026-03-10,227.39
Email,2026-03-11,125.40
Eventos,2026-03-11,455.13
Google Ads,2026-03-11,820.67
Meta Ads,2026-03-11,833.95
Referidos,2026-03-11,227.79
Email,2026-03-12,162.55
Eventos,2026-03-12,393.55
Google Ads,2026-03-12,803.69
Meta Ads,2026-03-12,734.64
Referidos,2026-03-12,255.97
Email,2026-03-13,151.33
Eventos,2026-03-13,454.08
Google Ads,2026-03-13,988.56
Meta Ads,2026-03-13,654.17
Referidos,2026-03-13,236.29
Email,2026-03-14,102.45
Eventos,2026-03-14,331.44
Google Ads,2026-03-14,697.99
Meta Ads,2026-03-14,575.13
Referidos,2026-03-14,197.17
Email,2026-03-15,116.28
Eventos,2026-03-15,304.40
Google Ads,2026-03-15,564.89
Meta Ads,2026-03-15,457.82
Referidos,2026-03-15,165.96
Email,2026-03-16,160.22
Eventos,2026-03-16,409.07
Google Ads,2026-03-16,906.24
Meta Ads,2026-03-16,598.80
Referidos,2026-03-16,308.59
Email,2026-03-17,178.55
Eventos,2026-03-17,417.16
Google Ads,2026-03-17,741.71
Meta Ads,2026-03-17,648.99
Referidos,2026-03-17,290.71
Email,2026-03-18,120.96
Eventos,2026-03-18,368.98
Google Ads,2026-03-18,945.77
Meta Ads,2026-03-18,819.70
Referidos,2026-03-18,295.42
Email,2026-03-19,140.72
Eventos,2026-03-19,467.56
Google Ads,2026-03-19,749.47
Meta Ads,2026-03-19,686.07
Referidos,2026-03-19,277.37
Email,2026-03-20,175.98
Eventos,2026-03-20,421.55
Google Ads,2026-03-20,744.91
Meta Ads,2026-03-20,570.56
Referidos,2026-03-20,280.21
Email,2026-03-21,121.93
Eventos,2026-03-21,253.29
Google Ads,2026-03-21,558.82
Meta Ads,2026-03-21,392.96
Referidos,2026-03-21,180.16
Email,2026-03-22,114.60
Eventos,2026-03-22,270.52
Google Ads,2026-03-22,631.16
Meta Ads,2026-03-22,473.99
Referidos,2026-03-22,203.93
Email,2026-03-23,151.12
Eventos,2026-03-23,477.38
Google Ads,2026-03-23,1068.05
Meta Ads,2026-03-23,696.37
Referidos,2026-03-23,277.76
Email,2026-03-24,142.92
Eventos,2026-03-24,373.95
Google Ads,2026-03-24,882.37
Meta Ads,2026-03-24,831.03
Referidos,2026-03-24,304.52
Email,2026-03-25,171.56
Eventos,2026-03-25,424.64
Google Ads,2026-03-25,1068.99
Meta Ads,2026-03-25,793.38
Referidos,2026-03-25,286.86
Email,2026-03-26,146.74
Eventos,2026-03-26,355.78
Google Ads,2026-03-26,785.28
Meta Ads,2026-03-26,774.82
Referidos,2026-03-26,242.74
Email,2026-03-27,136.96
Eventos,2026-03-27,473.78
Google Ads,2026-03-27,945.46
Meta Ads,2026-03-27,670.30
Referidos,2026-03-27,245.05
Email,2026-03-28,125.59
Eventos,2026-03-28,297.91
Google Ads,2026-03-28,640.03
Meta Ads,2026-03-28,417.22
Referidos,2026-03-28,209.89
Email,2026-03-29,102.15
Eventos,2026-03-29,286.54
Google Ads,2026-03-29,626.63
Meta Ads,2026-03-29,457.77
Referidos,2026-03-29,198.09
Email,2026-03-30,134.69
Eventos,2026-03-30,391.60
Google Ads,2026-03-30,810.15
Meta Ads,2026-03-30,712.23
Referidos,2026-03-30,303.83
Email,2026-03-31,143.86
Eventos,2026-03-31,343.62
Google Ads,2026-03-31,807.64
Meta Ads,2026-03-31,746.58
Referidos,2026-03-31,311.65
Email,2026-04-01,160.38
Eventos,2026-04-01,467.46
Google Ads,2026-04-01,838.79
Meta Ads,2026-04-01,663.80
Referidos,2026-04-01,304.51
Email,2026-04-02,135.01
Eventos,2026-04-02,468.28
Google Ads,2026-04-02,1051.84
Meta Ads,2026-04-02,730.52
Referidos,2026-04-02,214.76
Email,2026-04-03,122.23
Eventos,2026-04-03,393.93
Google Ads,2026-04-03,830.08
Meta Ads,2026-04-03,782.63
Referidos,2026-04-03,297.00
Email,2026-04-04,123.49
Eventos,2026-04-04,287.43
Google Ads,2026-04-04,661.34
Meta Ads,2026-04-04,457.19
Referidos,2026-04-04,158.85
Email,2026-04-05,115.16
Eventos,2026-04-05,276.54
Google Ads,2026-04-05,588.29
Meta Ads,2026-04-05,575.20
Referidos,2026-04-05,205.70
Email,2026-04-06,162.60
Eventos,2026-04-06,458.48
Google Ads,2026-04-06,841.96
Meta Ads,2026-04-06,702.03
Referidos,2026-04-06,293.67
Email,2026-04-07,126.77
Eventos,2026-04-07,453.66
Google Ads,2026-04-07,856.69
Meta Ads,2026-04-07,589.09
Referidos,2026-04-07,212.33
Email,2026-04-08,178.16
Eventos,2026-04-08,370.90
Google Ads,2026-04-08,980.08
Meta Ads,2026-04-08,645.27
Referidos,2026-04-08,272.31
Email,2026-04-09,148.39
Eventos,2026-04-09,379.68
Google Ads,2026-04-09,1077.48
Meta Ads,2026-04-09,815.87
Referidos,2026-04-09,269.03
Email,2026-04-10,135.46
Eventos,2026-04-10,372.44
Google Ads,2026-04-10,970.91
Meta Ads,2026-04-10,629.47
Referidos,2026-04-10,263.21
Email,2026-04-11,100.02
Eventos,2026-04-11,234.83
Google Ads,2026-04-11,730.95
Meta Ads,2026-04-11,539.74
Referidos,2026-04-11,186.99
Email,2026-04-12,99.11
Eventos,2026-04-12,240.95
Google Ads,2026-04-12,523.69
Meta Ads,2026-04-12,453.24
Referidos,2026-04-12,148.16
Email,2026-04-13,145.70
Eventos,2026-04-13,413.58
Google Ads,2026-04-13,990.32
Meta Ads,2026-04-13,704.19
Referidos,2026-04-13,225.64
Email,2026-04-14,174.35
Eventos,2026-04-14,335.04
Google Ads,2026-04-14,829.49
Meta Ads,2026-04-14,697.61
Referidos,2026-04-14,276.22
Email,2026-04-15,170.89
Eventos,2026-04-15,333.26
Google Ads,2026-04-15,842.74
Meta Ads,2026-04-15,789.24
Referidos,2026-04-15,289.23
Email,2026-04-16,135.07
Eventos,2026-04-16,385.31
Google Ads,2026-04-16,731.75
Meta Ads,2026-04-16,598.33
Referidos,2026-04-16,278.62
Email,2026-04-17,149.37
Eventos,2026-04-17,394.45
Google Ads,2026-04-17,1047.74
Meta Ads,2026-04-17,704.78
Referidos,2026-04-17,256.51
Email,2026-04-18,112.75
Eventos,2026-04-18,329.62
Google Ads,2026-04-18,508.87
Meta Ads,2026-04-18,455.98
Referidos,2026-04-18,165.52
Email,2026-04-19,108.58
Eventos,2026-04-19,269.12
Google Ads,2026-04-19,693.61
Meta Ads,2026-04-19,514.72
Referidos,2026-04-19,192.10
Email,2026-04-20,173.71
Eventos,2026-04-20,349.62
Google Ads,2026-04-20,763.81
Meta Ads,2026-04-20,629.87
Referidos,2026-04-20,265.38
Email,2026-04-21,165.44
Eventos,2026-04-21,329.41
Google Ads,2026-04-21,778.59
Meta Ads,2026-04-21,713.81
Referidos,2026-04-21,251.89
Email,2026-04-22,178.68
Eventos,2026-04-22,471.03
Google Ads,2026-04-22,939.66
Meta Ads,2026-04-22,830.49
Referidos,2026-04-22,223.11
Email,2026-04-23,121.24
Eventos,2026-04-23,423.04
Google Ads,2026-04-23,833.43
Meta Ads,2026-04-23,634.20
Referidos,2026-04-23,247.44
Email,2026-04-24,140.60
Eventos,2026-04-24,471.40
Google Ads,2026-04-24,1036.77
Meta Ads,2026-04-24,566.89
Referidos,2026-04-24,259.41
Email,2026-04-25,94.04
Eventos,2026-04-25,288.50
Google Ads,2026-04-25,728.23
Meta Ads,2026-04-25,447.87
Referidos,2026-04-25,201.77
Email,2026-04-26,90.89
Eventos,2026-04-26,306.37
Google Ads,2026-04-26,530.42
Meta Ads,2026-04-26,408.34
Referidos,2026-04-26,146.62
Email,2026-04-27,166.73
Eventos,2026-04-27,388.49
Google Ads,2026-04-27,1008.77
Meta Ads,2026-04-27,635.12
Referidos,2026-04-27,254.35
Email,2026-04-28,126.23
Eventos,2026-04-28,332.69
Google Ads,2026-04-28,967.51
Meta Ads,2026-04-28,709.20
Referidos,2026-04-28,220.43
Email,2026-04-29,138.53
Eventos,2026-04-29,409.25
Google Ads,2026-04-29,1036.43
Meta Ads,2026-04-29,670.14
Referidos,2026-04-29,285.75
Email,2026-04-30,132.84
Eventos,2026-04-30,333.03
Google Ads,2026-04-30,920.96
Meta Ads,2026-04-30,567.90
Referidos,2026-04-30,258.10
Email,2026-05-01,123.73
Eventos,2026-05-01,356.56
Google Ads,2026-05-01,1067.94
Meta Ads,2026-05-01,611.85
Referidos,2026-05-01,257.59
Email,2026-05-02,121.50
Eventos,2026-05-02,283.76
Google Ads,2026-05-02,716.63
Meta Ads,2026-05-02,528.44
Referidos,2026-05-02,156.45
Email,2026-05-03,91.45
Eventos,2026-05-03,320.11
Google Ads,2026-05-03,746.58
Meta Ads,2026-05-03,496.92
Referidos,2026-05-03,174.06
Email,2026-05-04,177.41
Eventos,2026-05-04,435.14
Google Ads,2026-05-04,920.00
Meta Ads,2026-05-04,613.67
Referidos,2026-05-04,279.23
Email,2026-05-05,162.96
Eventos,2026-05-05,443.67
Google Ads,2026-05-05,892.51
Meta Ads,2026-05-05,639.75
Referidos,2026-05-05,255.73
Email,2026-05-06,155.42
Eventos,2026-05-06,322.68
Google Ads,2026-05-06,990.06
Meta Ads,2026-05-06,615.22
Referidos,2026-05-06,226.79
Email,2026-05-07,120.16
Eventos,2026-05-07,456.04
Google Ads,2026-05-07,957.63
Meta Ads,2026-05-07,799.20
Referidos,2026-05-07,309.00
Email,2026-05-08,179.27
Eventos,2026-05-08,340.33
Google Ads,2026-05-08,727.68
Meta Ads,2026-05-08,815.85
Referidos,2026-05-08,306.69
Email,2026-05-09,95.88
Eventos,2026-05-09,227.54
Google Ads,2026-05-09,681.99
Meta Ads,2026-05-09,509.30
Referidos,2026-05-09,161.06
Email,2026-05-10,120.08
Eventos,2026-05-10,256.14
Google Ads,2026-05-10,543.02
Meta Ads,2026-05-10,587.81
Referidos,2026-05-10,179.70
Email,2026-05-11,158.66
Eventos,2026-05-11,414.70
Google Ads,2026-05-11,986.17
Meta Ads,2026-05-11,660.80
Referidos,2026-05-11,223.86
Email,2026-05-12,178.49
Eventos,2026-05-12,427.70
Google Ads,2026-05-12,991.37
Meta Ads,2026-05-12,775.28
Referidos,2026-05-12,283.41
Email,2026-05-13,157.31
Eventos,2026-05-13,359.38
Google Ads,2026-05-13,868.49
Meta Ads,2026-05-13,769.55
Referidos,2026-05-13,289.08
Email,2026-05-14,149.54
Eventos,2026-05-14,365.74
Google Ads,2026-05-14,986.75
Meta Ads,2026-05-14,742.27
Referidos,2026-05-14,214.15
Email,2026-05-15,144.44
Eventos,2026-05-15,334.80
Google Ads,2026-05-15,833.46
Meta Ads,2026-05-15,801.91
Referidos,2026-05-15,291.05
Email,2026-05-16,108.84
Eventos,2026-05-16,328.22
Google Ads,2026-05-16,725.69
Meta Ads,2026-05-16,495.79
Referidos,2026-05-16,147.22
Email,2026-05-17,96.76
Eventos,2026-05-17,287.77
Google Ads,2026-05-17,572.05
Meta Ads,2026-05-17,520.53
Referidos,2026-05-17,151.06
Email,2026-05-18,157.65
Eventos,2026-05-18,345.32
Google Ads,2026-05-18,1027.52
Meta Ads,2026-05-18,779.06
Referidos,2026-05-18,229.26
Email,2026-05-19,159.19
Eventos,2026-05-19,452.13
Google Ads,2026-05-19,938.32
Meta Ads,2026-05-19,698.13
Referidos,2026-05-19,208.21
Email,2026-05-20,147.00
Eventos,2026-05-20,421.93
Google Ads,2026-05-20,875.93
Meta Ads,2026-05-20,564.13
Referidos,2026-05-20,257.60
Email,2026-05-21,134.42
Eventos,2026-05-21,425.31
Google Ads,2026-05-21,831.05
Meta Ads,2026-05-21,793.22
Referidos,2026-05-21,264.65
Email,2026-05-22,175.95
Eventos,2026-05-22,382.68
Google Ads,2026-05-22,860.86
Meta Ads,2026-05-22,645.81
Referidos,2026-05-22,213.58
Email,2026-05-23,104.74
Eventos,2026-05-23,226.10
Google Ads,2026-05-23,619.94
Meta Ads,2026-05-23,470.57
Referidos,2026-05-23,206.27
Email,2026-05-24,91.21
Eventos,2026-05-24,330.39
Google Ads,2026-05-24,696.13
Meta Ads,2026-05-24,450.56
Referidos,2026-05-24,170.95
Email,2026-05-25,120.93
Eventos,2026-05-25,322.12
Google Ads,2026-05-25,916.87
Meta Ads,2026-05-25,795.89
Referidos,2026-05-25,267.32
Email,2026-05-26,150.74
Eventos,2026-05-26,392.07
Google Ads,2026-05-26,1078.92
Meta Ads,2026-05-26,661.67
Referidos,2026-05-26,271.95
Email,2026-05-27,174.86
Eventos,2026-05-27,334.79
Google Ads,2026-05-27,980.78
Meta Ads,2026-05-27,704.38
Referidos,2026-05-27,266.93
Email,2026-05-28,138.40
Eventos,2026-05-28,370.47
Google Ads,2026-05-28,743.38
Meta Ads,2026-05-28,672.77
Referidos,2026-05-28,259.73
Email,2026-05-29,133.98
Eventos,2026-05-29,401.60
Google Ads,2026-05-29,962.53
Meta Ads,2026-05-29,575.15
Referidos,2026-05-29,263.69
Email,2026-05-30,87.13
Eventos,2026-05-30,226.00
Google Ads,2026-05-30,518.57
Meta Ads,2026-05-30,509.90
Referidos,2026-05-30,208.51
Email,2026-05-31,96.46
Eventos,2026-05-31,305.10
Google Ads,2026-05-31,655.08
Meta Ads,2026-05-31,423.51
Referidos,2026-05-31,203.32
Email,2026-06-01,127.26
Eventos,2026-06-01,371.39
Google Ads,2026-06-01,764.65
Meta Ads,2026-06-01,813.74
Referidos,2026-06-01,264.52
Email,2026-06-02,150.76
Eventos,2026-06-02,428.81
Google Ads,2026-06-02,726.79
Meta Ads,2026-06-02,643.79
Referidos,2026-06-02,269.63
Email,2026-06-03,122.12
Eventos,2026-06-03,451.60
Google Ads,2026-06-03,811.84
Meta Ads,2026-06-03,718.79
Referidos,2026-06-03,245.23
Email,2026-06-04,146.56
Eventos,2026-06-04,414.90
Google Ads,2026-06-04,804.09
Meta Ads,2026-06-04,814.03
Referidos,2026-06-04,251.05
Email,2026-06-05,133.98
Eventos,2026-06-05,376.29
Google Ads,2026-06-05,846.52
Meta Ads,2026-06-05,702.02
Referidos,2026-06-05,248.20
Email,2026-06-06,109.66
Eventos,2026-06-06,248.75
Google Ads,2026-06-06,652.36
Meta Ads,2026-06-06,440.94
Referidos,2026-06-06,204.07
Email,2026-06-07,116.77
Eventos,2026-06-07,242.68
Google Ads,2026-06-07,750.08
Meta Ads,2026-06-07,458.69
Referidos,2026-06-07,180.88
Email,2026-06-08,120.76
Eventos,2026-06-08,400.65
Google Ads,2026-06-08,1040.33
Meta Ads,2026-06-08,728.46
Referidos,2026-06-08,269.62
Email,2026-06-09,165.39
Eventos,2026-06-09,422.08
Google Ads,2026-06-09,994.35
Meta Ads,2026-06-09,566.39
Referidos,2026-06-09,225.97
Email,2026-06-10,152.12
Eventos,2026-06-10,398.63
Google Ads,2026-06-10,1012.06
Meta Ads,2026-06-10,662.29
Referidos,2026-06-10,289.72
Email,2026-06-11,170.99
Eventos,2026-06-11,415.76
Google Ads,2026-06-11,1040.48
Meta Ads,2026-06-11,751.17
Referidos,2026-06-11,258.14
Email,2026-06-12,152.37
Eventos,2026-06-12,385.00
Google Ads,2026-06-12,888.02
Meta Ads,2026-06-12,812.31
Referidos,2026-06-12,257.84
Email,2026-06-13,110.43
Eventos,2026-06-13,248.46
Google Ads,2026-06-13,663.93
Meta Ads,2026-06-13,445.48
Referidos,2026-06-13,213.93
Email,2026-06-14,91.70
Eventos,2026-06-14,282.51
Google Ads,2026-06-14,622.10
Meta Ads,2026-06-14,529.98
Referidos,2026-06-14,168.03
Email,2026-06-15,143.89
Eventos,2026-06-15,435.58
Google Ads,2026-06-15,805.46
Meta Ads,2026-06-15,706.25
Referidos,2026-06-15,298.80
Email,2026-06-16,150.75
Eventos,2026-06-16,390.89
Google Ads,2026-06-16,792.15
Meta Ads,2026-06-16,776.54
Referidos,2026-06-16,272.70
Email,2026-06-17,140.47
Eventos,2026-06-17,425.29
Google Ads,2026-06-17,824.85
Meta Ads,2026-06-17,768.77
Referidos,2026-06-17,268.74
Email,2026-06-18,161.92
Eventos,2026-06-18,341.85
Google Ads,2026-06-18,732.24
Meta Ads,2026-06-18,666.76
Referidos,2026-06-18,259.17
Email,2026-06-19,158.13
Eventos,2026-06-19,424.92
Google Ads,2026-06-19,1017.44
Meta Ads,2026-06-19,690.97
Referidos,2026-06-19,249.11
Email,2026-06-20,103.71
Eventos,2026-06-20,263.87
Google Ads,2026-06-20,601.62
Meta Ads,2026-06-20,494.20
Referidos,2026-06-20,167.58
Email,2026-06-21,111.23
Eventos,2026-06-21,278.34
Google Ads,2026-06-21,541.33
Meta Ads,2026-06-21,511.62
Referidos,2026-06-21,174.79
Email,2026-06-22,173.74
Eventos,2026-06-22,429.62
Google Ads,2026-06-22,836.20
Meta Ads,2026-06-22,714.94
Referidos,2026-06-22,214.58
Email,2026-06-23,130.01
Eventos,2026-06-23,473.98
Google Ads,2026-06-23,800.59
Meta Ads,2026-06-23,726.63
Referidos,2026-06-23,225.16
Email,2026-06-24,173.50
Eventos,2026-06-24,399.08
Google Ads,2026-06-24,862.97
Meta Ads,2026-06-24,647.31
Referidos,2026-06-24,280.88
Email,2026-06-25,158.90
Eventos,2026-06-25,336.67
Google Ads,2026-06-25,816.03
Meta Ads,2026-06-25,771.47
Referidos,2026-06-25,291.31
Email,2026-06-26,125.19
Eventos,2026-06-26,393.40
Google Ads,2026-06-26,759.55
Meta Ads,2026-06-26,812.76
Referidos,2026-06-26,242.55
Email,2026-06-27,122.42
Eventos,2026-06-27,285.03
Google Ads,2026-06-27,601.81
Meta Ads,2026-06-27,406.17
Referidos,2026-06-27,182.38
Email,2026-06-28,96.65
Eventos,2026-06-28,256.97
Google Ads,2026-06-28,712.07
Meta Ads,2026-06-28,406.08
Referidos,2026-06-28,167.09
Email,2026-06-29,137.70
Eventos,2026-06-29,414.98
Google Ads,2026-06-29,1045.90
Meta Ads,2026-06-29,589.27
Referidos,2026-06-29,211.05
Email,2026-06-30,135.90
Eventos,2026-06-30,450.25
Google Ads,2026-06-30,954.64
Meta Ads,2026-06-30,590.42
Referidos,2026-06-30,290.02
Email,2026-07-01,157.93
Eventos,2026-07-01,360.99
Google Ads,2026-07-01,803.08
Meta Ads,2026-07-01,837.68
Referidos,2026-07-01,276.51
Email,2026-07-02,140.54
Eventos,2026-07-02,425.39
Google Ads,2026-07-02,964.71
Meta Ads,2026-07-02,798.69
Referidos,2026-07-02,308.90
Email,2026-07-03,132.89
Eventos,2026-07-03,451.74
Google Ads,2026-07-03,993.26
Meta Ads,2026-07-03,737.78
Referidos,2026-07-03,285.83
Email,2026-07-04,92.89
Eventos,2026-07-04,261.79
Google Ads,2026-07-04,615.93
Meta Ads,2026-07-04,534.82
Referidos,2026-07-04,192.94
Email,2026-07-05,120.40
Eventos,2026-07-05,305.01
Google Ads,2026-07-05,691.10
Meta Ads,2026-07-05,499.62
Referidos,2026-07-05,156.67
Email,2026-07-06,178.89
Eventos,2026-07-06,360.98
Google Ads,2026-07-06,726.95
Meta Ads,2026-07-06,656.46
Referidos,2026-07-06,230.96
Email,2026-07-07,125.06
Eventos,2026-07-07,415.52
Google Ads,2026-07-07,725.94
Meta Ads,2026-07-07,680.11
Referidos,2026-07-07,262.19
Email,2026-07-08,141.36
Eventos,2026-07-08,346.76
Google Ads,2026-07-08,822.25
Meta Ads,2026-07-08,749.19
Referidos,2026-07-08,238.04
Email,2026-07-09,148.54
Eventos,2026-07-09,419.80
Google Ads,2026-07-09,811.45
Meta Ads,2026-07-09,610.34
Referidos,2026-07-09,301.53
Email,2026-07-10,123.89
Eventos,2026-07-10,460.46
Google Ads,2026-07-10,1073.62
Meta Ads,2026-07-10,595.27
Referidos,2026-07-10,231.14
Email,2026-07-11,97.96
Eventos,2026-07-11,312.01
Google Ads,2026-07-11,610.54
Meta Ads,2026-07-11,403.34
Referidos,2026-07-11,206.63
Email,2026-07-12,107.97
Eventos,2026-07-12,242.73
Google Ads,2026-07-12,643.30
Meta Ads,2026-07-12,489.96
Referidos,2026-07-12,213.57
Email,2026-07-13,131.40
Eventos,2026-07-13,354.63
Google Ads,2026-07-13,751.39
Meta Ads,2026-07-13,740.84
Referidos,2026-07-13,247.77
Email,2026-07-14,142.33
Eventos,2026-07-14,401.81
Google Ads,2026-07-14,1047.20
Meta Ads,2026-07-14,807.79
Referidos,2026-07-14,260.30
Email,2026-07-15,149.44
Eventos,2026-07-15,403.52
Google Ads,2026-07-15,960.52
Meta Ads,2026-07-15,797.45
Referidos,2026-07-15,244.94
Email,2026-07-16,144.21
Eventos,2026-07-16,417.77
Google Ads,2026-07-16,916.10
Meta Ads,2026-07-16,742.98
Referidos,2026-07-16,227.13
Email,2026-07-17,156.91
Eventos,2026-07-17,453.38
Google Ads,2026-07-17,951.28
Meta Ads,2026-07-17,735.87
Referidos,2026-07-17,224.56
Email,2026-07-18,124.35
Eventos,2026-07-18,307.29
Google Ads,2026-07-18,566.16
Meta Ads,2026-07-18,487.88
Referidos,2026-07-18,185.84
Email,2026-07-19,112.94
Eventos,2026-07-19,286.25
Google Ads,2026-07-19,619.98
Meta Ads,2026-07-19,394.67
Referidos,2026-07-19,157.41
Email,2026-07-20,162.52
Eventos,2026-07-20,376.77
Google Ads,2026-07-20,798.75
Meta Ads,2026-07-20,625.90
Referidos,2026-07-20,309.09
Email,2026-07-21,175.63
Eventos,2026-07-21,407.06
Google Ads,2026-07-21,890.53
Meta Ads,2026-07-21,813.11
Referidos,2026-07-21,300.93
Email,2026-07-22,159.65
Eventos,2026-07-22,337.72
Google Ads,2026-07-22,723.41
Meta Ads,2026-07-22,768.34
Referidos,2026-07-22,287.53
Email,2026-07-23,152.51
Eventos,2026-07-23,346.67
Google Ads,2026-07-23,862.90
Meta Ads,2026-07-23,820.77
Referidos,2026-07-23,208.06
Email,2026-07-24,137.40
Eventos,2026-07-24,428.45
Google Ads,2026-07-24,912.19
Meta Ads,2026-07-24,742.40
Referidos,2026-07-24,219.62
Email,2026-07-25,115.31
Eventos,2026-07-25,312.76
Google Ads,2026-07-25,723.27
Meta Ads,2026-07-25,476.20
Referidos,2026-07-25,145.75
Email,2026-07-26,109.97
Eventos,2026-07-26,260.94
Google Ads,2026-07-26,707.93
Meta Ads,2026-07-26,486.81
Referidos,2026-07-26,172.34
Email,2026-07-27,121.49
Eventos,2026-07-27,409.01
Google Ads,2026-07-27,847.49
Meta Ads,2026-07-27,616.98
Referidos,2026-07-27,269.63
Email,2026-07-28,150.56
Eventos,2026-07-28,413.07
Google Ads,2026-07-28,858.70
Meta Ads,2026-07-28,673.95
Referidos,2026-07-28,288.40
Email,2026-07-29,167.24
Eventos,2026-07-29,372.02
Google Ads,2026-07-29,735.00
Meta Ads,2026-07-29,804.04
Referidos,2026-07-29,287.09
Email,2026-07-30,144.83
Eventos,2026-07-30,403.52
Google Ads,2026-07-30,972.99
Meta Ads,2026-07-30,802.75
Referidos,2026-07-30,277.66
Email,2026-07-31,124.58
Eventos,2026-07-31,408.14
Google Ads,2026-07-31,884.47
Meta Ads,2026-07-31,625.06
Referidos,2026-07-31,235.47
Email,2026-08-01,85.16
Eventos,2026-08-01,243.52
Google Ads,2026-08-01,559.31
Meta Ads,2026-08-01,540.80
Referidos,2026-08-01,183.40
Email,2026-08-02,125.14
Eventos,2026-08-02,252.61
Google Ads,2026-08-02,550.63
Meta Ads,2026-08-02,585.16
Referidos,2026-08-02,182.03
Email,2026-08-03,172.81
Eventos,2026-08-03,343.61
Google Ads,2026-08-03,774.62
Meta Ads,2026-08-03,630.85
Referidos,2026-08-03,210.84
Email,2026-08-04,178.70
Eventos,2026-08-04,369.08
Google Ads,2026-08-04,975.32
Meta Ads,2026-08-04,746.29
Referidos,2026-08-04,229.75
Email,2026-08-05,160.84
Eventos,2026-08-05,461.26
Google Ads,2026-08-05,855.92
Meta Ads,2026-08-05,822.25
Referidos,2026-08-05,280.99
Email,2026-08-06,132.62
Eventos,2026-08-06,395.17
Google Ads,2026-08-06,851.26
Meta Ads,2026-08-06,682.34
Referidos,2026-08-06,272.11
Email,2026-08-07,146.06
Eventos,2026-08-07,355.73
Google Ads,2026-08-07,866.94
Meta Ads,2026-08-07,614.17
Referidos,2026-08-07,264.92
Email,2026-08-08,85.25
Eventos,2026-08-08,293.61
Google Ads,2026-08-08,546.37
Meta Ads,2026-08-08,530.00
Referidos,2026-08-08,167.53
Email,2026-08-09,113.47
Eventos,2026-08-09,262.66
Google Ads,2026-08-09,698.27
Meta Ads,2026-08-09,426.49
Referidos,2026-08-09,158.04
Email,2026-08-10,162.34
Eventos,2026-08-10,402.16
Google Ads,2026-08-10,901.15
Meta Ads,2026-08-10,813.12
Referidos,2026-08-10,290.16
Email,2026-08-11,174.60
Eventos,2026-08-11,476.92
Google Ads,2026-08-11,937.40
Meta Ads,2026-08-11,592.87
Referidos,2026-08-11,238.42
Email,2026-08-12,132.34
Eventos,2026-08-12,340.96
Google Ads,2026-08-12,749.53
Meta Ads,2026-08-12,718.94
Referidos,2026-08-12,212.24
Email,2026-08-13,150.98
Eventos,2026-08-13,340.18
Google Ads,2026-08-13,948.85
Meta Ads,2026-08-13,812.80
Referidos,2026-08-13,276.27
Email,2026-08-14,128.76
Eventos,2026-08-14,373.50
Google Ads,2026-08-14,991.52
Meta Ads,2026-08-14,694.94
Referidos,2026-08-14,257.53
Email,2026-08-15,111.00
Eventos,2026-08-15,312.32
Google Ads,2026-08-15,738.79
Meta Ads,2026-08-15,478.40
Referidos,2026-08-15,183.32
Email,2026-08-16,100.69
Eventos,2026-08-16,329.77
Google Ads,2026-08-16,753.72
Meta Ads,2026-08-16,569.29
Referidos,2026-08-16,209.76
Email,2026-08-17,154.24
Eventos,2026-08-17,441.30
Google Ads,2026-08-17,790.22
Meta Ads,2026-08-17,561.69
Referidos,2026-08-17,216.13
Email,2026-08-18,158.41
Eventos,2026-08-18,332.63
Google Ads,2026-08-18,795.86
Meta Ads,2026-08-18,683.73
Referidos,2026-08-18,228.43
Email,2026-08-19,166.53
Eventos,2026-08-19,358.98
Google Ads,2026-08-19,1022.23
Meta Ads,2026-08-19,779.01
Referidos,2026-08-19,285.71
Email,2026-08-20,154.40
Eventos,2026-08-20,321.48
Google Ads,2026-08-20,947.33
Meta Ads,2026-08-20,688.97
Referidos,2026-08-20,212.65
Email,2026-08-21,124.24
Eventos,2026-08-21,458.50
Google Ads,2026-08-21,1029.38
Meta Ads,2026-08-21,754.48
Referidos,2026-08-21,309.01
Email,2026-08-22,123.42
Eventos,2026-08-22,266.45
Google Ads,2026-08-22,742.08
Meta Ads,2026-08-22,417.54
Referidos,2026-08-22,195.76
Email,2026-08-23,107.59
Eventos,2026-08-23,271.84
Google Ads,2026-08-23,603.34
Meta Ads,2026-08-23,458.61
Referidos,2026-08-23,214.97
Email,2026-08-24,147.43
Eventos,2026-08-24,364.17
Google Ads,2026-08-24,813.60
Meta Ads,2026-08-24,609.14
Referidos,2026-08-24,260.18
Email,2026-08-25,121.91
Eventos,2026-08-25,361.88
Google Ads,2026-08-25,934.92
Meta Ads,2026-08-25,764.79
Referidos,2026-08-25,303.12
Email,2026-08-26,152.01
Eventos,2026-08-26,425.24
Google Ads,2026-08-26,857.56
Meta Ads,2026-08-26,566.17
Referidos,2026-08-26,294.88
Email,2026-08-27,137.80
Eventos,2026-08-27,414.48
Google Ads,2026-08-27,984.10
Meta Ads,2026-08-27,803.88
Referidos,2026-08-27,211.41
Email,2026-08-28,167.16
Eventos,2026-08-28,461.45
Google Ads,2026-08-28,822.13
Meta Ads,2026-08-28,736.34
Referidos,2026-08-28,274.99
Email,2026-08-29,120.20
Eventos,2026-08-29,247.67
Google Ads,2026-08-29,573.38
Meta Ads,2026-08-29,472.01
Referidos,2026-08-29,146.21
Email,2026-08-30,112.01
Eventos,2026-08-30,302.42
Google Ads,2026-08-30,661.26
Meta Ads,2026-08-30,579.90
Referidos,2026-08-30,188.89
Email,2026-08-31,139.59
Eventos,2026-08-31,398.17
Google Ads,2026-08-31,1014.91
Meta Ads,2026-08-31,663.01
Referidos,2026-08-31,311.20
Email,2026-09-01,136.70
Eventos,2026-09-01,467.25
Google Ads,2026-09-01,1074.98
Meta Ads,2026-09-01,611.74
Referidos,2026-09-01,278.44
Email,2026-09-02,153.23
Eventos,2026-09-02,459.11
Google Ads,2026-09-02,744.98
Meta Ads,2026-09-02,838.12
Referidos,2026-09-02,225.55
Email,2026-09-03,162.50
Eventos,2026-09-03,474.44
Google Ads,2026-09-03,983.08
Meta Ads,2026-09-03,754.93
Referidos,2026-09-03,238.49
Email,2026-09-04,149.40
Eventos,2026-09-04,354.57
Google Ads,2026-09-04,722.88
Meta Ads,2026-09-04,651.89
Referidos,2026-09-04,278.68
Email,2026-09-05,99.70
Eventos,2026-09-05,288.51
Google Ads,2026-09-05,710.04
Meta Ads,2026-09-05,432.72
Referidos,2026-09-05,171.09
Email,2026-09-06,106.81
Eventos,2026-09-06,285.26
Google Ads,2026-09-06,712.45
Meta Ads,2026-09-06,543.13
Referidos,2026-09-06,185.75
Email,2026-09-07,149.24
Eventos,2026-09-07,365.94
Google Ads,2026-09-07,844.95
Meta Ads,2026-09-07,728.02
Referidos,2026-09-07,288.33
Email,2026-09-08,146.06
Eventos,2026-09-08,356.85
Google Ads,2026-09-08,1052.75
Meta Ads,2026-09-08,763.54
Referidos,2026-09-08,256.41
Email,2026-09-09,133.70
Eventos,2026-09-09,453.77
Google Ads,2026-09-09,987.06
Meta Ads,2026-09-09,701.78
Referidos,2026-09-09,278.75
Email,2026-09-10,157.53
Eventos,2026-09-10,454.41
Google Ads,2026-09-10,951.66
Meta Ads,2026-09-10,644.13
Referidos,2026-09-10,244.45
Email,2026-09-11,134.25
Eventos,2026-09-11,323.36
Google Ads,2026-09-11,822.01
Meta Ads,2026-09-11,703.32
Referidos,2026-09-11,304.72
Email,2026-09-12,84.62
Eventos,2026-09-12,308.93
Google Ads,2026-09-12,675.99
Meta Ads,2026-09-12,533.03
Referidos,2026-09-12,212.88
Email,2026-09-13,98.32
Eventos,2026-09-13,295.85
Google Ads,2026-09-13,740.33
Meta Ads,2026-09-13,550.14
Referidos,2026-09-13,173.41
Email,2026-09-14,143.45
Eventos,2026-09-14,459.21
Google Ads,2026-09-14,720.99
Meta Ads,2026-09-14,787.19
Referidos,2026-09-14,304.99
Email,2026-09-15,152.91
Eventos,2026-09-15,326.19
Google Ads,2026-09-15,759.85
Meta Ads,2026-09-15,769.19
Referidos,2026-09-15,215.53
Email,2026-09-16,165.87
Eventos,2026-09-16,326.27
Google Ads,2026-09-16,854.35
Meta Ads,2026-09-16,668.61
Referidos,2026-09-16,306.56
Email,2026-09-17,174.63
Eventos,2026-09-17,321.32
Google Ads,2026-09-17,916.29
Meta Ads,2026-09-17,673.53
Referidos,2026-09-17,266.32
