respuesta_id,cliente_id,fecha,score,motivo_detractor
R-00001,CLI-00188,2025-01-01,6,Calidad del producto
R-00002,CLI-00174,2025-01-02,6,Facturación
R-00003,CLI-00236,2025-01-02,10,
R-00004,CLI-00421,2025-01-02,8,
R-00005,CLI-00068,2025-01-04,9,
R-00006,CLI-00281,2025-01-04,10,
R-00007,CLI-00455,2025-01-05,9,
R-00008,CLI-00058,2025-01-06,9,
R-00009,CLI-00002,2025-01-07,9,
R-00010,CLI-00380,2025-01-07,8,
R-00011,CLI-00363,2025-01-08,10,
R-00012,CLI-00073,2025-01-09,8,
R-00013,CLI-00263,2025-01-09,10,
R-00014,CLI-00505,2025-01-10,7,
R-00015,CLI-00266,2025-01-11,10,
R-00016,CLI-00038,2025-01-12,9,
R-00017,CLI-00375,2025-01-12,8,
R-00018,CLI-00464,2025-01-12,9,
R-00019,CLI-00044,2025-01-13,9,
R-00020,CLI-00097,2025-01-13,10,
R-00021,CLI-00183,2025-01-13,10,
R-00022,CLI-00128,2025-01-14,9,
R-00023,CLI-00046,2025-01-15,5,Calidad del producto
R-00024,CLI-00083,2025-01-15,8,
R-00025,CLI-00181,2025-01-15,8,
R-00026,CLI-00496,2025-01-16,8,
R-00027,CLI-00334,2025-01-17,10,
R-00028,CLI-00013,2025-01-18,6,Facturación
R-00029,CLI-00330,2025-01-18,9,
R-00030,CLI-00060,2025-01-20,6,Calidad del producto
R-00031,CLI-00273,2025-01-20,8,
R-00032,CLI-00310,2025-01-22,8,
R-00033,CLI-00005,2025-01-23,8,
R-00034,CLI-00461,2025-01-23,9,
R-00035,CLI-00194,2025-01-25,5,Calidad del producto
R-00036,CLI-00199,2025-01-25,10,
R-00037,CLI-00413,2025-01-25,7,
R-00038,CLI-00027,2025-01-26,7,
R-00039,CLI-00265,2025-01-27,10,
R-00040,CLI-00436,2025-01-27,6,Facturación
R-00041,CLI-00495,2025-01-27,7,
R-00042,CLI-00021,2025-01-28,6,Tiempos de entrega
R-00043,CLI-00202,2025-02-02,7,
R-00044,CLI-00422,2025-02-02,10,
R-00045,CLI-00508,2025-02-03,9,
R-00046,CLI-00033,2025-02-05,10,
R-00047,CLI-00211,2025-02-06,10,
R-00048,CLI-00474,2025-02-06,0,Facturación
R-00049,CLI-00097,2025-02-07,8,
R-00050,CLI-00388,2025-02-07,10,
R-00051,CLI-00501,2025-02-07,9,
R-00052,CLI-00046,2025-02-08,9,
R-00053,CLI-00099,2025-02-08,9,
R-00054,CLI-00294,2025-02-08,7,
R-00055,CLI-00308,2025-02-08,10,
R-00056,CLI-00420,2025-02-08,10,
R-00057,CLI-00074,2025-02-09,9,
R-00058,CLI-00417,2025-02-09,9,
R-00059,CLI-00058,2025-02-11,8,
R-00060,CLI-00181,2025-02-11,10,
R-00061,CLI-00223,2025-02-11,8,
R-00062,CLI-00257,2025-02-11,7,
R-00063,CLI-00398,2025-02-11,9,
R-00064,CLI-00316,2025-02-12,9,
R-00065,CLI-00381,2025-02-12,10,
R-00066,CLI-00036,2025-02-13,7,
R-00067,CLI-00271,2025-02-13,7,
R-00068,CLI-00149,2025-02-14,10,
R-00069,CLI-00293,2025-02-14,10,
R-00070,CLI-00306,2025-02-14,10,
R-00071,CLI-00238,2025-02-16,10,
R-00072,CLI-00166,2025-02-17,10,
R-00073,CLI-00505,2025-02-17,6,Calidad del producto
R-00074,CLI-00027,2025-02-18,6,Facturación
R-00075,CLI-00029,2025-02-19,10,
R-00076,CLI-00299,2025-02-19,7,
R-00077,CLI-00206,2025-02-20,8,
R-00078,CLI-00354,2025-02-20,10,
R-00079,CLI-00435,2025-02-20,6,Soporte lento
R-00080,CLI-00386,2025-02-21,9,
R-00081,CLI-00245,2025-02-23,6,Soporte lento
R-00082,CLI-00017,2025-02-25,10,
R-00083,CLI-00035,2025-02-25,7,
R-00084,CLI-00293,2025-02-25,7,
R-00085,CLI-00259,2025-02-26,8,
R-00086,CLI-00042,2025-02-27,5,Calidad del producto
R-00087,CLI-00458,2025-02-28,9,
R-00088,CLI-00050,2025-03-01,7,
R-00089,CLI-00406,2025-03-01,9,
R-00090,CLI-00073,2025-03-03,10,
R-00091,CLI-00230,2025-03-03,9,
R-00092,CLI-00476,2025-03-03,9,
R-00093,CLI-00292,2025-03-05,8,
R-00094,CLI-00330,2025-03-05,10,
R-00095,CLI-00486,2025-03-06,8,
R-00096,CLI-00037,2025-03-07,8,
R-00097,CLI-00247,2025-03-07,8,
R-00098,CLI-00011,2025-03-08,7,
R-00099,CLI-00249,2025-03-08,9,
R-00100,CLI-00345,2025-03-08,10,
R-00101,CLI-00292,2025-03-09,8,
R-00102,CLI-00112,2025-03-10,5,Calidad del producto
R-00103,CLI-00255,2025-03-10,10,
R-00104,CLI-00364,2025-03-10,10,
R-00105,CLI-00010,2025-03-11,9,
R-00106,CLI-00033,2025-03-11,6,Tiempos de entrega
R-00107,CLI-00058,2025-03-11,9,
R-00108,CLI-00177,2025-03-11,7,
R-00109,CLI-00261,2025-03-12,8,
R-00110,CLI-00430,2025-03-12,10,
R-00111,CLI-00080,2025-03-13,9,
R-00112,CLI-00116,2025-03-13,9,
R-00113,CLI-00129,2025-03-13,7,
R-00114,CLI-00325,2025-03-13,9,
R-00115,CLI-00352,2025-03-13,9,
R-00116,CLI-00491,2025-03-14,10,
R-00117,CLI-00183,2025-03-15,10,
R-00118,CLI-00265,2025-03-16,7,
R-00119,CLI-00425,2025-03-16,9,
R-00120,CLI-00032,2025-03-17,8,
R-00121,CLI-00011,2025-03-18,7,
R-00122,CLI-00072,2025-03-18,10,
R-00123,CLI-00087,2025-03-18,6,Precio
R-00124,CLI-00463,2025-03-18,7,
R-00125,CLI-00002,2025-03-20,0,Facturación
R-00126,CLI-00034,2025-03-20,10,
R-00127,CLI-00064,2025-03-20,3,Facturación
R-00128,CLI-00255,2025-03-20,9,
R-00129,CLI-00273,2025-03-20,10,
R-00130,CLI-00342,2025-03-20,9,
R-00131,CLI-00143,2025-03-21,7,
R-00132,CLI-00196,2025-03-21,3,Precio
R-00133,CLI-00496,2025-03-21,10,
R-00134,CLI-00510,2025-03-21,4,Tiempos de entrega
R-00135,CLI-00350,2025-03-22,8,
R-00136,CLI-00474,2025-03-22,9,
R-00137,CLI-00271,2025-03-23,10,
R-00138,CLI-00071,2025-03-24,10,
R-00139,CLI-00115,2025-03-24,9,
R-00140,CLI-00182,2025-03-24,8,
R-00141,CLI-00352,2025-03-25,7,
R-00142,CLI-00384,2025-03-25,9,
R-00143,CLI-00196,2025-04-01,9,
R-00144,CLI-00165,2025-04-02,9,
R-00145,CLI-00310,2025-04-02,3,Facturación
R-00146,CLI-00468,2025-04-02,9,
R-00147,CLI-00505,2025-04-02,9,
R-00148,CLI-00125,2025-04-03,3,Tiempos de entrega
R-00149,CLI-00394,2025-04-03,9,
R-00150,CLI-00487,2025-04-03,6,Soporte lento
R-00151,CLI-00191,2025-04-04,10,
R-00152,CLI-00426,2025-04-04,9,
R-00153,CLI-00369,2025-04-06,8,
R-00154,CLI-00048,2025-04-07,10,
R-00155,CLI-00251,2025-04-07,4,Precio
R-00156,CLI-00426,2025-04-07,8,
R-00157,CLI-00493,2025-04-07,9,
R-00158,CLI-00328,2025-04-08,10,
R-00159,CLI-00361,2025-04-08,6,Calidad del producto
R-00160,CLI-00361,2025-04-09,9,
R-00161,CLI-00199,2025-04-10,8,
R-00162,CLI-00155,2025-04-12,9,
R-00163,CLI-00193,2025-04-12,10,
R-00164,CLI-00323,2025-04-12,10,
R-00165,CLI-00129,2025-04-13,8,
R-00166,CLI-00413,2025-04-13,8,
R-00167,CLI-00072,2025-04-14,3,Calidad del producto
R-00168,CLI-00206,2025-04-15,8,
R-00169,CLI-00290,2025-04-15,9,
R-00170,CLI-00427,2025-04-15,4,Calidad del producto
R-00171,CLI-00129,2025-04-16,7,
R-00172,CLI-00208,2025-04-16,9,
R-00173,CLI-00224,2025-04-16,8,
R-00174,CLI-00293,2025-04-16,4,Calidad del producto
R-00175,CLI-00445,2025-04-16,7,
R-00176,CLI-00006,2025-04-17,9,
R-00177,CLI-00061,2025-04-17,8,
R-00178,CLI-00104,2025-04-17,8,
R-00179,CLI-00136,2025-04-17,10,
R-00180,CLI-00144,2025-04-17,7,
R-00181,CLI-00402,2025-04-17,7,
R-00182,CLI-00207,2025-04-18,7,
R-00183,CLI-00087,2025-04-19,9,
R-00184,CLI-00346,2025-04-19,9,
R-00185,CLI-00380,2025-04-19,9,
R-00186,CLI-00407,2025-04-19,10,
R-00187,CLI-00503,2025-04-19,9,
R-00188,CLI-00158,2025-04-20,6,Soporte lento
R-00189,CLI-00461,2025-04-20,9,
R-00190,CLI-00159,2025-04-22,9,
R-00191,CLI-00222,2025-04-22,9,
R-00192,CLI-00322,2025-04-22,9,
R-00193,CLI-00160,2025-04-24,2,Precio
R-00194,CLI-00317,2025-04-26,10,
R-00195,CLI-00478,2025-04-26,10,
R-00196,CLI-00486,2025-04-26,10,
R-00197,CLI-00395,2025-04-27,5,Calidad del producto
R-00198,CLI-00459,2025-04-27,6,Soporte lento
R-00199,CLI-00039,2025-04-28,10,
R-00200,CLI-00089,2025-05-01,8,
R-00201,CLI-00353,2025-05-01,10,
R-00202,CLI-00341,2025-05-02,7,
R-00203,CLI-00043,2025-05-03,9,
R-00204,CLI-00006,2025-05-04,10,
R-00205,CLI-00307,2025-05-06,9,
R-00206,CLI-00334,2025-05-06,10,
R-00207,CLI-00228,2025-05-07,9,
R-00208,CLI-00245,2025-05-07,9,
R-00209,CLI-00429,2025-05-07,10,
R-00210,CLI-00358,2025-05-09,7,
R-00211,CLI-00110,2025-05-10,7,
R-00212,CLI-00275,2025-05-10,6,Soporte lento
R-00213,CLI-00284,2025-05-10,5,Soporte lento
R-00214,CLI-00288,2025-05-10,9,
R-00215,CLI-00235,2025-05-12,6,Calidad del producto
R-00216,CLI-00337,2025-05-12,9,
R-00217,CLI-00028,2025-05-13,8,
R-00218,CLI-00082,2025-05-13,7,
R-00219,CLI-00124,2025-05-13,9,
R-00220,CLI-00438,2025-05-13,7,
R-00221,CLI-00318,2025-05-14,7,
R-00222,CLI-00397,2025-05-14,7,
R-00223,CLI-00078,2025-05-16,8,
R-00224,CLI-00194,2025-05-17,9,
R-00225,CLI-00241,2025-05-18,9,
R-00226,CLI-00393,2025-05-18,6,Soporte lento
R-00227,CLI-00483,2025-05-18,6,Soporte lento
R-00228,CLI-00222,2025-05-20,5,Soporte lento
R-00229,CLI-00478,2025-05-20,3,Calidad del producto
R-00230,CLI-00138,2025-05-21,10,
R-00231,CLI-00224,2025-05-22,10,
R-00232,CLI-00377,2025-05-23,9,
R-00233,CLI-00489,2025-05-23,7,
R-00234,CLI-00250,2025-05-25,10,
R-00235,CLI-00193,2025-05-26,8,
R-00236,CLI-00306,2025-05-26,10,
R-00237,CLI-00470,2025-05-26,5,Calidad del producto
R-00238,CLI-00013,2025-05-27,9,
R-00239,CLI-00273,2025-05-28,9,
R-00240,CLI-00093,2025-06-01,9,
R-00241,CLI-00278,2025-06-01,9,
R-00242,CLI-00201,2025-06-03,7,
R-00243,CLI-00419,2025-06-03,6,Tiempos de entrega
R-00244,CLI-00299,2025-06-04,8,
R-00245,CLI-00107,2025-06-05,10,
R-00246,CLI-00245,2025-06-05,8,
R-00247,CLI-00387,2025-06-05,8,
R-00248,CLI-00460,2025-06-05,8,
R-00249,CLI-00117,2025-06-06,10,
R-00250,CLI-00318,2025-06-07,8,
R-00251,CLI-00339,2025-06-07,7,
R-00252,CLI-00112,2025-06-08,9,
R-00253,CLI-00213,2025-06-08,7,
R-00254,CLI-00108,2025-06-09,10,
R-00255,CLI-00201,2025-06-09,7,
R-00256,CLI-00394,2025-06-09,6,Calidad del producto
R-00257,CLI-00502,2025-06-09,5,Precio
R-00258,CLI-00052,2025-06-10,10,
R-00259,CLI-00115,2025-06-10,9,
R-00260,CLI-00125,2025-06-10,9,
R-00261,CLI-00139,2025-06-10,10,
R-00262,CLI-00279,2025-06-10,6,Tiempos de entrega
R-00263,CLI-00338,2025-06-10,6,Calidad del producto
R-00264,CLI-00381,2025-06-10,7,
R-00265,CLI-00413,2025-06-10,8,
R-00266,CLI-00436,2025-06-10,10,
R-00267,CLI-00191,2025-06-11,10,
R-00268,CLI-00479,2025-06-11,6,Calidad del producto
R-00269,CLI-00024,2025-06-12,7,
R-00270,CLI-00166,2025-06-12,9,
R-00271,CLI-00167,2025-06-12,5,Tiempos de entrega
R-00272,CLI-00033,2025-06-14,6,Facturación
R-00273,CLI-00084,2025-06-14,9,
R-00274,CLI-00357,2025-06-14,7,
R-00275,CLI-00412,2025-06-14,9,
R-00276,CLI-00469,2025-06-14,2,Tiempos de entrega
R-00277,CLI-00026,2025-06-15,8,
R-00278,CLI-00048,2025-06-15,9,
R-00279,CLI-00500,2025-06-16,8,
R-00280,CLI-00483,2025-06-19,3,Soporte lento
R-00281,CLI-00029,2025-06-21,9,
R-00282,CLI-00250,2025-06-21,10,
R-00283,CLI-00290,2025-06-21,9,
R-00284,CLI-00327,2025-06-21,9,
R-00285,CLI-00474,2025-06-21,9,
R-00286,CLI-00087,2025-06-22,6,Calidad del producto
R-00287,CLI-00164,2025-06-22,9,
R-00288,CLI-00261,2025-06-22,8,
R-00289,CLI-00223,2025-06-23,7,
R-00290,CLI-00187,2025-06-24,2,Facturación
R-00291,CLI-00320,2025-06-25,7,
R-00292,CLI-00329,2025-06-25,7,
R-00293,CLI-00434,2025-06-25,9,
R-00294,CLI-00259,2025-06-26,9,
R-00295,CLI-00308,2025-06-26,10,
R-00296,CLI-00312,2025-06-26,7,
R-00297,CLI-00332,2025-06-26,7,
R-00298,CLI-00439,2025-06-26,10,
R-00299,CLI-00168,2025-06-28,6,Calidad del producto
R-00300,CLI-00490,2025-07-02,10,
R-00301,CLI-00075,2025-07-03,10,
R-00302,CLI-00106,2025-07-03,7,
R-00303,CLI-00219,2025-07-03,9,
R-00304,CLI-00114,2025-07-04,7,
R-00305,CLI-00267,2025-07-04,7,
R-00306,CLI-00294,2025-07-06,9,
R-00307,CLI-00041,2025-07-07,9,
R-00308,CLI-00052,2025-07-07,10,
R-00309,CLI-00293,2025-07-07,10,
R-00310,CLI-00036,2025-07-08,9,
R-00311,CLI-00196,2025-07-08,10,
R-00312,CLI-00321,2025-07-08,9,
R-00313,CLI-00415,2025-07-08,6,Soporte lento
R-00314,CLI-00503,2025-07-08,9,
R-00315,CLI-00391,2025-07-10,6,Facturación
R-00316,CLI-00445,2025-07-10,8,
R-00317,CLI-00295,2025-07-11,7,
R-00318,CLI-00339,2025-07-11,10,
R-00319,CLI-00375,2025-07-13,10,
R-00320,CLI-00504,2025-07-13,8,
R-00321,CLI-00273,2025-07-14,9,
R-00322,CLI-00311,2025-07-14,6,Facturación
R-00323,CLI-00387,2025-07-14,10,
R-00324,CLI-00332,2025-07-15,8,
R-00325,CLI-00034,2025-07-16,7,
R-00326,CLI-00063,2025-07-16,8,
R-00327,CLI-00269,2025-07-16,8,
R-00328,CLI-00228,2025-07-17,6,Facturación
R-00329,CLI-00118,2025-07-18,10,
R-00330,CLI-00456,2025-07-18,10,
R-00331,CLI-00472,2025-07-18,7,
R-00332,CLI-00501,2025-07-18,10,
R-00333,CLI-00018,2025-07-20,8,
R-00334,CLI-00138,2025-07-21,10,
R-00335,CLI-00207,2025-07-22,9,
R-00336,CLI-00210,2025-07-23,7,
R-00337,CLI-00255,2025-07-23,7,
R-00338,CLI-00138,2025-07-24,7,
R-00339,CLI-00158,2025-07-24,10,
R-00340,CLI-00235,2025-07-24,9,
R-00341,CLI-00450,2025-07-24,9,
R-00342,CLI-00098,2025-07-25,9,
R-00343,CLI-00189,2025-07-26,7,
R-00344,CLI-00073,2025-07-27,5,Precio
R-00345,CLI-00118,2025-07-27,7,
R-00346,CLI-00337,2025-07-27,10,
R-00347,CLI-00346,2025-07-27,8,
R-00348,CLI-00042,2025-07-28,6,Calidad del producto
R-00349,CLI-00121,2025-07-28,6,Soporte lento
R-00350,CLI-00191,2025-07-28,10,
R-00351,CLI-00385,2025-07-28,8,
R-00352,CLI-00476,2025-07-28,7,
R-00353,CLI-00106,2025-08-01,9,
R-00354,CLI-00300,2025-08-01,8,
R-00355,CLI-00334,2025-08-01,6,Facturación
R-00356,CLI-00173,2025-08-03,7,
R-00357,CLI-00261,2025-08-03,9,
R-00358,CLI-00349,2025-08-03,4,Calidad del producto
R-00359,CLI-00416,2025-08-03,10,
R-00360,CLI-00483,2025-08-03,5,Facturación
R-00361,CLI-00489,2025-08-03,6,Soporte lento
R-00362,CLI-00506,2025-08-03,6,Facturación
R-00363,CLI-00127,2025-08-04,10,
R-00364,CLI-00184,2025-08-04,7,
R-00365,CLI-00441,2025-08-04,6,Calidad del producto
R-00366,CLI-00006,2025-08-05,10,
R-00367,CLI-00306,2025-08-05,10,
R-00368,CLI-00309,2025-08-05,5,Calidad del producto
R-00369,CLI-00418,2025-08-05,5,Facturación
R-00370,CLI-00432,2025-08-05,9,
R-00371,CLI-00505,2025-08-05,10,
R-00372,CLI-00508,2025-08-05,8,
R-00373,CLI-00048,2025-08-06,9,
R-00374,CLI-00178,2025-08-06,9,
R-00375,CLI-00344,2025-08-07,6,Tiempos de entrega
R-00376,CLI-00063,2025-08-08,9,
R-00377,CLI-00176,2025-08-08,10,
R-00378,CLI-00371,2025-08-08,0,Facturación
R-00379,CLI-00282,2025-08-09,3,Soporte lento
R-00380,CLI-00207,2025-08-10,10,
R-00381,CLI-00267,2025-08-10,9,
R-00382,CLI-00412,2025-08-10,10,
R-00383,CLI-00468,2025-08-10,8,
R-00384,CLI-00323,2025-08-11,10,
R-00385,CLI-00378,2025-08-12,4,Precio
R-00386,CLI-00459,2025-08-14,9,
R-00387,CLI-00308,2025-08-15,5,Calidad del producto
R-00388,CLI-00211,2025-08-17,9,
R-00389,CLI-00180,2025-08-19,10,
R-00390,CLI-00205,2025-08-19,9,
R-00391,CLI-00349,2025-08-19,8,
R-00392,CLI-00137,2025-08-20,5,Precio
R-00393,CLI-00394,2025-08-21,10,
R-00394,CLI-00409,2025-08-21,10,
R-00395,CLI-00216,2025-08-22,9,
R-00396,CLI-00258,2025-08-22,10,
R-00397,CLI-00442,2025-08-22,10,
R-00398,CLI-00484,2025-08-22,6,Precio
R-00399,CLI-00264,2025-08-23,10,
R-00400,CLI-00488,2025-08-23,10,
R-00401,CLI-00473,2025-08-24,5,Facturación
R-00402,CLI-00221,2025-08-25,9,
R-00403,CLI-00163,2025-08-26,7,
R-00404,CLI-00038,2025-08-27,10,
R-00405,CLI-00051,2025-08-27,10,
R-00406,CLI-00113,2025-08-27,7,
R-00407,CLI-00279,2025-08-27,9,
R-00408,CLI-00434,2025-08-27,8,
R-00409,CLI-00206,2025-08-28,10,
R-00410,CLI-00139,2025-09-01,9,
R-00411,CLI-00242,2025-09-01,4,Soporte lento
R-00412,CLI-00499,2025-09-01,8,
R-00413,CLI-00120,2025-09-02,7,
R-00414,CLI-00227,2025-09-02,9,
R-00415,CLI-00321,2025-09-02,6,Calidad del producto
R-00416,CLI-00372,2025-09-02,6,Calidad del producto
R-00417,CLI-00476,2025-09-02,3,Calidad del producto
R-00418,CLI-00349,2025-09-03,9,
R-00419,CLI-00358,2025-09-03,7,
R-00420,CLI-00306,2025-09-04,7,
R-00421,CLI-00421,2025-09-04,10,
R-00422,CLI-00475,2025-09-04,5,Soporte lento
R-00423,CLI-00327,2025-09-05,9,
R-00424,CLI-00402,2025-09-05,10,
R-00425,CLI-00453,2025-09-05,9,
R-00426,CLI-00046,2025-09-06,6,Calidad del producto
R-00427,CLI-00115,2025-09-06,8,
R-00428,CLI-00089,2025-09-07,9,
R-00429,CLI-00344,2025-09-07,10,
R-00430,CLI-00430,2025-09-08,9,
R-00431,CLI-00002,2025-09-09,9,
R-00432,CLI-00269,2025-09-09,9,
R-00433,CLI-00485,2025-09-09,10,
R-00434,CLI-00235,2025-09-10,3,Calidad del producto
R-00435,CLI-00503,2025-09-10,9,
R-00436,CLI-00003,2025-09-11,10,
R-00437,CLI-00102,2025-09-11,7,
R-00438,CLI-00092,2025-09-12,0,Facturación
R-00439,CLI-00356,2025-09-12,6,Tiempos de entrega
R-00440,CLI-00138,2025-09-13,10,
R-00441,CLI-00220,2025-09-13,6,Calidad del producto
R-00442,CLI-00282,2025-09-13,8,
R-00443,CLI-00392,2025-09-13,5,Precio
R-00444,CLI-00399,2025-09-15,10,
R-00445,CLI-00148,2025-09-16,4,Calidad del producto
R-00446,CLI-00020,2025-09-17,7,
R-00447,CLI-00151,2025-09-17,4,Precio
R-00448,CLI-00156,2025-09-17,9,
R-00449,CLI-00178,2025-09-17,9,
R-00450,CLI-00341,2025-09-17,10,
R-00451,CLI-00408,2025-09-18,8,
R-00452,CLI-00474,2025-09-18,8,
R-00453,CLI-00006,2025-09-19,9,
R-00454,CLI-00334,2025-09-19,2,Facturación
R-00455,CLI-00401,2025-09-20,8,
R-00456,CLI-00022,2025-09-21,5,Tiempos de entrega
R-00457,CLI-00131,2025-09-21,7,
R-00458,CLI-00451,2025-09-21,7,
R-00459,CLI-00158,2025-09-22,10,
R-00460,CLI-00495,2025-09-22,10,
R-00461,CLI-00012,2025-09-23,10,
R-00462,CLI-00313,2025-09-23,7,
R-00463,CLI-00247,2025-09-24,6,Precio
R-00464,CLI-00012,2025-09-25,8,
R-00465,CLI-00044,2025-09-25,4,Soporte lento
R-00466,CLI-00386,2025-09-26,9,
R-00467,CLI-00456,2025-09-26,9,
R-00468,CLI-00395,2025-09-28,10,
R-00469,CLI-00229,2025-10-01,5,Facturación
R-00470,CLI-00183,2025-10-02,6,Soporte lento
R-00471,CLI-00078,2025-10-03,8,
R-00472,CLI-00137,2025-10-03,9,
R-00473,CLI-00431,2025-10-03,9,
R-00474,CLI-00482,2025-10-03,9,
R-00475,CLI-00183,2025-10-05,10,
R-00476,CLI-00325,2025-10-06,8,
R-00477,CLI-00475,2025-10-06,9,
R-00478,CLI-00028,2025-10-07,7,
R-00479,CLI-00059,2025-10-07,8,
R-00480,CLI-00179,2025-10-07,9,
R-00481,CLI-00180,2025-10-07,10,
R-00482,CLI-00125,2025-10-08,6,Precio
R-00483,CLI-00364,2025-10-08,10,
R-00484,CLI-00461,2025-10-09,5,Facturación
R-00485,CLI-00057,2025-10-10,7,
R-00486,CLI-00253,2025-10-10,7,
R-00487,CLI-00031,2025-10-13,10,
R-00488,CLI-00118,2025-10-14,10,
R-00489,CLI-00373,2025-10-14,9,
R-00490,CLI-00167,2025-10-15,9,
R-00491,CLI-00360,2025-10-15,9,
R-00492,CLI-00465,2025-10-16,5,Soporte lento
R-00493,CLI-00433,2025-10-17,9,
R-00494,CLI-00449,2025-10-19,6,Tiempos de entrega
R-00495,CLI-00268,2025-10-20,2,Facturación
R-00496,CLI-00012,2025-10-21,9,
R-00497,CLI-00391,2025-10-21,6,Soporte lento
R-00498,CLI-00448,2025-10-21,9,
R-00499,CLI-00453,2025-10-21,7,
R-00500,CLI-00468,2025-10-22,9,
R-00501,CLI-00102,2025-10-23,9,
R-00502,CLI-00443,2025-10-23,7,
R-00503,CLI-00009,2025-10-24,6,Soporte lento
R-00504,CLI-00369,2025-10-24,9,
R-00505,CLI-00038,2025-10-25,10,
R-00506,CLI-00217,2025-10-26,8,
R-00507,CLI-00392,2025-10-26,6,Calidad del producto
R-00508,CLI-00426,2025-10-26,7,
R-00509,CLI-00024,2025-10-27,8,
R-00510,CLI-00103,2025-10-28,9,
R-00511,CLI-00167,2025-10-28,3,Soporte lento
R-00512,CLI-00239,2025-10-28,10,
R-00513,CLI-00073,2025-11-01,8,
R-00514,CLI-00065,2025-11-02,5,Soporte lento
R-00515,CLI-00253,2025-11-02,8,
R-00516,CLI-00315,2025-11-02,9,
R-00517,CLI-00123,2025-11-03,8,
R-00518,CLI-00211,2025-11-03,6,Calidad del producto
R-00519,CLI-00348,2025-11-03,10,
R-00520,CLI-00370,2025-11-03,2,Facturación
R-00521,CLI-00483,2025-11-03,8,
R-00522,CLI-00012,2025-11-04,10,
R-00523,CLI-00162,2025-11-04,2,Precio
R-00524,CLI-00334,2025-11-05,10,
R-00525,CLI-00418,2025-11-05,7,
R-00526,CLI-00099,2025-11-06,9,
R-00527,CLI-00213,2025-11-06,6,Soporte lento
R-00528,CLI-00368,2025-11-07,8,
R-00529,CLI-00352,2025-11-08,6,Tiempos de entrega
R-00530,CLI-00449,2025-11-08,5,Calidad del producto
R-00531,CLI-00461,2025-11-08,7,
R-00532,CLI-00071,2025-11-09,10,
R-00533,CLI-00090,2025-11-10,4,Soporte lento
R-00534,CLI-00147,2025-11-10,6,Soporte lento
R-00535,CLI-00307,2025-11-10,5,Soporte lento
R-00536,CLI-00054,2025-11-11,10,
R-00537,CLI-00169,2025-11-11,6,Calidad del producto
R-00538,CLI-00057,2025-11-12,8,
R-00539,CLI-00335,2025-11-12,10,
R-00540,CLI-00295,2025-11-14,10,
R-00541,CLI-00494,2025-11-14,9,
R-00542,CLI-00507,2025-11-14,9,
R-00543,CLI-00303,2025-11-15,9,
R-00544,CLI-00479,2025-11-15,9,
R-00545,CLI-00172,2025-11-17,10,
R-00546,CLI-00455,2025-11-17,9,
R-00547,CLI-00473,2025-11-17,10,
R-00548,CLI-00094,2025-11-18,10,
R-00549,CLI-00249,2025-11-18,5,Facturación
R-00550,CLI-00001,2025-11-19,9,
R-00551,CLI-00118,2025-11-19,10,
R-00552,CLI-00187,2025-11-19,9,
R-00553,CLI-00037,2025-11-20,8,
R-00554,CLI-00501,2025-11-20,10,
R-00555,CLI-00278,2025-11-21,9,
R-00556,CLI-00359,2025-11-21,7,
R-00557,CLI-00297,2025-11-22,10,
R-00558,CLI-00411,2025-11-22,7,
R-00559,CLI-00188,2025-11-23,9,
R-00560,CLI-00327,2025-11-23,9,
R-00561,CLI-00089,2025-11-24,10,
R-00562,CLI-00163,2025-11-24,9,
R-00563,CLI-00323,2025-11-24,8,
R-00564,CLI-00233,2025-11-25,3,Calidad del producto
R-00565,CLI-00368,2025-11-25,0,Precio
R-00566,CLI-00119,2025-11-26,10,
R-00567,CLI-00308,2025-11-27,7,
R-00568,CLI-00434,2025-12-01,9,
R-00569,CLI-00486,2025-12-01,10,
R-00570,CLI-00054,2025-12-02,9,
R-00571,CLI-00304,2025-12-02,9,
R-00572,CLI-00358,2025-12-02,9,
R-00573,CLI-00022,2025-12-03,5,Tiempos de entrega
R-00574,CLI-00091,2025-12-03,9,
R-00575,CLI-00121,2025-12-03,10,
R-00576,CLI-00268,2025-12-03,6,Precio
R-00577,CLI-00371,2025-12-04,9,
R-00578,CLI-00415,2025-12-05,9,
R-00579,CLI-00284,2025-12-06,6,Soporte lento
R-00580,CLI-00143,2025-12-07,10,
R-00581,CLI-00160,2025-12-07,8,
R-00582,CLI-00249,2025-12-07,6,Precio
R-00583,CLI-00367,2025-12-07,9,
R-00584,CLI-00510,2025-12-07,6,Calidad del producto
R-00585,CLI-00368,2025-12-08,7,
R-00586,CLI-00188,2025-12-09,9,
R-00587,CLI-00292,2025-12-09,10,
R-00588,CLI-00376,2025-12-09,7,
R-00589,CLI-00394,2025-12-09,10,
R-00590,CLI-00302,2025-12-11,9,
R-00591,CLI-00056,2025-12-12,9,
R-00592,CLI-00121,2025-12-12,10,
R-00593,CLI-00137,2025-12-12,7,
R-00594,CLI-00270,2025-12-12,10,
R-00595,CLI-00406,2025-12-12,9,
R-00596,CLI-00025,2025-12-13,9,
R-00597,CLI-00119,2025-12-13,9,
R-00598,CLI-00495,2025-12-13,10,
R-00599,CLI-00072,2025-12-14,7,
R-00600,CLI-00259,2025-12-15,10,
R-00601,CLI-00164,2025-12-17,6,Calidad del producto
R-00602,CLI-00089,2025-12-18,5,Precio
R-00603,CLI-00226,2025-12-18,10,
R-00604,CLI-00330,2025-12-18,1,Soporte lento
R-00605,CLI-00378,2025-12-18,8,
R-00606,CLI-00428,2025-12-18,6,Tiempos de entrega
R-00607,CLI-00039,2025-12-19,8,
R-00608,CLI-00040,2025-12-19,10,
R-00609,CLI-00335,2025-12-19,6,Tiempos de entrega
R-00610,CLI-00415,2025-12-19,6,Facturación
R-00611,CLI-00441,2025-12-20,10,
R-00612,CLI-00477,2025-12-20,9,
R-00613,CLI-00200,2025-12-21,10,
R-00614,CLI-00090,2025-12-22,9,
R-00615,CLI-00114,2025-12-22,10,
R-00616,CLI-00229,2025-12-22,10,
R-00617,CLI-00135,2025-12-23,9,
R-00618,CLI-00286,2025-12-23,6,Tiempos de entrega
R-00619,CLI-00127,2025-12-24,10,
R-00620,CLI-00221,2025-12-24,8,
R-00621,CLI-00495,2025-12-24,8,
R-00622,CLI-00169,2025-12-25,7,
R-00623,CLI-00387,2025-12-26,10,
R-00624,CLI-00144,2025-12-27,9,
R-00625,CLI-00214,2025-12-27,9,
R-00626,CLI-00236,2025-12-27,9,
R-00627,CLI-00107,2025-12-28,5,Calidad del producto
R-00628,CLI-00408,2026-01-01,5,Soporte lento
R-00629,CLI-00482,2026-01-01,5,Precio
R-00630,CLI-00248,2026-01-03,10,
R-00631,CLI-00391,2026-01-03,9,
R-00632,CLI-00111,2026-01-04,7,
R-00633,CLI-00429,2026-01-04,6,Tiempos de entrega
R-00634,CLI-00489,2026-01-04,6,Precio
R-00635,CLI-00342,2026-01-05,5,Calidad del producto
R-00636,CLI-00407,2026-01-05,10,
R-00637,CLI-00029,2026-01-06,7,
R-00638,CLI-00073,2026-01-06,9,
R-00639,CLI-00084,2026-01-06,1,Calidad del producto
R-00640,CLI-00164,2026-01-06,8,
R-00641,CLI-00230,2026-01-06,0,Tiempos de entrega
R-00642,CLI-00231,2026-01-06,9,
R-00643,CLI-00130,2026-01-07,9,
R-00644,CLI-00008,2026-01-08,9,
R-00645,CLI-00200,2026-01-08,5,Precio
R-00646,CLI-00360,2026-01-08,10,
R-00647,CLI-00222,2026-01-10,9,
R-00648,CLI-00041,2026-01-11,7,
R-00649,CLI-00432,2026-01-11,6,Facturación
R-00650,CLI-00228,2026-01-12,7,
R-00651,CLI-00410,2026-01-12,10,
R-00652,CLI-00364,2026-01-13,10,
R-00653,CLI-00442,2026-01-13,10,
R-00654,CLI-00445,2026-01-13,8,
R-00655,CLI-00174,2026-01-14,9,
R-00656,CLI-00287,2026-01-14,9,
R-00657,CLI-00456,2026-01-14,10,
R-00658,CLI-00225,2026-01-15,5,Tiempos de entrega
R-00659,CLI-00343,2026-01-15,9,
R-00660,CLI-00418,2026-01-15,7,
R-00661,CLI-00079,2026-01-16,7,
R-00662,CLI-00053,2026-01-17,9,
R-00663,CLI-00092,2026-01-17,10,
R-00664,CLI-00320,2026-01-17,10,
R-00665,CLI-00505,2026-01-17,9,
R-00666,CLI-00104,2026-01-18,9,
R-00667,CLI-00120,2026-01-18,8,
R-00668,CLI-00379,2026-01-19,10,
R-00669,CLI-00471,2026-01-19,8,
R-00670,CLI-00354,2026-01-20,8,
R-00671,CLI-00143,2026-01-21,8,
R-00672,CLI-00037,2026-01-22,9,
R-00673,CLI-00304,2026-01-22,10,
R-00674,CLI-00114,2026-01-23,9,
R-00675,CLI-00142,2026-01-23,6,Tiempos de entrega
R-00676,CLI-00154,2026-01-23,6,Facturación
R-00677,CLI-00053,2026-01-26,8,
R-00678,CLI-00057,2026-01-26,6,Precio
R-00679,CLI-00152,2026-01-26,9,
R-00680,CLI-00223,2026-01-28,9,
R-00681,CLI-00275,2026-01-28,2,Calidad del producto
R-00682,CLI-00173,2026-02-02,10,
R-00683,CLI-00234,2026-02-02,9,
R-00684,CLI-00306,2026-02-03,7,
R-00685,CLI-00340,2026-02-03,9,
R-00686,CLI-00112,2026-02-04,8,
R-00687,CLI-00192,2026-02-05,1,Tiempos de entrega
R-00688,CLI-00047,2026-02-06,9,
R-00689,CLI-00226,2026-02-07,10,
R-00690,CLI-00446,2026-02-07,10,
R-00691,CLI-00471,2026-02-07,8,
R-00692,CLI-00098,2026-02-08,10,
R-00693,CLI-00199,2026-02-08,10,
R-00694,CLI-00340,2026-02-08,10,
R-00695,CLI-00392,2026-02-08,9,
R-00696,CLI-00445,2026-02-08,9,
R-00697,CLI-00447,2026-02-08,9,
R-00698,CLI-00509,2026-02-09,5,Soporte lento
R-00699,CLI-00110,2026-02-10,9,
R-00700,CLI-00150,2026-02-10,10,
R-00701,CLI-00453,2026-02-11,6,Facturación
R-00702,CLI-00181,2026-02-13,10,
R-00703,CLI-00154,2026-02-15,4,Soporte lento
R-00704,CLI-00240,2026-02-15,7,
R-00705,CLI-00408,2026-02-15,10,
R-00706,CLI-00479,2026-02-15,8,
R-00707,CLI-00119,2026-02-17,10,
R-00708,CLI-00147,2026-02-17,7,
R-00709,CLI-00182,2026-02-18,9,
R-00710,CLI-00182,2026-02-18,5,Precio
R-00711,CLI-00226,2026-02-18,10,
R-00712,CLI-00260,2026-02-18,7,
R-00713,CLI-00440,2026-02-18,8,
R-00714,CLI-00222,2026-02-19,1,Facturación
R-00715,CLI-00137,2026-02-20,5,Soporte lento
R-00716,CLI-00160,2026-02-20,8,
R-00717,CLI-00385,2026-02-20,6,Tiempos de entrega
R-00718,CLI-00042,2026-02-22,8,
R-00719,CLI-00195,2026-02-23,8,
R-00720,CLI-00051,2026-02-24,7,
R-00721,CLI-00064,2026-02-25,4,Facturación
R-00722,CLI-00085,2026-02-25,8,
R-00723,CLI-00489,2026-02-25,2,Soporte lento
R-00724,CLI-00234,2026-02-26,4,Facturación
R-00725,CLI-00472,2026-02-26,5,Precio
R-00726,CLI-00014,2026-02-27,9,
R-00727,CLI-00277,2026-02-28,8,
R-00728,CLI-00002,2026-03-01,7,
R-00729,CLI-00033,2026-03-01,10,
R-00730,CLI-00161,2026-03-01,10,
R-00731,CLI-00468,2026-03-02,8,
R-00732,CLI-00106,2026-03-03,6,Tiempos de entrega
R-00733,CLI-00251,2026-03-04,9,
R-00734,CLI-00226,2026-03-05,9,
R-00735,CLI-00249,2026-03-05,4,Precio
R-00736,CLI-00120,2026-03-07,10,
R-00737,CLI-00174,2026-03-08,8,
R-00738,CLI-00190,2026-03-08,8,
R-00739,CLI-00474,2026-03-08,6,Precio
R-00740,CLI-00314,2026-03-09,10,
R-00741,CLI-00066,2026-03-10,8,
R-00742,CLI-00242,2026-03-10,8,
R-00743,CLI-00025,2026-03-11,10,
R-00744,CLI-00186,2026-03-11,7,
R-00745,CLI-00244,2026-03-11,8,
R-00746,CLI-00122,2026-03-12,6,Calidad del producto
R-00747,CLI-00206,2026-03-12,7,
R-00748,CLI-00263,2026-03-12,10,
R-00749,CLI-00370,2026-03-12,8,
R-00750,CLI-00118,2026-03-13,9,
R-00751,CLI-00180,2026-03-13,5,Precio
R-00752,CLI-00360,2026-03-13,9,
R-00753,CLI-00288,2026-03-14,9,
R-00754,CLI-00322,2026-03-14,10,
R-00755,CLI-00114,2026-03-15,6,Calidad del producto
R-00756,CLI-00173,2026-03-15,8,
R-00757,CLI-00100,2026-03-16,10,
R-00758,CLI-00259,2026-03-16,9,
R-00759,CLI-00054,2026-03-17,9,
R-00760,CLI-00134,2026-03-17,9,
R-00761,CLI-00311,2026-03-17,10,
R-00762,CLI-00453,2026-03-18,9,
R-00763,CLI-00333,2026-03-19,7,
R-00764,CLI-00049,2026-03-20,10,
R-00765,CLI-00104,2026-03-20,9,
R-00766,CLI-00399,2026-03-20,9,
R-00767,CLI-00407,2026-03-21,8,
R-00768,CLI-00485,2026-03-21,7,
R-00769,CLI-00502,2026-03-21,5,Calidad del producto
R-00770,CLI-00131,2026-03-22,7,
R-00771,CLI-00380,2026-03-22,9,
R-00772,CLI-00074,2026-03-23,7,
R-00773,CLI-00128,2026-03-23,10,
R-00774,CLI-00380,2026-03-23,7,
R-00775,CLI-00061,2026-03-24,5,Facturación
R-00776,CLI-00426,2026-03-24,8,
R-00777,CLI-00159,2026-03-25,2,Facturación
R-00778,CLI-00186,2026-03-26,8,
R-00779,CLI-00212,2026-03-26,10,
R-00780,CLI-00402,2026-03-26,10,
R-00781,CLI-00096,2026-03-27,9,
R-00782,CLI-00329,2026-03-27,10,
R-00783,CLI-00117,2026-03-28,5,Facturación
R-00784,CLI-00304,2026-03-28,8,
R-00785,CLI-00314,2026-03-28,9,
R-00786,CLI-00046,2026-04-01,9,
R-00787,CLI-00125,2026-04-01,9,
R-00788,CLI-00226,2026-04-02,6,Precio
R-00789,CLI-00290,2026-04-02,4,Precio
R-00790,CLI-00185,2026-04-03,8,
R-00791,CLI-00431,2026-04-03,7,
R-00792,CLI-00375,2026-04-04,2,Soporte lento
R-00793,CLI-00012,2026-04-05,7,
R-00794,CLI-00170,2026-04-06,7,
R-00795,CLI-00321,2026-04-06,7,
R-00796,CLI-00393,2026-04-06,9,
R-00797,CLI-00413,2026-04-06,5,Tiempos de entrega
R-00798,CLI-00021,2026-04-07,4,Precio
R-00799,CLI-00385,2026-04-07,9,
R-00800,CLI-00033,2026-04-08,9,
R-00801,CLI-00202,2026-04-08,9,
R-00802,CLI-00202,2026-04-09,7,
R-00803,CLI-00216,2026-04-09,6,Soporte lento
R-00804,CLI-00350,2026-04-09,10,
R-00805,CLI-00436,2026-04-09,9,
R-00806,CLI-00393,2026-04-10,7,
R-00807,CLI-00449,2026-04-10,9,
R-00808,CLI-00493,2026-04-10,7,
R-00809,CLI-00153,2026-04-12,10,
R-00810,CLI-00302,2026-04-12,9,
R-00811,CLI-00052,2026-04-13,6,Calidad del producto
R-00812,CLI-00475,2026-04-13,6,Calidad del producto
R-00813,CLI-00481,2026-04-14,5,Tiempos de entrega
R-00814,CLI-00294,2026-04-15,7,
R-00815,CLI-00438,2026-04-15,7,
R-00816,CLI-00068,2026-04-16,7,
R-00817,CLI-00132,2026-04-16,5,Facturación
R-00818,CLI-00072,2026-04-17,9,
R-00819,CLI-00122,2026-04-17,9,
R-00820,CLI-00153,2026-04-17,10,
R-00821,CLI-00273,2026-04-18,7,
R-00822,CLI-00377,2026-04-18,0,Tiempos de entrega
R-00823,CLI-00282,2026-04-19,7,
R-00824,CLI-00030,2026-04-20,5,Soporte lento
R-00825,CLI-00143,2026-04-20,10,
R-00826,CLI-00288,2026-04-20,9,
R-00827,CLI-00072,2026-04-21,3,Tiempos de entrega
R-00828,CLI-00006,2026-04-22,7,
R-00829,CLI-00266,2026-04-22,8,
R-00830,CLI-00361,2026-04-22,9,
R-00831,CLI-00250,2026-04-23,10,
R-00832,CLI-00284,2026-04-23,9,
R-00833,CLI-00357,2026-04-23,9,
R-00834,CLI-00292,2026-04-24,5,Tiempos de entrega
R-00835,CLI-00221,2026-04-25,10,
R-00836,CLI-00300,2026-04-25,8,
R-00837,CLI-00340,2026-04-26,7,
R-00838,CLI-00368,2026-04-26,8,
R-00839,CLI-00427,2026-04-27,10,
R-00840,CLI-00020,2026-04-28,6,Calidad del producto
R-00841,CLI-00262,2026-04-28,9,
R-00842,CLI-00130,2026-05-02,9,
R-00843,CLI-00177,2026-05-03,6,Tiempos de entrega
R-00844,CLI-00085,2026-05-04,9,
R-00845,CLI-00482,2026-05-04,7,
R-00846,CLI-00165,2026-05-05,9,
R-00847,CLI-00172,2026-05-06,9,
R-00848,CLI-00476,2026-05-06,9,
R-00849,CLI-00476,2026-05-06,7,
R-00850,CLI-00042,2026-05-07,10,
R-00851,CLI-00064,2026-05-07,8,
R-00852,CLI-00327,2026-05-07,5,Facturación
R-00853,CLI-00508,2026-05-07,10,
R-00854,CLI-00415,2026-05-08,10,
R-00855,CLI-00051,2026-05-09,9,
R-00856,CLI-00198,2026-05-09,8,
R-00857,CLI-00396,2026-05-09,7,
R-00858,CLI-00440,2026-05-09,8,
R-00859,CLI-00299,2026-05-10,6,Calidad del producto
R-00860,CLI-00461,2026-05-11,7,
R-00861,CLI-00377,2026-05-12,7,
R-00862,CLI-00148,2026-05-13,6,Soporte lento
R-00863,CLI-00169,2026-05-13,5,Precio
R-00864,CLI-00202,2026-05-13,10,
R-00865,CLI-00272,2026-05-13,6,Facturación
R-00866,CLI-00215,2026-05-14,8,
R-00867,CLI-00131,2026-05-15,10,
R-00868,CLI-00455,2026-05-15,4,Tiempos de entrega
R-00869,CLI-00038,2026-05-17,9,
R-00870,CLI-00385,2026-05-17,4,Tiempos de entrega
R-00871,CLI-00214,2026-05-18,8,
R-00872,CLI-00076,2026-05-20,10,
R-00873,CLI-00069,2026-05-21,10,
R-00874,CLI-00052,2026-05-22,7,
R-00875,CLI-00164,2026-05-22,4,Soporte lento
R-00876,CLI-00496,2026-05-23,10,
R-00877,CLI-00017,2026-05-24,7,
R-00878,CLI-00114,2026-05-24,8,
R-00879,CLI-00177,2026-05-24,8,
R-00880,CLI-00313,2026-05-24,8,
R-00881,CLI-00045,2026-05-26,8,
R-00882,CLI-00394,2026-05-26,5,Soporte lento
R-00883,CLI-00384,2026-06-01,7,
R-00884,CLI-00458,2026-06-01,10,
R-00885,CLI-00131,2026-06-02,6,Tiempos de entrega
R-00886,CLI-00253,2026-06-02,7,
R-00887,CLI-00292,2026-06-02,6,Calidad del producto
R-00888,CLI-00371,2026-06-04,10,
R-00889,CLI-00130,2026-06-05,10,
R-00890,CLI-00152,2026-06-05,10,
R-00891,CLI-00230,2026-06-07,10,
R-00892,CLI-00314,2026-06-07,8,
R-00893,CLI-00323,2026-06-07,10,
R-00894,CLI-00387,2026-06-07,7,
R-00895,CLI-00298,2026-06-08,10,
R-00896,CLI-00489,2026-06-08,10,
R-00897,CLI-00082,2026-06-09,2,Tiempos de entrega
R-00898,CLI-00224,2026-06-09,9,
R-00899,CLI-00327,2026-06-09,9,
R-00900,CLI-00448,2026-06-10,6,Precio
R-00901,CLI-00140,2026-06-11,7,
R-00902,CLI-00306,2026-06-11,5,Calidad del producto
R-00903,CLI-00287,2026-06-12,9,
R-00904,CLI-00340,2026-06-12,6,Tiempos de entrega
R-00905,CLI-00063,2026-06-13,5,Tiempos de entrega
R-00906,CLI-00182,2026-06-14,8,
R-00907,CLI-00165,2026-06-17,8,
R-00908,CLI-00172,2026-06-17,9,
R-00909,CLI-00240,2026-06-17,6,Calidad del producto
R-00910,CLI-00402,2026-06-17,7,
R-00911,CLI-00140,2026-06-18,10,
R-00912,CLI-00510,2026-06-18,9,
R-00913,CLI-00010,2026-06-20,10,
R-00914,CLI-00069,2026-06-21,0,Facturación
R-00915,CLI-00199,2026-06-22,7,
R-00916,CLI-00272,2026-06-22,8,
R-00917,CLI-00019,2026-06-23,4,Tiempos de entrega
R-00918,CLI-00345,2026-06-23,3,Tiempos de entrega
R-00919,CLI-00095,2026-06-24,3,Tiempos de entrega
R-00920,CLI-00358,2026-06-25,8,
R-00921,CLI-00241,2026-06-27,8,
R-00922,CLI-00368,2026-06-27,10,
R-00923,CLI-00455,2026-06-28,9,
R-00924,CLI-00134,2026-07-01,6,Tiempos de entrega
R-00925,CLI-00456,2026-07-01,9,
R-00926,CLI-00132,2026-07-02,10,
R-00927,CLI-00479,2026-07-02,3,Tiempos de entrega
R-00928,CLI-00149,2026-07-03,10,
R-00929,CLI-00124,2026-07-05,6,Facturación
R-00930,CLI-00206,2026-07-05,7,
R-00931,CLI-00270,2026-07-05,10,
R-00932,CLI-00387,2026-07-05,5,Calidad del producto
R-00933,CLI-00411,2026-07-07,9,
R-00934,CLI-00494,2026-07-08,6,Calidad del producto
R-00935,CLI-00494,2026-07-08,9,
R-00936,CLI-00489,2026-07-09,10,
R-00937,CLI-00358,2026-07-10,6,Tiempos de entrega
R-00938,CLI-00055,2026-07-11,7,
R-00939,CLI-00169,2026-07-14,8,
R-00940,CLI-00201,2026-07-14,6,Tiempos de entrega
R-00941,CLI-00381,2026-07-14,6,Soporte lento
R-00942,CLI-00426,2026-07-14,9,
R-00943,CLI-00019,2026-07-15,9,
R-00944,CLI-00176,2026-07-15,9,
R-00945,CLI-00249,2026-07-15,6,Tiempos de entrega
R-00946,CLI-00031,2026-07-16,6,Tiempos de entrega
R-00947,CLI-00241,2026-07-16,7,
R-00948,CLI-00330,2026-07-16,10,
R-00949,CLI-00471,2026-07-16,10,
R-00950,CLI-00499,2026-07-16,5,Tiempos de entrega
R-00951,CLI-00047,2026-07-17,10,
R-00952,CLI-00201,2026-07-17,4,Tiempos de entrega
R-00953,CLI-00066,2026-07-18,8,
R-00954,CLI-00073,2026-07-18,8,
R-00955,CLI-00195,2026-07-18,9,
R-00956,CLI-00160,2026-07-19,9,
R-00957,CLI-00411,2026-07-19,4,Tiempos de entrega
R-00958,CLI-00009,2026-07-20,4,Tiempos de entrega
R-00959,CLI-00093,2026-07-21,10,
R-00960,CLI-00467,2026-07-22,9,
R-00961,CLI-00464,2026-07-23,7,
R-00962,CLI-00227,2026-07-24,3,Tiempos de entrega
R-00963,CLI-00451,2026-07-24,8,
R-00964,CLI-00191,2026-07-25,6,Precio
R-00965,CLI-00053,2026-07-26,8,
R-00966,CLI-00419,2026-07-26,7,
R-00967,CLI-00407,2026-07-27,4,Tiempos de entrega
R-00968,CLI-00475,2026-07-28,10,
R-00969,CLI-00058,2026-08-02,7,
R-00970,CLI-00293,2026-08-02,6,Tiempos de entrega
R-00971,CLI-00310,2026-08-02,9,
R-00972,CLI-00279,2026-08-03,9,
R-00973,CLI-00288,2026-08-03,7,
R-00974,CLI-00149,2026-08-04,8,
R-00975,CLI-00227,2026-08-05,5,Tiempos de entrega
R-00976,CLI-00043,2026-08-06,6,Soporte lento
R-00977,CLI-00278,2026-08-06,10,
R-00978,CLI-00366,2026-08-06,7,
R-00979,CLI-00444,2026-08-06,8,
R-00980,CLI-00258,2026-08-07,9,
R-00981,CLI-00055,2026-08-08,10,
R-00982,CLI-00065,2026-08-08,7,
R-00983,CLI-00117,2026-08-08,7,
R-00984,CLI-00175,2026-08-08,6,Calidad del producto
R-00985,CLI-00187,2026-08-08,8,
R-00986,CLI-00262,2026-08-09,8,
R-00987,CLI-00265,2026-08-09,9,
R-00988,CLI-00500,2026-08-09,4,Soporte lento
R-00989,CLI-00197,2026-08-10,9,
R-00990,CLI-00205,2026-08-10,7,
R-00991,CLI-00294,2026-08-10,5,Calidad del producto
R-00992,CLI-00143,2026-08-11,8,
R-00993,CLI-00238,2026-08-12,9,
R-00994,CLI-00356,2026-08-12,9,
R-00995,CLI-00052,2026-08-14,10,
R-00996,CLI-00180,2026-08-14,6,Precio
R-00997,CLI-00066,2026-08-15,5,Precio
R-00998,CLI-00477,2026-08-15,9,
R-00999,CLI-00067,2026-08-16,4,Tiempos de entrega
R-01000,CLI-00133,2026-08-16,9,
R-01001,CLI-00237,2026-08-16,6,Tiempos de entrega
R-01002,CLI-00237,2026-08-17,6,Tiempos de entrega
R-01003,CLI-00402,2026-08-17,9,
R-01004,CLI-00165,2026-08-18,2,Precio
R-01005,CLI-00271,2026-08-19,1,Soporte lento
R-01006,CLI-00034,2026-08-20,10,
R-01007,CLI-00040,2026-08-20,6,Soporte lento
R-01008,CLI-00234,2026-08-20,8,
R-01009,CLI-00248,2026-08-20,9,
R-01010,CLI-00506,2026-08-21,8,
R-01011,CLI-00044,2026-08-22,6,Soporte lento
R-01012,CLI-00147,2026-08-22,8,
R-01013,CLI-00186,2026-08-22,4,Facturación
R-01014,CLI-00270,2026-08-22,9,
R-01015,CLI-00218,2026-08-23,9,
R-01016,CLI-00350,2026-08-23,9,
R-01017,CLI-00290,2026-08-24,6,Tiempos de entrega
R-01018,CLI-00233,2026-08-25,8,
R-01019,CLI-00364,2026-08-25,6,Tiempos de entrega
R-01020,CLI-00295,2026-08-27,4,Soporte lento
R-01021,CLI-00336,2026-08-27,8,
R-01022,CLI-00431,2026-08-27,10,
R-01023,CLI-00022,2026-08-28,10,
R-01024,CLI-00095,2026-08-28,6,Soporte lento
