cliente_id,mes,gasto_mensual_mxn
CLI-00188,2025-01,382.62
CLI-00188,2025-02,376.80
CLI-00188,2025-03,381.52
CLI-00188,2025-04,378.22
CLI-00188,2025-05,389.25
CLI-00188,2025-06,384.96
CLI-00188,2025-07,391.39
CLI-00188,2025-08,383.54
CLI-00188,2025-09,388.37
CLI-00188,2025-10,379.31
CLI-00188,2025-11,387.82
CLI-00188,2025-12,389.36
CLI-00188,2026-01,382.34
CLI-00339,2025-01,2323.87
CLI-00339,2025-02,2270.53
CLI-00339,2025-03,2285.54
CLI-00339,2025-04,2268.10
CLI-00339,2025-05,2341.95
CLI-00339,2025-06,2317.13
CLI-00339,2025-07,2286.00
CLI-00339,2025-08,2297.60
CLI-00339,2025-09,2339.21
CLI-00339,2025-10,2320.20
CLI-00339,2025-11,2315.05
CLI-00339,2025-12,2267.87
CLI-00339,2026-01,2272.28
CLI-00339,2026-02,2289.89
CLI-00339,2026-03,2273.04
CLI-00339,2026-04,2301.80
CLI-00339,2026-05,2282.50
CLI-00339,2026-06,2321.90
CLI-00339,2026-07,2332.74
CLI-00339,2026-08,2271.47
CLI-00365,2025-01,1972.98
CLI-00365,2025-02,2014.24
CLI-00365,2025-03,2038.15
CLI-00365,2025-04,1977.57
CLI-00365,2025-05,2015.78
CLI-00365,2025-06,2047.51
CLI-00365,2025-07,2019.34
CLI-00365,2025-08,1995.76
CLI-00365,2025-09,1998.69
CLI-00365,2025-10,2006.07
CLI-00365,2025-11,2037.75
CLI-00365,2025-12,2046.57
CLI-00365,2026-01,1991.06
CLI-00365,2026-02,1991.60
CLI-00365,2026-03,1977.32
CLI-00365,2026-04,2000.46
CLI-00365,2026-05,1968.37
CLI-00365,2026-06,1990.80
CLI-00365,2026-07,2014.08
CLI-00365,2026-08,1979.79
CLI-00045,2025-01,625.09
CLI-00045,2025-02,625.19
CLI-00045,2025-03,620.87
CLI-00045,2025-04,605.09
CLI-00045,2025-05,613.37
CLI-00045,2025-06,617.99
CLI-00045,2025-07,608.40
CLI-00045,2025-08,625.98
CLI-00045,2025-09,606.55
CLI-00045,2025-10,618.11
CLI-00045,2025-11,621.11
CLI-00045,2025-12,608.10
CLI-00045,2026-01,610.79
CLI-00045,2026-02,608.84
CLI-00045,2026-03,606.51
CLI-00045,2026-04,617.09
CLI-00045,2026-05,611.75
CLI-00045,2026-06,619.52
CLI-00045,2026-07,615.50
CLI-00045,2026-08,616.88
CLI-00342,2025-01,1693.82
CLI-00342,2025-02,1703.87
CLI-00342,2025-03,1696.56
CLI-00342,2025-04,1642.81
CLI-00342,2025-05,1647.45
CLI-00342,2025-06,1657.31
CLI-00342,2025-07,1667.18
CLI-00342,2025-08,1657.04
CLI-00342,2025-09,1677.93
CLI-00342,2025-10,1647.10
CLI-00342,2025-11,1685.95
CLI-00342,2025-12,1661.84
CLI-00342,2026-01,1645.18
CLI-00342,2026-02,1702.75
CLI-00342,2026-03,1667.83
CLI-00342,2026-04,1656.03
CLI-00342,2026-05,1700.84
CLI-00342,2026-06,1700.10
CLI-00342,2026-07,1644.90
CLI-00342,2026-08,1666.15
CLI-00084,2025-01,2496.10
CLI-00084,2025-02,2507.22
CLI-00084,2025-03,2496.53
CLI-00084,2025-04,2471.03
CLI-00084,2025-05,2521.97
CLI-00084,2025-06,2503.19
CLI-00084,2025-07,2436.44
CLI-00084,2025-08,2431.68
CLI-00084,2025-09,2499.25
CLI-00084,2025-10,2435.74
CLI-00084,2025-11,2480.39
CLI-00084,2025-12,2489.27
CLI-00084,2026-01,2467.24
CLI-00084,2026-02,2452.86
CLI-00084,2026-03,2470.22
CLI-00084,2026-04,2483.76
CLI-00084,2026-05,2448.34
CLI-00084,2026-06,2498.99
CLI-00084,2026-07,2430.05
CLI-00084,2026-08,2499.87
CLI-00248,2025-01,818.86
CLI-00248,2025-02,810.22
CLI-00248,2025-03,829.81
CLI-00248,2025-04,799.35
CLI-00248,2025-05,807.35
CLI-00248,2025-06,812.46
CLI-00248,2025-07,817.27
CLI-00248,2025-08,821.62
CLI-00248,2025-09,808.02
CLI-00248,2025-10,799.32
CLI-00248,2025-11,823.74
CLI-00248,2025-12,814.29
CLI-00248,2026-01,814.46
CLI-00248,2026-02,805.51
CLI-00248,2026-03,806.83
CLI-00248,2026-04,812.12
CLI-00248,2026-05,799.03
CLI-00248,2026-06,801.94
CLI-00248,2026-07,816.09
CLI-00248,2026-08,825.10
CLI-00315,2025-01,596.89
CLI-00315,2025-02,593.81
CLI-00315,2025-03,605.09
CLI-00315,2025-04,606.81
CLI-00315,2025-05,598.28
CLI-00315,2025-06,611.59
CLI-00315,2025-07,606.58
CLI-00315,2025-08,590.94
CLI-00315,2025-09,591.36
CLI-00315,2025-10,597.61
CLI-00315,2025-11,592.29
CLI-00315,2025-12,597.19
CLI-00315,2026-01,605.94
CLI-00315,2026-02,592.66
CLI-00315,2026-03,610.52
CLI-00315,2026-04,604.77
CLI-00315,2026-05,598.04
CLI-00034,2025-01,1125.04
CLI-00034,2025-02,1133.99
CLI-00034,2025-03,1135.25
CLI-00034,2025-04,1098.91
CLI-00034,2025-05,1105.36
CLI-00034,2025-06,1128.79
CLI-00034,2025-07,1128.37
CLI-00034,2025-08,1126.97
CLI-00034,2025-09,1117.16
CLI-00034,2025-10,1108.79
CLI-00034,2025-11,1108.54
CLI-00034,2025-12,1110.04
CLI-00034,2026-01,1114.19
CLI-00034,2026-02,1132.18
CLI-00034,2026-03,1118.90
CLI-00034,2026-04,1140.92
CLI-00034,2026-05,1112.82
CLI-00034,2026-06,1103.83
CLI-00034,2026-07,1113.13
CLI-00034,2026-08,1118.75
CLI-00485,2025-01,566.05
CLI-00485,2025-02,551.60
CLI-00485,2025-03,565.11
CLI-00485,2025-04,552.15
CLI-00485,2025-05,568.36
CLI-00485,2025-06,559.92
CLI-00485,2025-07,568.04
CLI-00485,2025-08,557.92
CLI-00485,2025-09,561.33
CLI-00485,2025-10,567.38
CLI-00485,2025-11,556.32
CLI-00485,2025-12,558.64
CLI-00485,2026-01,558.56
CLI-00485,2026-02,559.75
CLI-00485,2026-03,548.40
CLI-00485,2026-04,564.76
CLI-00485,2026-05,555.57
CLI-00485,2026-06,568.57
CLI-00485,2026-07,549.44
CLI-00485,2026-08,558.68
CLI-00090,2025-01,1916.44
CLI-00090,2025-02,1894.73
CLI-00090,2025-03,1889.20
CLI-00090,2025-04,1874.32
CLI-00090,2025-05,1940.05
CLI-00090,2025-06,1906.15
CLI-00090,2025-07,1922.59
CLI-00090,2025-08,1902.64
CLI-00090,2025-09,1893.51
CLI-00090,2025-10,1911.09
CLI-00090,2025-11,1895.07
CLI-00090,2025-12,1875.67
CLI-00090,2026-01,1931.54
CLI-00090,2026-02,1901.16
CLI-00090,2026-03,1908.26
CLI-00090,2026-04,1929.24
CLI-00090,2026-05,1873.02
CLI-00090,2026-06,1882.92
CLI-00090,2026-07,1936.48
CLI-00090,2026-08,1891.32
CLI-00289,2025-01,788.84
CLI-00289,2025-02,785.94
CLI-00289,2025-03,789.15
CLI-00289,2025-04,788.24
CLI-00289,2025-05,786.01
CLI-00289,2025-06,815.50
CLI-00289,2025-07,789.00
CLI-00289,2025-08,797.42
CLI-00289,2025-09,813.29
CLI-00289,2025-10,800.89
CLI-00289,2025-11,784.82
CLI-00289,2025-12,798.27
CLI-00289,2026-01,786.87
CLI-00289,2026-02,806.60
CLI-00289,2026-03,806.71
CLI-00289,2026-04,816.41
CLI-00289,2026-05,788.16
CLI-00289,2026-06,807.58
CLI-00289,2026-07,808.65
CLI-00289,2026-08,793.48
CLI-00452,2025-01,785.84
CLI-00452,2025-02,765.33
CLI-00452,2025-03,791.17
CLI-00452,2025-04,788.38
CLI-00452,2025-05,766.00
CLI-00452,2025-06,776.25
CLI-00452,2025-07,776.53
CLI-00452,2025-08,794.00
CLI-00452,2025-09,775.09
CLI-00452,2025-10,792.57
CLI-00452,2025-11,780.58
CLI-00452,2025-12,778.03
CLI-00452,2026-01,795.71
CLI-00452,2026-02,792.64
CLI-00452,2026-03,767.92
CLI-00452,2026-04,792.12
CLI-00452,2026-05,787.43
CLI-00452,2026-06,788.58
CLI-00452,2026-07,793.84
CLI-00452,2026-08,791.01
CLI-00508,2025-07,1699.62
CLI-00508,2025-08,1687.26
CLI-00508,2025-09,1678.20
CLI-00508,2025-10,1693.91
CLI-00508,2025-11,1638.39
CLI-00508,2025-12,1674.09
CLI-00508,2026-01,1659.55
CLI-00508,2026-02,1648.72
CLI-00508,2026-03,1677.75
CLI-00508,2026-04,1670.40
CLI-00508,2026-05,1639.96
CLI-00508,2026-06,1694.34
CLI-00508,2026-07,1687.64
CLI-00508,2026-08,1638.23
CLI-00271,2025-01,2011.92
CLI-00271,2025-02,2009.18
CLI-00271,2025-03,1972.72
CLI-00271,2025-04,2018.73
CLI-00271,2025-05,2021.97
CLI-00271,2025-06,2024.07
CLI-00271,2025-07,2002.44
CLI-00271,2025-08,2026.51
CLI-00271,2025-09,1964.13
CLI-00271,2025-10,2022.59
CLI-00271,2025-11,2005.26
CLI-00271,2025-12,2008.70
CLI-00271,2026-01,1973.21
CLI-00271,2026-02,2003.32
CLI-00271,2026-03,1988.26
CLI-00271,2026-04,1987.89
CLI-00271,2026-05,2019.31
CLI-00271,2026-06,2010.07
CLI-00271,2026-07,1965.20
CLI-00271,2026-08,1949.30
CLI-00388,2025-01,459.58
CLI-00388,2025-02,455.59
CLI-00388,2025-03,461.92
CLI-00388,2025-04,465.04
CLI-00388,2025-05,461.04
CLI-00388,2025-06,464.01
CLI-00388,2025-07,463.00
CLI-00388,2025-08,464.71
CLI-00388,2025-09,463.77
CLI-00388,2025-10,458.79
CLI-00388,2025-11,456.73
CLI-00388,2025-12,470.84
CLI-00388,2026-01,456.02
CLI-00388,2026-02,463.44
CLI-00388,2026-03,461.08
CLI-00388,2026-04,473.45
CLI-00388,2026-05,463.08
CLI-00388,2026-06,471.85
CLI-00388,2026-07,463.75
CLI-00388,2026-08,471.12
CLI-00150,2025-01,966.07
CLI-00150,2025-02,930.99
CLI-00150,2025-03,930.75
CLI-00150,2025-04,950.02
CLI-00150,2025-05,956.39
CLI-00150,2025-06,940.27
CLI-00150,2025-07,956.93
CLI-00150,2025-08,951.98
CLI-00150,2025-09,938.89
CLI-00150,2025-10,946.19
CLI-00150,2025-11,961.54
CLI-00150,2025-12,953.05
CLI-00150,2026-01,957.34
CLI-00150,2026-02,938.75
CLI-00150,2026-03,952.06
CLI-00150,2026-04,929.28
CLI-00150,2026-05,956.32
CLI-00150,2026-06,965.31
CLI-00150,2026-07,958.53
CLI-00150,2026-08,940.94
CLI-00149,2025-01,430.91
CLI-00149,2025-02,436.14
CLI-00149,2025-03,439.13
CLI-00149,2025-04,438.72
CLI-00149,2025-05,442.78
CLI-00149,2025-06,435.25
CLI-00149,2025-07,443.63
CLI-00149,2025-08,436.95
CLI-00149,2025-09,434.43
CLI-00149,2025-10,438.67
CLI-00149,2025-11,442.99
CLI-00149,2025-12,441.97
CLI-00149,2026-01,431.52
CLI-00149,2026-02,435.14
CLI-00149,2026-03,438.46
CLI-00149,2026-04,429.33
CLI-00149,2026-05,436.71
CLI-00149,2026-06,430.87
CLI-00149,2026-07,432.09
CLI-00149,2026-08,438.08
CLI-00443,2025-01,792.87
CLI-00443,2025-02,794.34
CLI-00443,2025-03,773.89
CLI-00443,2025-04,775.69
CLI-00443,2025-05,778.95
CLI-00443,2025-06,777.41
CLI-00443,2025-07,789.19
CLI-00443,2025-08,779.41
CLI-00443,2025-09,789.10
CLI-00443,2025-10,788.50
CLI-00443,2025-11,793.41
CLI-00443,2025-12,787.04
CLI-00443,2026-01,775.62
CLI-00443,2026-02,787.59
CLI-00443,2026-03,773.16
CLI-00443,2026-04,779.15
CLI-00443,2026-05,775.65
CLI-00443,2026-06,770.13
CLI-00443,2026-07,784.36
CLI-00443,2026-08,786.67
CLI-00009,2025-01,546.69
CLI-00009,2025-02,562.18
CLI-00009,2025-03,546.13
CLI-00009,2025-04,552.04
CLI-00009,2025-05,551.74
CLI-00009,2025-06,546.08
CLI-00009,2025-07,551.94
CLI-00009,2025-08,555.35
CLI-00009,2025-09,555.36
CLI-00429,2025-01,361.95
CLI-00429,2025-02,358.70
CLI-00429,2025-03,361.33
CLI-00429,2025-04,355.32
CLI-00429,2025-05,358.51
CLI-00429,2025-06,349.94
CLI-00429,2025-07,351.43
CLI-00429,2025-08,349.24
CLI-00429,2025-09,361.72
CLI-00429,2025-10,359.65
CLI-00429,2025-11,349.58
CLI-00429,2025-12,358.20
CLI-00429,2026-01,359.57
CLI-00429,2026-02,360.46
CLI-00429,2026-03,356.36
CLI-00429,2026-04,353.46
CLI-00429,2026-05,351.40
CLI-00429,2026-06,355.13
CLI-00429,2026-07,352.45
CLI-00429,2026-08,354.34
CLI-00175,2025-01,474.81
CLI-00175,2025-02,479.24
CLI-00175,2025-03,484.16
CLI-00175,2025-04,475.06
CLI-00175,2025-05,468.86
CLI-00175,2025-06,480.17
CLI-00175,2025-07,469.84
CLI-00175,2025-08,484.07
CLI-00175,2025-09,483.53
CLI-00175,2025-10,475.94
CLI-00175,2025-11,478.65
CLI-00175,2025-12,468.38
CLI-00175,2026-01,469.34
CLI-00175,2026-02,475.91
CLI-00175,2026-03,478.77
CLI-00175,2026-04,475.61
CLI-00175,2026-05,485.56
CLI-00175,2026-06,473.26
CLI-00175,2026-07,475.66
CLI-00175,2026-08,484.63
CLI-00195,2025-01,559.54
CLI-00195,2025-02,556.04
CLI-00195,2025-03,546.65
CLI-00195,2025-04,543.16
CLI-00195,2025-05,544.02
CLI-00195,2025-06,543.59
CLI-00195,2025-07,546.05
CLI-00195,2025-08,552.34
CLI-00195,2025-09,539.92
CLI-00195,2025-10,548.26
CLI-00195,2025-11,548.47
CLI-00195,2025-12,548.34
CLI-00195,2026-01,550.07
CLI-00195,2026-02,554.26
CLI-00195,2026-03,542.63
CLI-00195,2026-04,557.59
CLI-00195,2026-05,553.20
CLI-00195,2026-06,540.17
CLI-00195,2026-07,558.76
CLI-00195,2026-08,554.48
CLI-00337,2025-01,2190.98
CLI-00337,2025-02,2236.82
CLI-00337,2025-03,2229.95
CLI-00337,2025-04,2177.88
CLI-00337,2025-05,2239.92
CLI-00337,2025-06,2199.14
CLI-00337,2025-07,2217.48
CLI-00337,2025-08,2165.24
CLI-00337,2025-09,2170.95
CLI-00337,2025-10,2221.01
CLI-00337,2025-11,2220.17
CLI-00337,2025-12,2208.86
CLI-00337,2026-01,2196.47
CLI-00337,2026-02,2186.91
CLI-00337,2026-03,2239.99
CLI-00337,2026-04,2223.04
CLI-00337,2026-05,2215.19
CLI-00337,2026-06,2213.46
CLI-00337,2026-07,2193.33
CLI-00337,2026-08,2176.60
CLI-00059,2025-01,489.50
CLI-00059,2025-02,488.46
CLI-00059,2025-03,487.36
CLI-00059,2025-04,483.17
CLI-00059,2025-05,476.19
CLI-00059,2025-06,491.31
CLI-00059,2025-07,483.15
CLI-00059,2025-08,476.59
CLI-00059,2025-09,480.79
CLI-00059,2025-10,493.99
CLI-00059,2025-11,483.14
CLI-00059,2025-12,485.09
CLI-00059,2026-01,492.71
CLI-00059,2026-02,476.52
CLI-00059,2026-03,489.38
CLI-00059,2026-04,478.27
CLI-00059,2026-05,479.01
CLI-00059,2026-06,482.68
CLI-00059,2026-07,481.24
CLI-00059,2026-08,483.38
CLI-00104,2025-01,857.71
CLI-00104,2025-02,872.88
CLI-00104,2025-03,876.64
CLI-00104,2025-04,860.77
CLI-00104,2025-05,882.06
CLI-00104,2025-06,879.83
CLI-00104,2025-07,866.85
CLI-00104,2025-08,877.72
CLI-00104,2025-09,879.94
CLI-00104,2025-10,884.15
CLI-00104,2025-11,884.80
CLI-00104,2025-12,858.12
CLI-00104,2026-01,881.64
CLI-00104,2026-02,864.00
CLI-00104,2026-03,880.12
CLI-00104,2026-04,867.30
CLI-00104,2026-05,891.35
CLI-00104,2026-06,890.77
CLI-00104,2026-07,871.56
CLI-00104,2026-08,888.78
CLI-00306,2025-01,539.20
CLI-00306,2025-02,541.55
CLI-00306,2025-03,548.48
CLI-00306,2025-04,547.69
CLI-00306,2025-05,545.34
CLI-00306,2025-06,528.86
CLI-00306,2025-07,543.72
CLI-00306,2025-08,544.98
CLI-00306,2025-09,533.73
CLI-00306,2025-10,537.90
CLI-00306,2025-11,549.06
CLI-00306,2025-12,540.61
CLI-00306,2026-01,539.74
CLI-00306,2026-02,530.88
CLI-00306,2026-03,538.67
CLI-00306,2026-04,539.78
CLI-00191,2025-01,833.96
CLI-00191,2025-02,851.94
CLI-00191,2025-03,846.43
CLI-00191,2025-04,851.05
CLI-00191,2025-05,829.62
CLI-00191,2025-06,845.31
CLI-00191,2025-07,851.63
CLI-00191,2025-08,838.95
CLI-00191,2025-09,835.54
CLI-00191,2025-10,845.06
CLI-00191,2025-11,856.15
CLI-00191,2025-12,832.29
CLI-00191,2026-01,829.73
CLI-00191,2026-02,841.27
CLI-00191,2026-03,839.62
CLI-00191,2026-04,842.10
CLI-00191,2026-05,860.63
CLI-00191,2026-06,851.62
CLI-00191,2026-07,830.25
CLI-00191,2026-08,852.57
CLI-00410,2025-01,2570.48
CLI-00410,2025-02,2578.87
CLI-00410,2025-03,2590.44
CLI-00410,2025-04,2557.11
CLI-00410,2025-05,2541.90
CLI-00410,2025-06,2554.35
CLI-00410,2025-07,2510.07
CLI-00410,2025-08,2531.98
CLI-00410,2025-09,2568.34
CLI-00410,2025-10,2520.34
CLI-00410,2025-11,2512.97
CLI-00410,2025-12,2499.81
CLI-00410,2026-01,2562.83
CLI-00410,2026-02,2578.29
CLI-00410,2026-03,2553.17
CLI-00410,2026-04,2537.18
CLI-00410,2026-05,2538.40
CLI-00410,2026-06,2553.02
CLI-00410,2026-07,2496.15
CLI-00410,2026-08,2507.25
CLI-00344,2025-01,1685.98
CLI-00344,2025-02,1690.90
CLI-00344,2025-03,1695.50
CLI-00344,2025-04,1701.26
CLI-00344,2025-05,1710.56
CLI-00344,2025-06,1717.36
CLI-00344,2025-07,1723.96
CLI-00344,2025-08,1728.72
CLI-00344,2025-09,1731.93
CLI-00344,2025-10,1731.21
CLI-00344,2025-11,1736.36
CLI-00344,2025-12,1734.50
CLI-00344,2026-01,1672.40
CLI-00344,2026-02,1724.84
CLI-00344,2026-03,1715.46
CLI-00344,2026-04,1678.55
CLI-00344,2026-05,1713.46
CLI-00344,2026-06,1737.35
CLI-00344,2026-07,1727.44
CLI-00344,2026-08,1734.66
CLI-00393,2025-01,484.78
CLI-00393,2025-02,488.27
CLI-00393,2025-03,488.40
CLI-00393,2025-04,479.02
CLI-00393,2025-05,493.97
CLI-00393,2025-06,488.14
CLI-00393,2025-07,490.29
CLI-00393,2025-08,478.76
CLI-00393,2025-09,479.17
CLI-00393,2025-10,493.43
CLI-00393,2025-11,483.91
CLI-00393,2025-12,478.21
CLI-00393,2026-01,484.14
CLI-00393,2026-02,482.29
CLI-00393,2026-03,477.53
CLI-00393,2026-04,481.14
CLI-00393,2026-05,489.03
CLI-00393,2026-06,485.93
CLI-00393,2026-07,493.04
CLI-00393,2026-08,480.77
CLI-00228,2025-01,764.58
CLI-00228,2025-02,757.48
CLI-00228,2025-03,762.64
CLI-00228,2025-04,770.60
CLI-00228,2025-05,751.71
CLI-00228,2025-06,768.25
CLI-00228,2025-07,769.69
CLI-00228,2025-08,763.98
CLI-00228,2025-09,763.40
CLI-00228,2025-10,765.82
CLI-00228,2025-11,758.47
CLI-00228,2025-12,778.99
CLI-00228,2026-01,766.42
CLI-00228,2026-02,771.04
CLI-00228,2026-03,774.45
CLI-00228,2026-04,758.23
CLI-00228,2026-05,762.71
CLI-00228,2026-06,752.88
CLI-00228,2026-07,755.79
CLI-00228,2026-08,775.29
CLI-00236,2025-01,413.70
CLI-00236,2025-02,422.55
CLI-00236,2025-03,421.17
CLI-00236,2025-04,411.41
CLI-00236,2025-05,408.30
CLI-00236,2025-06,419.07
CLI-00236,2025-07,415.70
CLI-00236,2025-08,421.54
CLI-00359,2025-01,482.49
CLI-00359,2025-02,477.68
CLI-00359,2025-03,478.08
CLI-00359,2025-04,479.17
CLI-00359,2025-05,473.88
CLI-00359,2025-06,473.12
CLI-00359,2025-07,470.60
CLI-00359,2025-08,481.73
CLI-00359,2025-09,481.92
CLI-00359,2025-10,483.36
CLI-00359,2025-11,482.67
CLI-00359,2025-12,472.45
CLI-00359,2026-01,482.94
CLI-00359,2026-02,482.66
CLI-00359,2026-03,465.28
CLI-00359,2026-04,481.54
CLI-00359,2026-05,471.44
CLI-00359,2026-06,468.27
CLI-00359,2026-07,470.49
CLI-00359,2026-08,484.16
CLI-00398,2025-01,608.95
CLI-00398,2025-02,602.37
CLI-00398,2025-03,613.89
CLI-00398,2025-04,604.20
CLI-00398,2025-05,610.33
CLI-00398,2025-06,624.36
CLI-00398,2025-07,622.46
CLI-00398,2025-08,624.99
CLI-00398,2025-09,605.05
CLI-00398,2025-10,601.18
CLI-00398,2025-11,618.97
CLI-00398,2025-12,623.23
CLI-00398,2026-01,621.36
CLI-00398,2026-02,604.30
CLI-00398,2026-03,615.28
CLI-00398,2026-04,614.93
CLI-00398,2026-05,608.73
CLI-00399,2025-01,542.28
CLI-00399,2025-02,555.70
CLI-00399,2025-03,544.61
CLI-00399,2025-04,556.92
CLI-00399,2025-05,560.17
CLI-00399,2025-06,545.53
CLI-00399,2025-07,543.66
CLI-00399,2025-08,541.39
CLI-00399,2025-09,547.01
CLI-00399,2025-10,552.25
CLI-00399,2025-11,544.22
CLI-00399,2025-12,551.70
CLI-00399,2026-01,543.22
CLI-00399,2026-02,557.77
CLI-00399,2026-03,552.02
CLI-00399,2026-04,541.54
CLI-00399,2026-05,546.08
CLI-00399,2026-06,548.77
CLI-00399,2026-07,556.35
CLI-00399,2026-08,561.06
CLI-00041,2025-01,512.27
CLI-00041,2025-02,501.81
CLI-00041,2025-03,502.02
CLI-00041,2025-04,515.59
CLI-00041,2025-05,514.54
CLI-00041,2025-06,496.35
CLI-00041,2025-07,516.32
CLI-00041,2025-08,511.62
CLI-00041,2025-09,502.99
CLI-00041,2025-10,507.02
CLI-00041,2025-11,515.56
CLI-00041,2025-12,503.76
CLI-00041,2026-01,515.65
CLI-00041,2026-02,500.70
CLI-00041,2026-03,512.41
CLI-00041,2026-04,502.95
CLI-00041,2026-05,507.54
CLI-00041,2026-06,503.36
CLI-00041,2026-07,507.42
CLI-00041,2026-08,505.12
CLI-00106,2025-01,452.61
CLI-00106,2025-02,450.93
CLI-00106,2025-03,445.38
CLI-00106,2025-04,445.73
CLI-00106,2025-05,442.49
CLI-00106,2025-06,444.53
CLI-00106,2025-07,451.90
CLI-00106,2025-08,445.70
CLI-00106,2025-09,444.05
CLI-00106,2025-10,455.87
CLI-00106,2025-11,452.98
CLI-00106,2025-12,449.77
CLI-00106,2026-01,448.73
CLI-00106,2026-02,454.44
CLI-00106,2026-03,440.99
CLI-00106,2026-04,456.06
CLI-00106,2026-05,448.47
CLI-00106,2026-06,448.27
CLI-00106,2026-07,448.09
CLI-00106,2026-08,438.75
CLI-00391,2025-01,448.35
CLI-00391,2025-02,451.39
CLI-00391,2025-03,459.88
CLI-00391,2025-04,458.25
CLI-00391,2025-05,451.38
CLI-00391,2025-06,457.75
CLI-00391,2025-07,450.72
CLI-00391,2025-08,460.35
CLI-00391,2025-09,459.26
CLI-00391,2025-10,448.19
CLI-00391,2025-11,452.69
CLI-00391,2025-12,451.73
CLI-00391,2026-01,460.65
CLI-00391,2026-02,450.74
CLI-00391,2026-03,459.44
CLI-00391,2026-04,448.60
CLI-00391,2026-05,449.22
CLI-00391,2026-06,460.41
CLI-00391,2026-07,460.82
CLI-00391,2026-08,453.23
CLI-00343,2025-01,2381.46
CLI-00343,2025-02,2388.23
CLI-00343,2025-03,2339.98
CLI-00343,2025-04,2341.20
CLI-00343,2025-05,2336.83
CLI-00343,2025-06,2370.34
CLI-00343,2025-07,2390.75
CLI-00343,2025-08,2354.87
CLI-00343,2025-09,2376.37
CLI-00343,2025-10,2409.29
CLI-00343,2025-11,2391.36
CLI-00343,2025-12,2333.40
CLI-00343,2026-01,2326.51
CLI-00343,2026-02,2345.77
CLI-00343,2026-03,2345.29
CLI-00343,2026-04,2350.19
CLI-00343,2026-05,2320.44
CLI-00343,2026-06,2383.18
CLI-00343,2026-07,2393.65
CLI-00343,2026-08,2352.67
CLI-00203,2025-01,409.01
CLI-00203,2025-02,397.88
CLI-00203,2025-03,399.17
CLI-00203,2025-04,402.24
CLI-00203,2025-05,393.67
CLI-00203,2025-06,395.24
CLI-00203,2025-07,400.67
CLI-00203,2025-08,409.67
CLI-00203,2025-09,408.88
CLI-00203,2025-10,400.93
CLI-00203,2025-11,400.99
CLI-00203,2025-12,406.55
CLI-00203,2026-01,402.92
CLI-00203,2026-02,395.53
CLI-00203,2026-03,397.62
CLI-00203,2026-04,394.30
CLI-00203,2026-05,403.00
CLI-00203,2026-06,397.27
CLI-00203,2026-07,397.80
CLI-00203,2026-08,407.69
CLI-00240,2025-01,589.66
CLI-00240,2025-02,591.20
CLI-00240,2025-03,608.61
CLI-00240,2025-04,586.17
CLI-00240,2025-05,607.45
CLI-00240,2025-06,602.38
CLI-00240,2025-07,602.44
CLI-00240,2025-08,593.72
CLI-00240,2025-09,592.35
CLI-00240,2025-10,596.42
CLI-00240,2025-11,587.34
CLI-00240,2025-12,599.11
CLI-00240,2026-01,590.45
CLI-00240,2026-02,595.06
CLI-00240,2026-03,588.24
CLI-00240,2026-04,587.29
CLI-00240,2026-05,605.64
CLI-00240,2026-06,605.65
CLI-00240,2026-07,606.31
CLI-00240,2026-08,591.26
CLI-00440,2025-01,420.68
CLI-00440,2025-02,419.40
CLI-00440,2025-03,427.69
CLI-00440,2025-04,422.80
CLI-00440,2025-05,418.47
CLI-00440,2025-06,421.69
CLI-00440,2025-07,431.11
CLI-00440,2025-08,432.71
CLI-00440,2025-09,430.01
CLI-00440,2025-10,421.87
CLI-00440,2025-11,428.36
CLI-00440,2025-12,425.39
CLI-00440,2026-01,432.59
CLI-00440,2026-02,424.83
CLI-00440,2026-03,423.79
CLI-00440,2026-04,427.71
CLI-00440,2026-05,430.75
CLI-00440,2026-06,429.12
CLI-00440,2026-07,430.33
CLI-00440,2026-08,432.53
CLI-00226,2025-01,523.55
CLI-00226,2025-02,518.69
CLI-00226,2025-03,531.74
CLI-00226,2025-04,521.84
CLI-00226,2025-05,527.68
CLI-00226,2025-06,524.46
CLI-00226,2025-07,521.24
CLI-00226,2025-08,517.21
CLI-00226,2025-09,522.83
CLI-00226,2025-10,524.58
CLI-00226,2025-11,533.97
CLI-00226,2025-12,530.81
CLI-00226,2026-01,537.58
CLI-00226,2026-02,530.80
CLI-00226,2026-03,526.64
CLI-00226,2026-04,518.06
CLI-00226,2026-05,530.09
CLI-00226,2026-06,520.05
CLI-00226,2026-07,525.69
CLI-00226,2026-08,527.69
CLI-00394,2025-01,491.85
CLI-00394,2025-02,493.62
CLI-00394,2025-03,500.61
CLI-00394,2025-04,504.76
CLI-00394,2025-05,491.66
CLI-00394,2025-06,500.32
CLI-00394,2025-07,500.78
CLI-00394,2025-08,495.38
CLI-00394,2025-09,492.08
CLI-00394,2025-10,487.77
CLI-00394,2025-11,489.29
CLI-00394,2025-12,497.83
CLI-00394,2026-01,501.88
CLI-00394,2026-02,492.05
CLI-00394,2026-03,498.81
CLI-00394,2026-04,500.70
CLI-00394,2026-05,503.68
CLI-00394,2026-06,488.62
CLI-00394,2026-07,489.13
CLI-00394,2026-08,499.10
CLI-00003,2025-01,1012.77
CLI-00003,2025-02,1053.31
CLI-00003,2025-03,1012.79
CLI-00003,2025-04,1024.31
CLI-00003,2025-05,1016.42
CLI-00003,2025-06,1045.50
CLI-00003,2025-07,1030.15
CLI-00003,2025-08,1023.57
CLI-00003,2025-09,1032.87
CLI-00003,2025-10,1039.18
CLI-00003,2025-11,1030.86
CLI-00003,2025-12,1049.42
CLI-00003,2026-01,1023.34
CLI-00003,2026-02,1013.66
CLI-00003,2026-03,1049.83
CLI-00003,2026-04,1026.95
CLI-00003,2026-05,1020.56
CLI-00003,2026-06,1023.67
CLI-00003,2026-07,1014.44
CLI-00003,2026-08,1014.61
CLI-00490,2025-01,569.80
CLI-00490,2025-02,581.46
CLI-00490,2025-03,570.55
CLI-00490,2025-04,582.83
CLI-00490,2025-05,562.00
CLI-00490,2025-06,582.44
CLI-00490,2025-07,562.68
CLI-00490,2025-08,567.56
CLI-00490,2025-09,566.32
CLI-00490,2025-10,572.23
CLI-00490,2025-11,571.65
CLI-00490,2025-12,579.26
CLI-00490,2026-01,562.15
CLI-00490,2026-02,583.14
CLI-00490,2026-03,563.39
CLI-00490,2026-04,581.82
CLI-00490,2026-05,575.27
CLI-00490,2026-06,572.34
CLI-00490,2026-07,576.99
CLI-00490,2026-08,575.56
CLI-00036,2025-01,2006.67
CLI-00036,2025-02,2004.81
CLI-00036,2025-03,2023.29
CLI-00036,2025-04,1958.28
CLI-00036,2025-05,1974.89
CLI-00036,2025-06,2012.35
CLI-00036,2025-07,2014.49
CLI-00036,2025-08,2017.79
CLI-00036,2025-09,1968.65
CLI-00036,2025-10,1995.03
CLI-00036,2025-11,2003.73
CLI-00036,2025-12,1986.84
CLI-00036,2026-01,2015.92
CLI-00036,2026-02,2021.98
CLI-00036,2026-03,2022.01
CLI-00036,2026-04,1968.76
CLI-00036,2026-05,2010.75
CLI-00036,2026-06,2022.96
CLI-00036,2026-07,2014.61
CLI-00036,2026-08,1982.01
CLI-00148,2025-01,1574.67
CLI-00148,2025-02,1567.32
CLI-00148,2025-03,1541.32
CLI-00148,2025-04,1571.89
CLI-00148,2025-05,1550.15
CLI-00148,2025-06,1575.74
CLI-00148,2025-07,1554.38
CLI-00148,2025-08,1581.21
CLI-00148,2025-09,1562.85
CLI-00148,2025-10,1596.61
CLI-00148,2025-11,1538.56
CLI-00148,2025-12,1571.72
CLI-00148,2026-01,1593.81
CLI-00148,2026-02,1566.09
CLI-00148,2026-03,1579.61
CLI-00148,2026-04,1554.93
CLI-00148,2026-05,1542.91
CLI-00148,2026-06,1555.13
CLI-00148,2026-07,1579.19
CLI-00148,2026-08,1596.25
CLI-00350,2025-01,515.15
CLI-00350,2025-02,525.68
CLI-00350,2025-03,528.46
CLI-00350,2025-04,533.39
CLI-00350,2025-05,525.20
CLI-00350,2025-06,530.95
CLI-00350,2025-07,523.43
CLI-00350,2025-08,516.17
CLI-00350,2025-09,529.43
CLI-00350,2025-10,527.67
CLI-00350,2025-11,519.10
CLI-00350,2025-12,523.47
CLI-00350,2026-01,516.18
CLI-00350,2026-02,531.01
CLI-00350,2026-03,514.40
CLI-00350,2026-04,526.81
CLI-00350,2026-05,521.08
CLI-00350,2026-06,532.59
CLI-00350,2026-07,525.75
CLI-00350,2026-08,529.01
CLI-00055,2025-01,2246.01
CLI-00055,2025-02,2259.23
CLI-00055,2025-03,2225.20
CLI-00055,2025-04,2242.02
CLI-00055,2025-05,2236.88
CLI-00055,2025-06,2221.65
CLI-00055,2025-07,2274.67
CLI-00055,2025-08,2215.07
CLI-00055,2025-09,2214.97
CLI-00055,2025-10,2226.34
CLI-00055,2025-11,2254.89
CLI-00055,2025-12,2277.82
CLI-00055,2026-01,2211.22
CLI-00055,2026-02,2222.94
CLI-00055,2026-03,2266.14
CLI-00055,2026-04,2232.62
CLI-00055,2026-05,2254.81
CLI-00055,2026-06,2256.01
CLI-00055,2026-07,2264.80
CLI-00055,2026-08,2219.59
CLI-00136,2025-01,974.56
CLI-00136,2025-02,957.60
CLI-00136,2025-03,981.95
CLI-00136,2025-04,958.78
CLI-00136,2025-05,953.44
CLI-00136,2025-06,977.38
CLI-00136,2025-07,966.64
CLI-00136,2025-08,964.84
CLI-00136,2025-09,975.68
CLI-00136,2025-10,962.59
CLI-00136,2025-11,961.42
CLI-00136,2025-12,954.83
CLI-00136,2026-01,959.21
CLI-00136,2026-02,976.70
CLI-00136,2026-03,957.31
CLI-00136,2026-04,952.14
CLI-00136,2026-05,982.65
CLI-00077,2025-04,975.85
CLI-00077,2025-05,976.66
CLI-00077,2025-06,973.85
CLI-00077,2025-07,978.70
CLI-00077,2025-08,975.39
CLI-00077,2025-09,970.93
CLI-00077,2025-10,958.65
CLI-00077,2025-11,959.49
CLI-00077,2025-12,977.81
CLI-00077,2026-01,988.08
CLI-00077,2026-02,964.83
CLI-00077,2026-03,959.10
CLI-00077,2026-04,984.80
CLI-00077,2026-05,981.38
CLI-00077,2026-06,952.32
CLI-00077,2026-07,959.51
CLI-00077,2026-08,949.51
CLI-00484,2025-01,1038.69
CLI-00484,2025-02,1051.46
CLI-00484,2025-03,1034.92
CLI-00484,2025-04,1014.14
CLI-00484,2025-05,1019.73
CLI-00484,2025-06,1034.89
CLI-00484,2025-07,1039.92
CLI-00484,2025-08,1038.29
CLI-00484,2025-09,1043.67
CLI-00484,2025-10,1046.55
CLI-00484,2025-11,1016.62
CLI-00484,2025-12,1021.14
CLI-00484,2026-01,1035.34
CLI-00484,2026-02,1018.89
CLI-00484,2026-03,1016.37
CLI-00484,2026-04,1044.26
CLI-00484,2026-05,1051.34
CLI-00484,2026-06,1033.48
CLI-00484,2026-07,1018.68
CLI-00484,2026-08,1052.45
CLI-00265,2025-01,2046.25
CLI-00265,2025-02,2065.36
CLI-00265,2025-03,2001.65
CLI-00265,2025-04,1993.04
CLI-00265,2025-05,1995.83
CLI-00265,2025-06,2060.01
CLI-00265,2025-07,2039.05
CLI-00265,2025-08,2057.27
CLI-00265,2025-09,2015.99
CLI-00265,2025-10,2033.68
CLI-00265,2025-11,2064.17
CLI-00265,2025-12,2061.60
CLI-00265,2026-01,2013.59
CLI-00265,2026-02,2050.49
CLI-00265,2026-03,1993.06
CLI-00265,2026-04,2003.55
CLI-00265,2026-05,2040.76
CLI-00265,2026-06,2039.70
CLI-00265,2026-07,1986.32
CLI-00265,2026-08,2007.95
CLI-00354,2025-01,401.38
CLI-00354,2025-02,396.01
CLI-00354,2025-03,406.15
CLI-00354,2025-04,402.32
CLI-00354,2025-05,403.86
CLI-00354,2025-06,395.33
CLI-00354,2025-07,399.17
CLI-00354,2025-08,394.68
CLI-00354,2025-09,392.81
CLI-00354,2025-10,403.24
CLI-00354,2025-11,396.59
CLI-00354,2025-12,394.88
CLI-00354,2026-01,395.43
CLI-00354,2026-02,397.14
CLI-00354,2026-03,396.56
CLI-00354,2026-04,405.60
CLI-00354,2026-05,404.62
CLI-00354,2026-06,396.10
CLI-00354,2026-07,394.78
CLI-00354,2026-08,393.08
CLI-00173,2025-01,524.48
CLI-00173,2025-02,533.14
CLI-00173,2025-03,523.60
CLI-00173,2025-04,530.70
CLI-00173,2025-05,524.71
CLI-00173,2025-06,530.38
CLI-00173,2025-07,516.95
CLI-00173,2025-08,528.18
CLI-00173,2025-09,530.23
CLI-00173,2025-10,523.85
CLI-00173,2025-11,516.58
CLI-00173,2025-12,528.93
CLI-00173,2026-01,530.81
CLI-00173,2026-02,532.38
CLI-00173,2026-03,522.32
CLI-00173,2026-04,525.78
CLI-00173,2026-05,526.12
CLI-00173,2026-06,529.79
CLI-00173,2026-07,529.59
CLI-00173,2026-08,526.55
CLI-00358,2025-01,1119.52
CLI-00358,2025-02,1095.71
CLI-00358,2025-03,1106.06
CLI-00358,2025-04,1097.45
CLI-00358,2025-05,1128.57
CLI-00358,2025-06,1102.68
CLI-00358,2025-07,1127.92
CLI-00358,2025-08,1096.35
CLI-00358,2025-09,1115.04
CLI-00358,2025-10,1121.86
CLI-00358,2025-11,1098.12
CLI-00358,2025-12,1090.02
CLI-00358,2026-01,1115.14
CLI-00358,2026-02,1119.47
CLI-00358,2026-03,1112.58
CLI-00358,2026-04,1115.79
CLI-00358,2026-05,1090.15
CLI-00358,2026-06,1132.01
CLI-00358,2026-07,1100.44
CLI-00358,2026-08,1124.32
CLI-00039,2025-01,946.67
CLI-00039,2025-02,959.09
CLI-00039,2025-03,962.19
CLI-00039,2025-04,944.89
CLI-00039,2025-05,949.03
CLI-00039,2025-06,939.35
CLI-00039,2025-07,936.71
CLI-00039,2025-08,954.03
CLI-00039,2025-09,949.54
CLI-00039,2025-10,966.20
CLI-00039,2025-11,951.16
CLI-00039,2025-12,959.00
CLI-00039,2026-01,969.32
CLI-00039,2026-02,935.91
CLI-00039,2026-03,964.97
CLI-00039,2026-04,934.87
CLI-00039,2026-05,961.61
CLI-00039,2026-06,963.55
CLI-00039,2026-07,940.48
CLI-00039,2026-08,948.44
CLI-00412,2025-02,1869.47
CLI-00412,2025-03,1828.97
CLI-00412,2025-04,1859.55
CLI-00412,2025-05,1886.01
CLI-00412,2025-06,1818.05
CLI-00412,2025-07,1878.39
CLI-00412,2025-08,1857.45
CLI-00412,2025-09,1880.14
CLI-00412,2025-10,1874.93
CLI-00492,2025-01,354.36
CLI-00492,2025-02,355.13
CLI-00492,2025-03,352.15
CLI-00492,2025-04,356.03
CLI-00492,2025-05,353.07
CLI-00492,2025-06,356.93
CLI-00492,2025-07,358.60
CLI-00492,2025-08,359.48
CLI-00492,2025-09,356.80
CLI-00492,2025-10,352.03
CLI-00492,2025-11,357.15
CLI-00492,2025-12,355.41
CLI-00492,2026-01,354.31
CLI-00492,2026-02,353.12
CLI-00492,2026-03,349.55
CLI-00492,2026-04,356.21
CLI-00492,2026-05,355.98
CLI-00492,2026-06,362.89
CLI-00492,2026-07,355.57
CLI-00492,2026-08,362.44
CLI-00066,2025-01,1369.86
CLI-00066,2025-02,1385.04
CLI-00066,2025-03,1402.93
CLI-00066,2025-04,1407.78
CLI-00066,2025-05,1395.58
CLI-00066,2025-06,1407.97
CLI-00066,2025-07,1363.44
CLI-00066,2025-08,1377.42
CLI-00066,2025-09,1410.80
CLI-00066,2025-10,1377.29
CLI-00066,2025-11,1384.22
CLI-00066,2025-12,1389.07
CLI-00066,2026-01,1361.70
CLI-00066,2026-02,1378.91
CLI-00066,2026-03,1371.75
CLI-00066,2026-04,1378.13
CLI-00066,2026-05,1386.43
CLI-00066,2026-06,1369.39
CLI-00066,2026-07,1364.10
CLI-00066,2026-08,1372.12
CLI-00070,2025-01,1611.01
CLI-00070,2025-02,1615.90
CLI-00070,2025-03,1666.14
CLI-00070,2025-04,1650.66
CLI-00070,2025-05,1631.46
CLI-00070,2025-06,1646.22
CLI-00070,2025-07,1630.17
CLI-00070,2025-08,1652.46
CLI-00070,2025-09,1610.78
CLI-00070,2025-10,1657.22
CLI-00070,2025-11,1624.85
CLI-00070,2025-12,1622.93
CLI-00070,2026-01,1637.59
CLI-00070,2026-02,1670.56
CLI-00070,2026-03,1673.39
CLI-00070,2026-04,1636.14
CLI-00070,2026-05,1649.84
CLI-00487,2025-01,877.11
CLI-00487,2025-02,905.48
CLI-00487,2025-03,906.37
CLI-00117,2025-01,454.51
CLI-00117,2025-02,453.03
CLI-00117,2025-03,463.16
CLI-00117,2025-04,467.12
CLI-00117,2025-05,457.05
CLI-00117,2025-06,454.73
CLI-00117,2025-07,467.70
CLI-00117,2025-08,459.61
CLI-00117,2025-09,459.59
CLI-00117,2025-10,463.17
CLI-00117,2025-11,453.06
CLI-00117,2025-12,460.94
CLI-00117,2026-01,461.98
CLI-00117,2026-02,458.55
CLI-00117,2026-03,467.23
CLI-00117,2026-04,465.28
CLI-00117,2026-05,459.79
CLI-00117,2026-06,455.34
CLI-00117,2026-07,457.15
CLI-00117,2026-08,457.15
CLI-00164,2025-01,408.94
CLI-00164,2025-02,419.66
CLI-00164,2025-03,406.87
CLI-00164,2025-04,409.27
CLI-00164,2025-05,419.79
CLI-00164,2025-06,415.49
CLI-00164,2025-07,412.56
CLI-00164,2025-08,421.31
CLI-00164,2025-09,418.66
CLI-00164,2025-10,408.29
CLI-00164,2025-11,411.54
CLI-00164,2025-12,408.90
CLI-00164,2026-01,415.94
CLI-00164,2026-02,407.52
CLI-00164,2026-03,421.46
CLI-00164,2026-04,422.31
CLI-00164,2026-05,416.00
CLI-00164,2026-06,416.98
CLI-00164,2026-07,417.86
CLI-00164,2026-08,415.01
CLI-00107,2025-01,893.45
CLI-00107,2025-02,895.18
CLI-00107,2025-03,921.28
CLI-00107,2025-04,891.47
CLI-00107,2025-05,923.19
CLI-00107,2025-06,893.21
CLI-00107,2025-07,894.02
CLI-00107,2025-08,898.50
CLI-00107,2025-09,900.32
CLI-00107,2025-10,902.42
CLI-00107,2025-11,912.23
CLI-00107,2025-12,899.21
CLI-00107,2026-01,898.87
CLI-00107,2026-02,912.63
CLI-00107,2026-03,911.55
CLI-00107,2026-04,898.02
CLI-00107,2026-05,916.74
CLI-00107,2026-06,911.69
CLI-00107,2026-07,914.71
CLI-00107,2026-08,908.56
CLI-00130,2025-01,571.81
CLI-00130,2025-02,555.24
CLI-00130,2025-03,549.82
CLI-00130,2025-04,551.34
CLI-00130,2025-05,571.54
CLI-00130,2025-06,565.25
CLI-00130,2025-07,549.90
CLI-00130,2025-08,569.47
CLI-00130,2025-09,561.73
CLI-00130,2025-10,562.78
CLI-00130,2025-11,556.72
CLI-00130,2025-12,568.59
CLI-00130,2026-01,559.84
CLI-00130,2026-02,550.77
CLI-00130,2026-03,558.35
CLI-00130,2026-04,571.47
CLI-00130,2026-05,556.18
CLI-00130,2026-06,554.59
CLI-00130,2026-07,556.44
CLI-00130,2026-08,563.38
CLI-00211,2025-01,2541.09
CLI-00211,2025-02,2526.46
CLI-00211,2025-03,2523.77
CLI-00211,2025-04,2505.55
CLI-00211,2025-05,2599.50
CLI-00211,2025-06,2583.87
CLI-00211,2025-07,2576.11
CLI-00211,2025-08,2538.02
CLI-00211,2025-09,2509.51
CLI-00211,2025-10,2558.65
CLI-00211,2025-11,2555.08
CLI-00211,2025-12,2515.55
CLI-00211,2026-01,2556.80
CLI-00211,2026-02,2587.37
CLI-00211,2026-03,2549.10
CLI-00211,2026-04,2529.09
CLI-00211,2026-05,2552.26
CLI-00211,2026-06,2593.73
CLI-00211,2026-07,2563.78
CLI-00211,2026-08,2535.82
CLI-00390,2025-01,599.38
CLI-00390,2025-02,592.65
CLI-00390,2025-03,612.00
CLI-00390,2025-04,596.44
CLI-00390,2025-05,597.51
CLI-00390,2025-06,595.94
CLI-00390,2025-07,604.32
CLI-00390,2025-08,596.31
CLI-00390,2025-09,601.14
CLI-00390,2025-10,603.53
CLI-00390,2025-11,602.20
CLI-00390,2025-12,603.89
CLI-00390,2026-01,596.88
CLI-00390,2026-02,592.83
CLI-00390,2026-03,591.06
CLI-00390,2026-04,608.63
CLI-00390,2026-05,613.93
CLI-00390,2026-06,600.75
CLI-00390,2026-07,612.50
CLI-00390,2026-08,599.80
CLI-00469,2025-01,543.63
CLI-00469,2025-02,530.82
CLI-00469,2025-03,551.24
CLI-00469,2025-04,530.91
CLI-00469,2025-05,534.01
CLI-00469,2025-06,543.78
CLI-00469,2025-07,533.14
CLI-00469,2025-08,546.15
CLI-00469,2025-09,532.64
CLI-00469,2025-10,531.52
CLI-00469,2025-11,530.66
CLI-00469,2025-12,551.21
CLI-00469,2026-01,536.65
CLI-00379,2025-01,539.58
CLI-00379,2025-02,536.92
CLI-00379,2025-03,549.90
CLI-00379,2025-04,535.28
CLI-00379,2025-05,537.36
CLI-00379,2025-06,553.22
CLI-00379,2025-07,542.01
CLI-00379,2025-08,541.62
CLI-00379,2025-09,545.32
CLI-00379,2025-10,547.84
CLI-00379,2025-11,536.90
CLI-00379,2025-12,549.36
CLI-00379,2026-01,539.60
CLI-00379,2026-02,535.86
CLI-00379,2026-03,546.96
CLI-00379,2026-04,554.52
CLI-00379,2026-05,537.75
CLI-00379,2026-06,541.05
CLI-00379,2026-07,546.14
CLI-00379,2026-08,543.04
CLI-00081,2025-01,1041.87
CLI-00081,2025-02,1018.34
CLI-00081,2025-03,1017.42
CLI-00081,2025-04,1017.99
CLI-00081,2025-05,1020.53
CLI-00081,2025-06,1043.24
CLI-00081,2025-07,1033.55
CLI-00081,2025-08,1012.64
CLI-00081,2025-09,1029.54
CLI-00081,2025-10,1018.76
CLI-00081,2025-11,1040.20
CLI-00081,2025-12,1008.23
CLI-00081,2026-01,1028.05
CLI-00081,2026-02,1014.90
CLI-00081,2026-03,1018.60
CLI-00081,2026-04,1036.59
CLI-00081,2026-05,1038.52
CLI-00081,2026-06,1027.28
CLI-00081,2026-07,1036.96
CLI-00081,2026-08,1025.10
CLI-00424,2025-01,450.35
CLI-00424,2025-02,443.25
CLI-00424,2025-03,450.80
CLI-00424,2025-04,449.88
CLI-00424,2025-05,454.87
CLI-00424,2025-06,451.52
CLI-00424,2025-07,457.80
CLI-00424,2025-08,451.26
CLI-00424,2025-09,445.31
CLI-00424,2025-10,454.70
CLI-00424,2025-11,442.85
CLI-00424,2025-12,445.91
CLI-00424,2026-01,454.42
CLI-00424,2026-02,446.62
CLI-00424,2026-03,443.46
CLI-00424,2026-04,445.99
CLI-00424,2026-05,456.31
CLI-00424,2026-06,449.75
CLI-00424,2026-07,445.52
CLI-00424,2026-08,460.31
CLI-00468,2025-01,941.40
CLI-00468,2025-02,951.68
CLI-00468,2025-03,957.68
CLI-00468,2025-04,949.74
CLI-00468,2025-05,946.88
CLI-00468,2025-06,955.10
CLI-00468,2025-07,957.54
CLI-00468,2025-08,959.59
CLI-00468,2025-09,973.62
CLI-00468,2025-10,952.36
CLI-00468,2025-11,956.27
CLI-00468,2025-12,962.89
CLI-00468,2026-01,949.85
CLI-00468,2026-02,964.07
CLI-00468,2026-03,957.92
CLI-00468,2026-04,976.58
CLI-00468,2026-05,939.75
CLI-00468,2026-06,939.09
CLI-00468,2026-07,964.31
CLI-00468,2026-08,961.48
CLI-00329,2025-01,2136.12
CLI-00329,2025-02,2119.16
CLI-00329,2025-03,2176.53
CLI-00329,2025-04,2191.05
CLI-00353,2025-01,993.92
CLI-00353,2025-02,981.07
CLI-00353,2025-03,972.11
CLI-00353,2025-04,980.12
CLI-00353,2025-05,963.20
CLI-00353,2025-06,964.80
CLI-00353,2025-07,969.79
CLI-00353,2025-08,981.94
CLI-00353,2025-09,968.79
CLI-00353,2025-10,960.16
CLI-00353,2025-11,990.93
CLI-00353,2025-12,985.97
CLI-00128,2025-01,452.82
CLI-00128,2025-02,458.30
CLI-00128,2025-03,462.13
CLI-00128,2025-04,449.21
CLI-00128,2025-05,451.76
CLI-00128,2025-06,465.85
CLI-00128,2025-07,464.98
CLI-00128,2025-08,452.33
CLI-00128,2025-09,448.89
CLI-00128,2025-10,455.65
CLI-00128,2025-11,449.65
CLI-00128,2025-12,449.12
CLI-00128,2026-01,464.30
CLI-00128,2026-02,447.93
CLI-00128,2026-03,455.00
CLI-00128,2026-04,465.92
CLI-00128,2026-05,462.00
CLI-00128,2026-06,452.01
CLI-00128,2026-07,460.98
CLI-00128,2026-08,466.10
CLI-00349,2025-01,921.36
CLI-00349,2025-02,948.73
CLI-00349,2025-03,936.19
CLI-00349,2025-04,929.75
CLI-00349,2025-05,955.92
CLI-00349,2025-06,931.24
CLI-00446,2025-01,679.12
CLI-00446,2025-02,684.79
CLI-00446,2025-03,683.46
CLI-00446,2025-04,686.55
CLI-00446,2025-05,670.60
CLI-00446,2025-06,686.27
CLI-00446,2025-07,667.99
CLI-00446,2025-08,667.47
CLI-00446,2025-09,669.12
CLI-00446,2025-10,677.56
CLI-00446,2025-11,686.14
CLI-00446,2025-12,677.60
CLI-00446,2026-01,672.07
CLI-00446,2026-02,670.80
CLI-00446,2026-03,666.39
CLI-00446,2026-04,679.90
CLI-00446,2026-05,682.06
CLI-00446,2026-06,688.25
CLI-00446,2026-07,668.80
CLI-00446,2026-08,688.07
CLI-00384,2025-01,2303.37
CLI-00384,2025-02,2307.77
CLI-00384,2025-03,2235.78
CLI-00384,2025-04,2232.79
CLI-00384,2025-05,2302.26
CLI-00384,2025-06,2251.19
CLI-00384,2025-07,2314.99
CLI-00384,2025-08,2239.33
CLI-00384,2025-09,2295.39
CLI-00384,2025-10,2225.87
CLI-00384,2025-11,2264.72
CLI-00384,2025-12,2251.08
CLI-00384,2026-01,2257.51
CLI-00384,2026-02,2301.67
CLI-00384,2026-03,2241.91
CLI-00384,2026-04,2243.20
CLI-00384,2026-05,2233.95
CLI-00384,2026-06,2240.93
CLI-00384,2026-07,2234.84
CLI-00384,2026-08,2310.54
CLI-00460,2025-01,500.11
CLI-00460,2025-02,487.06
CLI-00460,2025-03,497.46
CLI-00460,2025-04,488.88
CLI-00460,2025-05,499.39
CLI-00460,2025-06,483.95
CLI-00460,2025-07,499.12
CLI-00460,2025-08,500.43
CLI-00460,2025-09,489.79
CLI-00460,2025-10,496.97
CLI-00460,2025-11,485.44
CLI-00460,2025-12,495.26
CLI-00460,2026-01,498.42
CLI-00460,2026-02,483.29
CLI-00460,2026-03,492.87
CLI-00460,2026-04,485.40
CLI-00460,2026-05,481.95
CLI-00460,2026-06,501.03
CLI-00460,2026-07,484.74
CLI-00460,2026-08,493.91
CLI-00256,2025-01,2327.61
CLI-00256,2025-02,2282.19
CLI-00256,2025-03,2340.85
CLI-00256,2025-04,2358.35
CLI-00256,2025-05,2288.01
CLI-00256,2025-06,2329.14
CLI-00256,2025-07,2283.55
CLI-00256,2025-08,2331.26
CLI-00256,2025-09,2351.76
CLI-00256,2025-10,2354.92
CLI-00256,2025-11,2288.58
CLI-00256,2025-12,2304.30
CLI-00256,2026-01,2288.74
CLI-00256,2026-02,2285.88
CLI-00256,2026-03,2330.62
CLI-00256,2026-04,2297.36
CLI-00256,2026-05,2284.02
CLI-00256,2026-06,2314.36
CLI-00256,2026-07,2353.42
CLI-00256,2026-08,2273.01
CLI-00080,2025-01,972.44
CLI-00080,2025-02,987.24
CLI-00080,2025-03,962.77
CLI-00080,2025-04,983.59
CLI-00080,2025-05,985.49
CLI-00080,2025-06,954.32
CLI-00080,2025-07,984.99
CLI-00080,2025-08,969.00
CLI-00080,2025-09,950.26
CLI-00080,2025-10,954.03
CLI-00080,2025-11,984.30
CLI-00080,2025-12,949.63
CLI-00080,2026-01,981.62
CLI-00080,2026-02,968.92
CLI-00080,2026-03,980.62
CLI-00080,2026-04,970.93
CLI-00080,2026-05,949.57
CLI-00080,2026-06,958.63
CLI-00080,2026-07,968.72
CLI-00080,2026-08,966.53
CLI-00475,2025-01,938.08
CLI-00475,2025-02,931.19
CLI-00475,2025-03,936.08
CLI-00475,2025-04,938.66
CLI-00475,2025-05,922.50
CLI-00475,2025-06,943.41
CLI-00475,2025-07,939.16
CLI-00475,2025-08,938.88
CLI-00475,2025-09,919.65
CLI-00475,2025-10,935.27
CLI-00475,2025-11,920.90
CLI-00475,2025-12,912.34
CLI-00475,2026-01,922.87
CLI-00475,2026-02,946.45
CLI-00475,2026-03,927.32
CLI-00475,2026-04,915.39
CLI-00475,2026-05,917.85
CLI-00475,2026-06,939.83
CLI-00475,2026-07,918.39
CLI-00475,2026-08,921.16
CLI-00503,2025-01,1717.77
CLI-00503,2025-02,1748.44
CLI-00503,2025-03,1766.98
CLI-00503,2025-04,1777.80
CLI-00503,2025-05,1727.48
CLI-00503,2025-06,1732.25
CLI-00503,2025-07,1745.40
CLI-00503,2025-08,1743.47
CLI-00503,2025-09,1713.11
CLI-00503,2025-10,1746.64
CLI-00503,2025-11,1732.28
CLI-00503,2025-12,1726.79
CLI-00503,2026-01,1755.58
CLI-00503,2026-02,1749.32
CLI-00503,2026-03,1766.51
CLI-00503,2026-04,1720.32
CLI-00503,2026-05,1738.46
CLI-00503,2026-06,1758.74
CLI-00503,2026-07,1765.29
CLI-00503,2026-08,1731.50
CLI-00437,2025-01,381.00
CLI-00437,2025-02,391.65
CLI-00437,2025-03,393.02
CLI-00437,2025-04,392.07
CLI-00437,2025-05,384.47
CLI-00437,2025-06,383.53
CLI-00437,2025-07,387.75
CLI-00437,2025-08,379.10
CLI-00437,2025-09,393.91
CLI-00437,2025-10,390.48
CLI-00437,2025-11,393.12
CLI-00437,2025-12,384.08
CLI-00437,2026-01,383.02
CLI-00437,2026-02,392.35
CLI-00437,2026-03,386.37
CLI-00437,2026-04,390.04
CLI-00437,2026-05,381.61
CLI-00437,2026-06,387.09
CLI-00437,2026-07,379.33
CLI-00437,2026-08,394.24
CLI-00096,2025-01,815.88
CLI-00096,2025-02,820.71
CLI-00096,2025-03,829.89
CLI-00096,2025-04,827.89
CLI-00096,2025-05,831.18
CLI-00096,2025-06,809.04
CLI-00096,2025-07,818.01
CLI-00096,2025-08,819.30
CLI-00096,2025-09,833.14
CLI-00096,2025-10,808.46
CLI-00096,2025-11,825.75
CLI-00096,2025-12,824.27
CLI-00096,2026-01,823.32
CLI-00096,2026-02,836.59
CLI-00096,2026-03,811.30
CLI-00096,2026-04,810.11
CLI-00096,2026-05,821.04
CLI-00096,2026-06,826.57
CLI-00096,2026-07,836.53
CLI-00096,2026-08,828.45
CLI-00139,2025-01,534.66
CLI-00139,2025-02,523.08
CLI-00139,2025-03,523.04
CLI-00139,2025-04,525.15
CLI-00139,2025-05,541.40
CLI-00139,2025-06,533.93
CLI-00139,2025-07,527.03
CLI-00139,2025-08,539.04
CLI-00139,2025-09,539.12
CLI-00139,2025-10,524.77
CLI-00139,2025-11,538.03
CLI-00139,2025-12,526.45
CLI-00139,2026-01,522.79
CLI-00139,2026-02,540.56
CLI-00139,2026-03,527.69
CLI-00139,2026-04,524.35
CLI-00139,2026-05,533.55
CLI-00139,2026-06,524.12
CLI-00139,2026-07,530.16
CLI-00139,2026-08,534.94
CLI-00123,2025-01,525.09
CLI-00123,2025-02,512.51
CLI-00123,2025-03,522.60
CLI-00123,2025-04,532.11
CLI-00123,2025-05,531.43
CLI-00123,2025-06,515.52
CLI-00123,2025-07,515.39
CLI-00123,2025-08,517.30
CLI-00123,2025-09,515.78
CLI-00123,2025-10,524.57
CLI-00123,2025-11,521.46
CLI-00123,2025-12,527.02
CLI-00123,2026-01,515.57
CLI-00123,2026-02,523.06
CLI-00123,2026-03,521.08
CLI-00123,2026-04,529.52
CLI-00123,2026-05,523.41
CLI-00123,2026-06,524.91
CLI-00123,2026-07,516.18
CLI-00123,2026-08,521.86
CLI-00194,2025-04,446.44
CLI-00194,2025-05,448.60
CLI-00194,2025-06,437.29
CLI-00194,2025-07,445.94
CLI-00194,2025-08,435.72
CLI-00194,2025-09,432.16
CLI-00194,2025-10,446.72
CLI-00194,2025-11,438.96
CLI-00194,2025-12,433.33
CLI-00194,2026-01,438.09
CLI-00194,2026-02,438.38
CLI-00194,2026-03,443.28
CLI-00194,2026-04,434.15
CLI-00194,2026-05,446.74
CLI-00194,2026-06,447.82
CLI-00194,2026-07,441.65
CLI-00194,2026-08,446.42
CLI-00135,2025-01,893.27
CLI-00135,2025-02,899.48
CLI-00135,2025-03,895.52
CLI-00135,2025-04,904.08
CLI-00135,2025-05,890.44
CLI-00135,2025-06,896.11
CLI-00135,2025-07,886.18
CLI-00135,2025-08,892.63
CLI-00135,2025-09,903.30
CLI-00135,2025-10,906.18
CLI-00135,2025-11,903.31
CLI-00135,2025-12,906.74
CLI-00135,2026-01,892.79
CLI-00135,2026-02,901.55
CLI-00135,2026-03,910.49
CLI-00135,2026-04,879.14
CLI-00135,2026-05,899.70
CLI-00135,2026-06,911.19
CLI-00135,2026-07,912.32
CLI-00135,2026-08,880.58
CLI-00242,2025-01,1685.69
CLI-00242,2025-02,1693.70
CLI-00242,2025-03,1706.51
CLI-00242,2025-04,1694.93
CLI-00242,2025-05,1699.16
CLI-00242,2025-06,1686.57
CLI-00242,2025-07,1679.62
CLI-00242,2025-08,1663.87
CLI-00242,2025-09,1682.54
CLI-00242,2025-10,1707.09
CLI-00242,2025-11,1675.49
CLI-00242,2025-12,1665.46
CLI-00242,2026-01,1684.55
CLI-00242,2026-02,1675.24
CLI-00242,2026-03,1715.92
CLI-00242,2026-04,1715.67
CLI-00242,2026-05,1663.62
CLI-00242,2026-06,1720.02
CLI-00242,2026-07,1718.96
CLI-00242,2026-08,1689.31
CLI-00272,2025-01,1138.58
CLI-00272,2025-02,1133.54
CLI-00272,2025-03,1149.45
CLI-00272,2025-04,1139.59
CLI-00272,2025-05,1122.17
CLI-00272,2025-06,1139.06
CLI-00272,2025-07,1145.68
CLI-00272,2025-08,1123.79
CLI-00272,2025-09,1135.73
CLI-00272,2025-10,1126.67
CLI-00272,2025-11,1118.68
CLI-00272,2025-12,1132.96
CLI-00272,2026-01,1130.84
CLI-00272,2026-02,1142.70
CLI-00272,2026-03,1117.19
CLI-00272,2026-04,1139.43
CLI-00272,2026-05,1150.49
CLI-00272,2026-06,1109.13
CLI-00272,2026-07,1120.71
CLI-00272,2026-08,1139.12
CLI-00004,2025-01,436.19
CLI-00004,2025-02,429.59
CLI-00004,2025-03,439.39
CLI-00004,2025-04,437.93
CLI-00004,2025-05,441.34
CLI-00004,2025-06,426.88
CLI-00004,2025-07,440.93
CLI-00004,2025-08,434.84
CLI-00004,2025-09,437.66
CLI-00004,2025-10,428.84
CLI-00004,2025-11,426.89
CLI-00004,2025-12,432.07
CLI-00004,2026-01,432.54
CLI-00004,2026-02,435.51
CLI-00004,2026-03,435.98
CLI-00004,2026-04,441.73
CLI-00004,2026-05,435.58
CLI-00004,2026-06,441.10
CLI-00004,2026-07,430.89
CLI-00004,2026-08,439.96
CLI-00179,2025-01,2136.82
CLI-00179,2025-02,2109.94
CLI-00179,2025-03,2150.65
CLI-00179,2025-04,2173.76
CLI-00179,2025-05,2171.76
CLI-00179,2025-06,2147.66
CLI-00179,2025-07,2171.81
CLI-00179,2025-08,2148.88
CLI-00179,2025-09,2168.32
CLI-00179,2025-10,2153.54
CLI-00179,2025-11,2156.68
CLI-00179,2025-12,2151.18
CLI-00179,2026-01,2164.17
CLI-00179,2026-02,2133.27
CLI-00179,2026-03,2145.66
CLI-00179,2026-04,2151.23
CLI-00179,2026-05,2176.58
CLI-00179,2026-06,2160.59
CLI-00179,2026-07,2166.04
CLI-00179,2026-08,2122.56
CLI-00488,2025-01,427.33
CLI-00488,2025-02,424.61
CLI-00488,2025-03,418.28
CLI-00488,2025-04,421.92
CLI-00488,2025-05,426.70
CLI-00488,2025-06,423.30
CLI-00488,2025-07,426.43
CLI-00488,2025-08,423.20
CLI-00488,2025-09,415.32
CLI-00488,2025-10,419.36
CLI-00488,2025-11,425.23
CLI-00488,2025-12,412.70
CLI-00488,2026-01,420.29
CLI-00488,2026-02,419.10
CLI-00488,2026-03,425.24
CLI-00488,2026-04,414.97
CLI-00488,2026-05,413.01
CLI-00488,2026-06,422.15
CLI-00488,2026-07,428.04
CLI-00488,2026-08,416.15
CLI-00142,2025-01,578.73
CLI-00142,2025-02,561.88
CLI-00142,2025-03,574.56
CLI-00142,2025-04,566.19
CLI-00142,2025-05,574.74
CLI-00142,2025-06,566.09
CLI-00142,2025-07,575.89
CLI-00142,2025-08,562.40
CLI-00142,2025-09,567.76
CLI-00142,2025-10,561.39
CLI-00142,2025-11,572.21
CLI-00142,2025-12,570.37
CLI-00142,2026-01,566.17
CLI-00142,2026-02,564.72
CLI-00142,2026-03,566.29
CLI-00142,2026-04,561.71
CLI-00142,2026-05,572.39
CLI-00142,2026-06,578.59
CLI-00142,2026-07,575.25
CLI-00142,2026-08,568.98
CLI-00032,2025-01,452.12
CLI-00032,2025-02,450.38
CLI-00032,2025-03,456.74
CLI-00032,2025-04,450.20
CLI-00032,2025-05,449.34
CLI-00032,2025-06,450.21
CLI-00032,2025-07,447.35
CLI-00051,2025-01,601.42
CLI-00051,2025-02,598.26
CLI-00051,2025-03,603.31
CLI-00051,2025-04,598.79
CLI-00051,2025-05,601.49
CLI-00051,2025-06,596.81
CLI-00051,2025-07,604.86
CLI-00051,2025-08,598.99
CLI-00051,2025-09,607.40
CLI-00051,2025-10,597.31
CLI-00051,2025-11,602.39
CLI-00051,2025-12,609.95
CLI-00051,2026-01,612.12
CLI-00051,2026-02,616.92
CLI-00051,2026-03,608.35
CLI-00051,2026-04,596.55
CLI-00051,2026-05,597.31
CLI-00051,2026-06,600.19
CLI-00051,2026-07,596.68
CLI-00051,2026-08,603.26
CLI-00156,2025-01,702.50
CLI-00156,2025-02,712.57
CLI-00156,2025-03,704.02
CLI-00210,2025-01,786.20
CLI-00210,2025-02,777.93
CLI-00210,2025-03,768.51
CLI-00210,2025-04,789.94
CLI-00210,2025-05,775.56
CLI-00210,2025-06,776.29
CLI-00210,2025-07,777.90
CLI-00210,2025-08,785.83
CLI-00210,2025-09,770.30
CLI-00210,2025-10,779.78
CLI-00210,2025-11,772.14
CLI-00414,2025-01,1121.86
CLI-00414,2025-02,1114.73
CLI-00414,2025-03,1107.75
CLI-00414,2025-04,1105.56
CLI-00414,2025-05,1141.10
CLI-00414,2025-06,1135.69
CLI-00414,2025-07,1125.66
CLI-00414,2025-08,1136.80
CLI-00414,2025-09,1150.02
CLI-00414,2025-10,1134.79
CLI-00414,2025-11,1143.00
CLI-00414,2025-12,1131.96
CLI-00414,2026-01,1107.26
CLI-00414,2026-02,1149.54
CLI-00414,2026-03,1150.17
CLI-00414,2026-04,1140.22
CLI-00414,2026-05,1133.46
CLI-00414,2026-06,1110.00
CLI-00414,2026-07,1128.38
CLI-00414,2026-08,1141.42
CLI-00153,2025-01,406.20
CLI-00153,2025-02,399.42
CLI-00153,2025-03,401.72
CLI-00153,2025-04,408.44
CLI-00153,2025-05,405.42
CLI-00153,2025-06,410.83
CLI-00153,2025-07,397.91
CLI-00153,2025-08,396.65
CLI-00153,2025-09,410.36
CLI-00153,2025-10,404.41
CLI-00153,2025-11,397.58
CLI-00153,2025-12,403.64
CLI-00153,2026-01,403.51
CLI-00153,2026-02,403.93
CLI-00153,2026-03,400.21
CLI-00153,2026-04,404.88
CLI-00153,2026-05,409.33
CLI-00153,2026-06,402.47
CLI-00153,2026-07,403.90
CLI-00153,2026-08,399.13
CLI-00396,2025-01,369.94
CLI-00396,2025-02,370.95
CLI-00396,2025-03,377.61
CLI-00396,2025-04,378.08
CLI-00396,2025-05,372.92
CLI-00396,2025-06,371.43
CLI-00396,2025-07,367.56
CLI-00396,2025-08,376.01
CLI-00396,2025-09,377.60
CLI-00396,2025-10,370.28
CLI-00396,2025-11,369.28
CLI-00396,2025-12,376.00
CLI-00396,2026-01,370.94
CLI-00396,2026-02,374.36
CLI-00396,2026-03,376.66
CLI-00396,2026-04,376.17
CLI-00396,2026-05,379.43
CLI-00396,2026-06,366.63
CLI-00396,2026-07,376.99
CLI-00396,2026-08,377.83
CLI-00381,2025-01,432.79
CLI-00381,2025-02,433.75
CLI-00381,2025-03,426.92
CLI-00381,2025-04,425.90
CLI-00381,2025-05,426.31
CLI-00381,2025-06,424.97
CLI-00381,2025-07,426.19
CLI-00381,2025-08,427.53
CLI-00381,2025-09,420.71
CLI-00381,2025-10,424.61
CLI-00381,2025-11,428.69
CLI-00381,2025-12,434.24
CLI-00381,2026-01,434.69
CLI-00381,2026-02,429.06
CLI-00381,2026-03,429.53
CLI-00381,2026-04,425.72
CLI-00381,2026-05,429.99
CLI-00381,2026-06,430.05
CLI-00381,2026-07,426.53
CLI-00381,2026-08,432.64
CLI-00428,2025-01,929.27
CLI-00428,2025-02,929.86
CLI-00428,2025-03,930.90
CLI-00428,2025-04,916.58
CLI-00428,2025-05,937.81
CLI-00428,2025-06,934.75
CLI-00428,2025-07,934.26
CLI-00428,2025-08,928.17
CLI-00428,2025-09,918.90
CLI-00428,2025-10,929.08
CLI-00428,2025-11,933.23
CLI-00428,2025-12,922.20
CLI-00428,2026-01,927.78
CLI-00428,2026-02,933.39
CLI-00428,2026-03,938.96
CLI-00428,2026-04,914.22
CLI-00428,2026-05,922.44
CLI-00428,2026-06,922.93
CLI-00428,2026-07,911.05
CLI-00428,2026-08,926.99
CLI-00060,2025-01,507.46
CLI-00060,2025-02,505.64
CLI-00060,2025-03,507.71
CLI-00060,2025-04,508.66
CLI-00060,2025-05,513.50
CLI-00060,2025-06,519.75
CLI-00060,2025-07,503.05
CLI-00060,2025-08,509.01
CLI-00060,2025-09,514.57
CLI-00060,2025-10,508.39
CLI-00060,2025-11,517.82
CLI-00060,2025-12,517.68
CLI-00060,2026-01,522.73
CLI-00060,2026-02,505.40
CLI-00060,2026-03,521.83
CLI-00060,2026-04,503.41
CLI-00060,2026-05,510.24
CLI-00060,2026-06,506.09
CLI-00060,2026-07,522.77
CLI-00060,2026-08,503.80
CLI-00249,2025-01,400.60
CLI-00249,2025-02,397.80
CLI-00249,2025-03,407.52
CLI-00249,2025-04,406.79
CLI-00249,2025-05,405.45
CLI-00249,2025-06,404.07
CLI-00249,2025-07,396.51
CLI-00249,2025-08,401.93
CLI-00249,2025-09,408.82
CLI-00249,2025-10,401.20
CLI-00249,2025-11,397.82
CLI-00249,2025-12,399.15
CLI-00249,2026-01,401.09
CLI-00145,2025-01,837.77
CLI-00145,2025-02,815.67
CLI-00145,2025-03,820.71
CLI-00145,2025-04,823.52
CLI-00145,2025-05,820.22
CLI-00145,2025-06,820.90
CLI-00145,2025-07,825.31
CLI-00145,2025-08,816.58
CLI-00145,2025-09,827.62
CLI-00145,2025-10,834.98
CLI-00145,2025-11,827.19
CLI-00145,2025-12,835.82
CLI-00145,2026-01,817.27
CLI-00145,2026-02,841.37
CLI-00145,2026-03,828.34
CLI-00145,2026-04,838.85
CLI-00145,2026-05,814.88
CLI-00145,2026-06,822.78
CLI-00145,2026-07,820.03
CLI-00151,2025-01,1562.63
CLI-00151,2025-02,1579.67
CLI-00151,2025-03,1557.59
CLI-00151,2025-04,1538.87
CLI-00151,2025-05,1577.00
CLI-00151,2025-06,1572.70
CLI-00151,2025-07,1568.64
CLI-00151,2025-08,1583.14
CLI-00151,2025-09,1549.98
CLI-00151,2025-10,1585.14
CLI-00151,2025-11,1539.51
CLI-00151,2025-12,1557.99
CLI-00151,2026-01,1551.54
CLI-00151,2026-02,1546.20
CLI-00151,2026-03,1565.65
CLI-00151,2026-04,1594.35
CLI-00151,2026-05,1556.13
CLI-00151,2026-06,1559.70
CLI-00151,2026-07,1547.67
CLI-00151,2026-08,1539.77
CLI-00458,2025-01,791.04
CLI-00458,2025-02,803.56
CLI-00458,2025-03,785.58
CLI-00458,2025-04,775.02
CLI-00458,2025-05,781.04
CLI-00458,2025-06,788.39
CLI-00458,2025-07,802.54
CLI-00458,2025-08,787.54
CLI-00458,2025-09,786.32
CLI-00458,2025-10,773.35
CLI-00458,2025-11,799.92
CLI-00458,2025-12,777.25
CLI-00458,2026-01,780.12
CLI-00458,2026-02,785.10
CLI-00458,2026-03,779.19
CLI-00458,2026-04,793.42
CLI-00458,2026-05,777.73
CLI-00458,2026-06,790.49
CLI-00458,2026-07,778.33
CLI-00458,2026-08,788.07
CLI-00196,2025-01,1106.83
CLI-00196,2025-02,1144.24
CLI-00196,2025-03,1119.65
CLI-00196,2025-04,1121.46
CLI-00196,2025-05,1119.57
CLI-00196,2025-06,1114.64
CLI-00196,2025-07,1142.54
CLI-00196,2025-08,1134.87
CLI-00196,2025-09,1147.68
CLI-00196,2025-10,1150.02
CLI-00196,2025-11,1107.60
CLI-00196,2025-12,1111.81
CLI-00196,2026-01,1147.31
CLI-00196,2026-02,1148.39
CLI-00196,2026-03,1141.91
CLI-00196,2026-04,1137.09
CLI-00196,2026-05,1117.93
CLI-00196,2026-06,1142.47
CLI-00196,2026-07,1136.33
CLI-00196,2026-08,1151.02
CLI-00257,2025-01,535.14
CLI-00257,2025-02,535.74
CLI-00257,2025-03,528.52
CLI-00257,2025-04,532.88
CLI-00257,2025-05,544.33
CLI-00257,2025-06,545.94
CLI-00257,2025-07,535.42
CLI-00257,2025-08,534.27
CLI-00257,2025-09,529.68
CLI-00257,2025-10,549.29
CLI-00257,2025-11,530.42
CLI-00257,2025-12,528.66
CLI-00257,2026-01,531.56
CLI-00257,2026-02,542.37
CLI-00257,2026-03,545.61
CLI-00257,2026-04,534.18
CLI-00257,2026-05,537.58
CLI-00257,2026-06,540.07
CLI-00257,2026-07,531.87
CLI-00257,2026-08,539.61
CLI-00279,2025-01,1019.71
CLI-00279,2025-02,1016.86
CLI-00279,2025-03,1048.73
CLI-00279,2025-04,1035.90
CLI-00279,2025-05,1045.50
CLI-00279,2025-06,1032.08
CLI-00279,2025-07,1052.05
CLI-00279,2025-08,1051.11
CLI-00279,2025-09,1025.87
CLI-00279,2025-10,1040.35
CLI-00279,2025-11,1032.75
CLI-00279,2025-12,1020.11
CLI-00279,2026-01,1053.07
CLI-00279,2026-02,1039.63
CLI-00279,2026-03,1014.92
CLI-00279,2026-04,1049.98
CLI-00279,2026-05,1031.17
CLI-00279,2026-06,1049.48
CLI-00279,2026-07,1053.83
CLI-00279,2026-08,1034.12
CLI-00163,2025-01,790.39
CLI-00163,2025-02,790.80
CLI-00163,2025-03,792.17
CLI-00163,2025-04,785.55
CLI-00163,2025-05,786.15
CLI-00163,2025-06,776.52
CLI-00163,2025-07,800.51
CLI-00163,2025-08,778.74
CLI-00163,2025-09,799.20
CLI-00163,2025-10,789.48
CLI-00163,2025-11,801.94
CLI-00163,2025-12,787.99
CLI-00163,2026-01,772.09
CLI-00163,2026-02,799.07
CLI-00163,2026-03,794.81
CLI-00163,2026-04,795.40
CLI-00163,2026-05,794.48
CLI-00163,2026-06,783.94
CLI-00163,2026-07,778.99
CLI-00163,2026-08,782.47
CLI-00006,2025-01,506.54
CLI-00006,2025-02,506.43
CLI-00006,2025-03,497.60
CLI-00006,2025-04,505.74
CLI-00006,2025-05,505.14
CLI-00006,2025-06,494.06
CLI-00006,2025-07,495.63
CLI-00006,2025-08,504.07
CLI-00006,2025-09,497.74
CLI-00006,2025-10,498.15
CLI-00006,2025-11,497.59
CLI-00006,2025-12,494.44
CLI-00006,2026-01,494.57
CLI-00006,2026-02,500.19
CLI-00006,2026-03,509.72
CLI-00006,2026-04,509.76
CLI-00006,2026-05,504.01
CLI-00006,2026-06,504.37
CLI-00006,2026-07,510.45
CLI-00006,2026-08,506.91
CLI-00505,2025-01,339.26
CLI-00505,2025-02,348.05
CLI-00505,2025-03,347.08
CLI-00505,2025-04,345.48
CLI-00505,2025-05,344.50
CLI-00505,2025-06,346.12
CLI-00505,2025-07,346.84
CLI-00505,2025-08,349.07
CLI-00505,2025-09,351.12
CLI-00505,2025-10,339.44
CLI-00505,2025-11,347.66
CLI-00505,2025-12,343.18
CLI-00505,2026-01,348.24
CLI-00505,2026-02,341.75
CLI-00505,2026-03,351.11
CLI-00505,2026-04,340.41
CLI-00505,2026-05,339.72
CLI-00505,2026-06,338.19
CLI-00505,2026-07,347.16
CLI-00505,2026-08,347.49
CLI-00218,2025-01,497.01
CLI-00218,2025-02,512.73
CLI-00218,2025-03,505.23
CLI-00218,2025-04,511.43
CLI-00218,2025-05,501.83
CLI-00218,2025-06,507.62
CLI-00218,2025-07,509.25
CLI-00218,2025-08,505.53
CLI-00218,2025-09,499.48
CLI-00218,2025-10,512.92
CLI-00218,2025-11,496.93
CLI-00218,2025-12,509.81
CLI-00218,2026-01,510.25
CLI-00218,2026-02,501.03
CLI-00218,2026-03,500.82
CLI-00218,2026-04,508.19
CLI-00218,2026-05,498.31
CLI-00218,2026-06,512.61
CLI-00218,2026-07,499.83
CLI-00218,2026-08,495.46
CLI-00509,2025-01,882.01
CLI-00509,2025-02,874.04
CLI-00509,2025-03,874.49
CLI-00509,2025-04,897.80
CLI-00509,2025-05,871.48
CLI-00509,2025-06,894.61
CLI-00509,2025-07,871.38
CLI-00509,2025-08,886.98
CLI-00509,2025-09,881.91
CLI-00509,2025-10,881.30
CLI-00509,2025-11,891.32
CLI-00509,2025-12,879.31
CLI-00509,2026-01,866.13
CLI-00509,2026-02,892.91
CLI-00509,2026-03,867.91
CLI-00509,2026-04,895.10
CLI-00509,2026-05,892.44
CLI-00509,2026-06,886.95
CLI-00509,2026-07,865.13
CLI-00509,2026-08,869.12
CLI-00453,2025-01,536.96
CLI-00453,2025-02,549.12
CLI-00453,2025-03,531.94
CLI-00453,2025-04,548.60
CLI-00453,2025-05,539.10
CLI-00453,2025-06,537.31
CLI-00453,2025-07,542.78
CLI-00453,2025-08,536.49
CLI-00453,2025-09,528.91
CLI-00453,2025-10,550.35
CLI-00453,2025-11,530.93
CLI-00453,2025-12,550.12
CLI-00453,2026-01,548.44
CLI-00453,2026-02,530.45
CLI-00453,2026-03,531.68
CLI-00453,2026-04,548.60
CLI-00453,2026-05,540.09
CLI-00453,2026-06,534.29
CLI-00453,2026-07,532.48
CLI-00453,2026-08,550.02
CLI-00250,2025-03,1162.18
CLI-00250,2025-04,1131.11
CLI-00250,2025-05,1144.25
CLI-00250,2025-06,1125.26
CLI-00250,2025-07,1133.83
CLI-00250,2025-08,1129.27
CLI-00250,2025-09,1138.72
CLI-00250,2025-10,1149.95
CLI-00250,2025-11,1130.74
CLI-00250,2025-12,1165.54
CLI-00250,2026-01,1161.60
CLI-00250,2026-02,1145.13
CLI-00250,2026-03,1129.49
CLI-00250,2026-04,1148.14
CLI-00250,2026-05,1158.92
CLI-00250,2026-06,1161.80
CLI-00250,2026-07,1161.32
CLI-00250,2026-08,1137.30
CLI-00225,2025-01,523.12
CLI-00225,2025-02,516.24
CLI-00225,2025-03,533.37
CLI-00225,2025-04,534.80
CLI-00225,2025-05,532.63
CLI-00225,2025-06,532.08
CLI-00225,2025-07,525.37
CLI-00225,2025-08,523.67
CLI-00225,2025-09,518.18
CLI-00225,2025-10,526.32
CLI-00225,2025-11,518.43
CLI-00225,2025-12,529.54
CLI-00225,2026-01,529.02
CLI-00225,2026-02,514.73
CLI-00225,2026-03,528.06
CLI-00225,2026-04,521.82
CLI-00225,2026-05,533.02
CLI-00225,2026-06,515.96
CLI-00225,2026-07,514.84
CLI-00225,2026-08,524.47
CLI-00063,2025-01,576.94
CLI-00063,2025-02,578.13
CLI-00063,2025-03,564.17
CLI-00063,2025-04,564.70
CLI-00063,2025-05,581.57
CLI-00063,2025-06,570.16
CLI-00063,2025-07,580.05
CLI-00063,2025-08,574.66
CLI-00063,2025-09,581.52
CLI-00063,2025-10,581.61
CLI-00063,2025-11,583.16
CLI-00063,2025-12,585.49
CLI-00063,2026-01,577.99
CLI-00027,2025-01,435.04
CLI-00027,2025-02,429.87
CLI-00027,2025-03,434.95
CLI-00027,2025-04,429.55
CLI-00027,2025-05,421.85
CLI-00027,2025-06,426.86
CLI-00027,2025-07,426.47
CLI-00027,2025-08,432.55
CLI-00027,2025-09,423.11
CLI-00027,2025-10,436.55
CLI-00027,2025-11,430.70
CLI-00027,2025-12,425.67
CLI-00027,2026-01,429.27
CLI-00027,2026-02,422.68
CLI-00027,2026-03,427.36
CLI-00027,2026-04,422.83
CLI-00027,2026-05,424.06
CLI-00027,2026-06,430.55
CLI-00027,2026-07,422.48
CLI-00027,2026-08,426.75
CLI-00425,2025-01,922.99
CLI-00425,2025-02,909.66
CLI-00425,2025-03,911.49
CLI-00425,2025-04,924.20
CLI-00425,2025-05,934.47
CLI-00425,2025-06,924.00
CLI-00425,2025-07,919.57
CLI-00425,2025-08,917.56
CLI-00425,2025-09,919.10
CLI-00425,2025-10,928.00
CLI-00425,2025-11,930.75
CLI-00425,2025-12,940.31
CLI-00425,2026-01,911.65
CLI-00425,2026-02,929.73
CLI-00425,2026-03,926.23
CLI-00425,2026-04,912.01
CLI-00425,2026-05,930.79
CLI-00425,2026-06,921.84
CLI-00425,2026-07,939.49
CLI-00425,2026-08,917.35
CLI-00496,2025-01,1113.51
CLI-00496,2025-02,1113.72
CLI-00496,2025-03,1082.66
CLI-00496,2025-04,1092.31
CLI-00496,2025-05,1105.91
CLI-00496,2025-06,1081.60
CLI-00496,2025-07,1097.31
CLI-00496,2025-08,1075.19
CLI-00496,2025-09,1083.15
CLI-00496,2025-10,1074.93
CLI-00496,2025-11,1110.77
CLI-00496,2025-12,1108.50
CLI-00496,2026-01,1104.31
CLI-00496,2026-02,1114.66
CLI-00496,2026-03,1099.62
CLI-00496,2026-04,1112.81
CLI-00496,2026-05,1083.43
CLI-00496,2026-06,1089.84
CLI-00496,2026-07,1076.13
CLI-00496,2026-08,1104.58
CLI-00435,2025-01,1060.91
CLI-00435,2025-02,1063.43
CLI-00435,2025-03,1049.63
CLI-00435,2025-04,1042.90
CLI-00435,2025-05,1024.76
CLI-00435,2025-06,1027.97
CLI-00435,2025-07,1063.65
CLI-00435,2025-08,1025.35
CLI-00435,2025-09,1053.56
CLI-00435,2025-10,1064.05
CLI-00435,2025-11,1058.30
CLI-00435,2025-12,1032.25
CLI-00435,2026-01,1033.32
CLI-00435,2026-02,1035.80
CLI-00435,2026-03,1038.19
CLI-00435,2026-04,1029.72
CLI-00435,2026-05,1058.16
CLI-00435,2026-06,1041.48
CLI-00435,2026-07,1026.86
CLI-00435,2026-08,1029.79
CLI-00199,2025-01,533.09
CLI-00199,2025-02,543.39
CLI-00199,2025-03,548.46
CLI-00199,2025-04,538.04
CLI-00199,2025-05,531.05
CLI-00199,2025-06,534.08
CLI-00199,2025-07,534.09
CLI-00199,2025-08,545.26
CLI-00199,2025-09,543.89
CLI-00199,2025-10,537.02
CLI-00199,2025-11,532.78
CLI-00199,2025-12,533.49
CLI-00199,2026-01,528.76
CLI-00199,2026-02,542.81
CLI-00199,2026-03,540.09
CLI-00199,2026-04,534.06
CLI-00199,2026-05,527.72
CLI-00199,2026-06,542.75
CLI-00199,2026-07,539.17
CLI-00199,2026-08,528.74
CLI-00108,2025-01,574.55
CLI-00108,2025-02,583.98
CLI-00108,2025-03,574.19
CLI-00108,2025-04,583.65
CLI-00108,2025-05,576.16
CLI-00108,2025-06,568.76
CLI-00108,2025-07,580.49
CLI-00108,2025-08,573.66
CLI-00108,2025-09,583.70
CLI-00108,2025-10,572.11
CLI-00108,2025-11,568.51
CLI-00108,2025-12,578.64
CLI-00108,2026-01,584.21
CLI-00108,2026-02,574.93
CLI-00108,2026-03,579.79
CLI-00108,2026-04,569.71
CLI-00108,2026-05,579.96
CLI-00108,2026-06,584.01
CLI-00108,2026-07,568.29
CLI-00108,2026-08,568.41
CLI-00403,2025-01,795.24
CLI-00403,2025-02,802.95
CLI-00403,2025-03,806.10
CLI-00247,2025-01,1108.10
CLI-00247,2025-02,1098.23
CLI-00247,2025-03,1078.23
CLI-00247,2025-04,1075.65
CLI-00247,2025-05,1074.38
CLI-00247,2025-06,1104.36
CLI-00247,2025-07,1086.12
CLI-00247,2025-08,1066.97
CLI-00247,2025-09,1084.22
CLI-00247,2025-10,1105.56
CLI-00247,2025-11,1070.01
CLI-00247,2025-12,1074.48
CLI-00247,2026-01,1065.35
CLI-00247,2026-02,1096.24
CLI-00247,2026-03,1106.43
CLI-00247,2026-04,1065.67
CLI-00247,2026-05,1079.74
CLI-00247,2026-06,1074.40
CLI-00247,2026-07,1070.78
CLI-00247,2026-08,1081.45
CLI-00415,2025-04,1037.32
CLI-00415,2025-05,1028.68
CLI-00415,2025-06,1041.72
CLI-00415,2025-07,1006.31
CLI-00415,2025-08,1016.03
CLI-00415,2025-09,1025.42
CLI-00415,2025-10,1039.52
CLI-00415,2025-11,1016.55
CLI-00415,2025-12,1010.27
CLI-00415,2026-01,1008.59
CLI-00415,2026-02,1023.00
CLI-00415,2026-03,1022.08
CLI-00415,2026-04,1012.57
CLI-00415,2026-05,1033.88
CLI-00415,2026-06,1027.49
CLI-00415,2026-07,1009.35
CLI-00415,2026-08,1009.66
CLI-00345,2025-01,1612.91
CLI-00345,2025-02,1556.83
CLI-00345,2025-03,1579.79
CLI-00345,2025-04,1604.42
CLI-00345,2025-05,1588.06
CLI-00345,2025-06,1562.40
CLI-00345,2025-07,1596.46
CLI-00345,2025-08,1587.58
CLI-00345,2025-09,1596.98
CLI-00345,2025-10,1559.48
CLI-00345,2025-11,1596.23
CLI-00345,2025-12,1611.75
CLI-00345,2026-01,1589.86
CLI-00345,2026-02,1554.23
CLI-00345,2026-03,1586.58
CLI-00345,2026-04,1569.29
CLI-00345,2026-05,1561.70
CLI-00345,2026-06,1601.44
CLI-00345,2026-07,1559.51
CLI-00345,2026-08,1614.40
CLI-00369,2025-01,1128.62
CLI-00369,2025-02,1138.98
CLI-00369,2025-03,1132.78
CLI-00369,2025-04,1159.55
CLI-00369,2025-05,1132.03
CLI-00369,2025-06,1122.55
CLI-00369,2025-07,1128.65
CLI-00369,2025-08,1151.36
CLI-00369,2025-09,1134.80
CLI-00369,2025-10,1129.65
CLI-00369,2025-11,1151.77
CLI-00369,2025-12,1164.60
CLI-00369,2026-01,1145.36
CLI-00369,2026-02,1165.31
CLI-00369,2026-03,1151.72
CLI-00369,2026-04,1153.72
CLI-00369,2026-05,1136.93
CLI-00369,2026-06,1157.79
CLI-00369,2026-07,1147.55
CLI-00369,2026-08,1124.91
CLI-00436,2025-01,779.51
CLI-00436,2025-02,775.10
CLI-00436,2025-03,781.31
CLI-00436,2025-04,783.18
CLI-00436,2025-05,769.29
CLI-00436,2025-06,781.58
CLI-00436,2025-07,788.69
CLI-00436,2025-08,770.26
CLI-00436,2025-09,780.07
CLI-00238,2025-01,909.55
CLI-00238,2025-02,903.15
CLI-00238,2025-03,893.29
CLI-00238,2025-04,908.64
CLI-00238,2025-05,919.83
CLI-00238,2025-06,887.05
CLI-00238,2025-07,898.57
CLI-00238,2025-08,905.67
CLI-00238,2025-09,914.20
CLI-00238,2025-10,912.20
CLI-00238,2025-11,905.34
CLI-00238,2025-12,906.38
CLI-00238,2026-01,889.89
CLI-00238,2026-02,919.47
CLI-00238,2026-03,892.75
CLI-00238,2026-04,893.33
CLI-00238,2026-05,909.87
CLI-00238,2026-06,909.40
CLI-00238,2026-07,916.26
CLI-00238,2026-08,912.86
CLI-00058,2025-01,898.65
CLI-00058,2025-02,917.09
CLI-00058,2025-03,894.57
CLI-00058,2025-04,901.69
CLI-00058,2025-05,898.46
CLI-00058,2025-06,913.60
CLI-00058,2025-07,914.66
CLI-00058,2025-08,900.23
CLI-00058,2025-09,896.03
CLI-00058,2025-10,914.24
CLI-00058,2025-11,900.76
CLI-00058,2025-12,882.75
CLI-00058,2026-01,908.01
CLI-00058,2026-02,896.97
CLI-00058,2026-03,913.28
CLI-00058,2026-04,885.20
CLI-00058,2026-05,909.88
CLI-00058,2026-06,894.58
CLI-00058,2026-07,895.51
CLI-00058,2026-08,890.95
CLI-00073,2025-01,566.92
CLI-00073,2025-02,562.81
CLI-00073,2025-03,572.06
CLI-00073,2025-04,559.74
CLI-00073,2025-05,556.82
CLI-00073,2025-06,569.19
CLI-00073,2025-07,565.22
CLI-00073,2025-08,569.90
CLI-00073,2025-09,573.60
CLI-00073,2025-10,567.06
CLI-00073,2025-11,572.41
CLI-00073,2025-12,559.27
CLI-00073,2026-01,556.59
CLI-00073,2026-02,556.41
CLI-00073,2026-03,575.48
CLI-00073,2026-04,556.20
CLI-00073,2026-05,558.20
CLI-00073,2026-06,555.02
CLI-00073,2026-07,556.70
CLI-00073,2026-08,574.91
CLI-00260,2025-01,868.43
CLI-00260,2025-02,856.76
CLI-00260,2025-03,862.76
CLI-00260,2025-04,854.33
CLI-00260,2025-05,875.26
CLI-00260,2025-06,852.60
CLI-00260,2025-07,857.88
CLI-00260,2025-08,859.21
CLI-00260,2025-09,871.79
CLI-00260,2025-10,847.53
CLI-00260,2025-11,854.73
CLI-00260,2025-12,848.60
CLI-00260,2026-01,847.59
CLI-00260,2026-02,856.06
CLI-00260,2026-03,854.98
CLI-00260,2026-04,864.43
CLI-00260,2026-05,862.68
CLI-00260,2026-06,857.87
CLI-00260,2026-07,879.50
CLI-00260,2026-08,847.20
CLI-00325,2025-01,2325.65
CLI-00325,2025-02,2324.24
CLI-00325,2025-03,2240.99
CLI-00325,2025-04,2289.37
CLI-00325,2025-05,2260.07
CLI-00325,2025-06,2257.56
CLI-00325,2025-07,2285.57
CLI-00325,2025-08,2329.47
CLI-00325,2025-09,2258.79
CLI-00325,2025-10,2275.92
CLI-00325,2025-11,2286.47
CLI-00325,2025-12,2313.06
CLI-00325,2026-01,2273.15
CLI-00325,2026-02,2311.14
CLI-00325,2026-03,2324.68
CLI-00325,2026-04,2297.73
CLI-00325,2026-05,2320.29
CLI-00325,2026-06,2278.17
CLI-00325,2026-07,2242.98
CLI-00325,2026-08,2313.88
CLI-00220,2025-07,1012.42
CLI-00220,2025-08,1008.42
CLI-00220,2025-09,1021.08
CLI-00220,2025-10,1019.52
CLI-00220,2025-11,994.75
CLI-00220,2025-12,1012.60
CLI-00220,2026-01,996.35
CLI-00220,2026-02,990.66
CLI-00220,2026-03,1008.76
CLI-00220,2026-04,1014.14
CLI-00220,2026-05,1020.25
CLI-00220,2026-06,1025.05
CLI-00220,2026-07,1007.26
CLI-00220,2026-08,1017.54
CLI-00382,2025-01,1045.79
CLI-00382,2025-02,1057.69
CLI-00382,2025-03,1068.85
CLI-00382,2025-04,1048.88
CLI-00382,2025-05,1069.22
CLI-00382,2025-06,1061.59
CLI-00382,2025-07,1060.38
CLI-00382,2025-08,1053.50
CLI-00382,2025-09,1058.00
CLI-00382,2025-10,1073.30
CLI-00382,2025-11,1083.08
CLI-00382,2025-12,1051.66
CLI-00382,2026-01,1081.49
CLI-00382,2026-02,1042.92
CLI-00382,2026-03,1059.02
CLI-00382,2026-04,1062.78
CLI-00382,2026-05,1051.17
CLI-00382,2026-06,1051.31
CLI-00382,2026-07,1072.62
CLI-00382,2026-08,1080.35
CLI-00028,2025-01,768.56
CLI-00028,2025-02,747.57
CLI-00028,2025-03,762.53
CLI-00028,2025-04,753.62
CLI-00028,2025-05,746.37
CLI-00028,2025-06,766.86
CLI-00028,2025-07,761.23
CLI-00028,2025-08,747.33
CLI-00028,2025-09,759.73
CLI-00028,2025-10,749.15
CLI-00028,2025-11,763.94
CLI-00028,2025-12,743.68
CLI-00028,2026-01,741.03
CLI-00028,2026-02,751.36
CLI-00028,2026-03,765.98
CLI-00028,2026-04,765.49
CLI-00028,2026-05,759.12
CLI-00028,2026-06,762.57
CLI-00028,2026-07,754.77
CLI-00028,2026-08,743.00
CLI-00189,2025-01,963.19
CLI-00189,2025-02,945.07
CLI-00189,2025-03,971.86
CLI-00189,2025-04,971.50
CLI-00189,2025-05,956.95
CLI-00189,2025-06,951.65
CLI-00189,2025-07,938.54
CLI-00189,2025-08,943.12
CLI-00189,2025-09,953.48
CLI-00189,2025-10,953.72
CLI-00189,2025-11,969.81
CLI-00189,2025-12,954.09
CLI-00189,2026-01,957.00
CLI-00189,2026-02,962.15
CLI-00189,2026-03,957.23
CLI-00189,2026-04,954.74
CLI-00189,2026-05,941.79
CLI-00189,2026-06,938.60
CLI-00189,2026-07,969.53
CLI-00189,2026-08,953.13
CLI-00334,2025-01,944.93
CLI-00334,2025-02,955.94
CLI-00334,2025-03,942.35
CLI-00334,2025-04,937.31
CLI-00172,2025-01,862.60
CLI-00172,2025-02,868.04
CLI-00172,2025-03,867.04
CLI-00172,2025-04,870.42
CLI-00172,2025-05,846.63
CLI-00172,2025-06,866.26
CLI-00172,2025-07,849.14
CLI-00172,2025-08,871.45
CLI-00172,2025-09,862.23
CLI-00172,2025-10,840.52
CLI-00172,2025-11,862.41
CLI-00172,2025-12,855.18
CLI-00172,2026-01,839.17
CLI-00172,2026-02,845.88
CLI-00172,2026-03,859.80
CLI-00172,2026-04,856.39
CLI-00172,2026-05,866.69
CLI-00172,2026-06,857.29
CLI-00172,2026-07,838.89
CLI-00172,2026-08,866.98
CLI-00204,2025-01,504.84
CLI-00204,2025-02,516.19
CLI-00204,2025-03,500.21
CLI-00204,2025-04,498.41
CLI-00204,2025-05,513.19
CLI-00204,2025-06,506.29
CLI-00204,2025-07,503.89
CLI-00204,2025-08,497.59
CLI-00204,2025-09,506.60
CLI-00204,2025-10,517.07
CLI-00204,2025-11,503.75
CLI-00204,2025-12,508.10
CLI-00204,2026-01,502.91
CLI-00204,2026-02,503.18
CLI-00204,2026-03,512.16
CLI-00204,2026-04,512.13
CLI-00204,2026-05,509.99
CLI-00204,2026-06,504.71
CLI-00204,2026-07,513.79
CLI-00204,2026-08,508.77
CLI-00235,2025-01,588.46
CLI-00235,2025-02,595.38
CLI-00235,2025-03,593.98
CLI-00235,2025-04,585.89
CLI-00235,2025-05,581.80
CLI-00235,2025-06,581.04
CLI-00235,2025-07,586.04
CLI-00235,2025-08,579.09
CLI-00235,2025-09,597.16
CLI-00235,2025-10,579.85
CLI-00235,2025-11,577.61
CLI-00235,2025-12,591.90
CLI-00235,2026-01,595.42
CLI-00235,2026-02,599.99
CLI-00235,2026-03,590.40
CLI-00235,2026-04,599.00
CLI-00235,2026-05,600.32
CLI-00235,2026-06,582.89
CLI-00235,2026-07,598.01
CLI-00235,2026-08,590.20
CLI-00431,2025-01,967.30
CLI-00431,2025-02,955.69
CLI-00431,2025-03,935.12
CLI-00431,2025-04,940.78
CLI-00431,2025-05,943.73
CLI-00431,2025-06,957.09
CLI-00431,2025-07,937.13
CLI-00431,2025-08,966.39
CLI-00431,2025-09,956.66
CLI-00431,2025-10,956.56
CLI-00431,2025-11,970.87
CLI-00431,2025-12,962.88
CLI-00431,2026-01,944.37
CLI-00431,2026-02,957.48
CLI-00431,2026-03,946.35
CLI-00431,2026-04,960.19
CLI-00431,2026-05,958.62
CLI-00431,2026-06,939.92
CLI-00431,2026-07,939.48
CLI-00431,2026-08,960.50
CLI-00317,2025-02,400.77
CLI-00317,2025-03,402.74
CLI-00317,2025-04,402.54
CLI-00317,2025-05,405.21
CLI-00317,2025-06,407.64
CLI-00317,2025-07,405.21
CLI-00317,2025-08,408.42
CLI-00317,2025-09,401.38
CLI-00317,2025-10,401.82
CLI-00317,2025-11,407.28
CLI-00317,2025-12,407.06
CLI-00317,2026-01,398.14
CLI-00317,2026-02,403.48
CLI-00317,2026-03,398.01
CLI-00317,2026-04,408.31
CLI-00317,2026-05,408.00
CLI-00317,2026-06,398.82
CLI-00317,2026-07,409.24
CLI-00317,2026-08,398.36
CLI-00216,2025-01,488.02
CLI-00216,2025-02,498.81
CLI-00216,2025-03,496.38
CLI-00216,2025-04,493.97
CLI-00216,2025-05,484.12
CLI-00216,2025-06,490.10
CLI-00216,2025-07,487.23
CLI-00216,2025-08,487.28
CLI-00216,2025-09,485.20
CLI-00216,2025-10,492.38
CLI-00216,2025-11,499.45
CLI-00216,2025-12,488.90
CLI-00216,2026-01,486.27
CLI-00216,2026-02,483.99
CLI-00216,2026-03,495.00
CLI-00216,2026-04,490.81
CLI-00216,2026-05,484.94
CLI-00216,2026-06,490.73
CLI-00216,2026-07,484.38
CLI-00216,2026-08,495.13
CLI-00357,2025-05,1546.58
CLI-00357,2025-06,1524.02
CLI-00357,2025-07,1549.49
CLI-00357,2025-08,1533.10
CLI-00357,2025-09,1543.35
CLI-00357,2025-10,1538.24
CLI-00357,2025-11,1531.74
CLI-00357,2025-12,1550.55
CLI-00357,2026-01,1521.12
CLI-00357,2026-02,1565.30
CLI-00357,2026-03,1543.29
CLI-00357,2026-04,1506.73
CLI-00357,2026-05,1521.36
CLI-00357,2026-06,1538.93
CLI-00357,2026-07,1535.89
CLI-00357,2026-08,1558.43
CLI-00115,2025-01,1065.45
CLI-00115,2025-02,1074.41
CLI-00115,2025-03,1074.84
CLI-00115,2025-04,1059.44
CLI-00115,2025-05,1075.13
CLI-00115,2025-06,1075.42
CLI-00115,2025-07,1079.68
CLI-00115,2025-08,1051.86
CLI-00115,2025-09,1046.58
CLI-00115,2025-10,1079.25
CLI-00115,2025-11,1058.74
CLI-00115,2025-12,1078.86
CLI-00115,2026-01,1048.58
CLI-00115,2026-02,1046.26
CLI-00115,2026-03,1055.28
CLI-00115,2026-04,1068.50
CLI-00115,2026-05,1061.57
CLI-00115,2026-06,1060.77
CLI-00115,2026-07,1068.86
CLI-00115,2026-08,1045.32
CLI-00035,2025-01,499.79
CLI-00035,2025-02,511.48
CLI-00035,2025-03,506.27
CLI-00035,2025-04,508.03
CLI-00035,2025-05,507.80
CLI-00035,2025-06,495.81
CLI-00035,2025-07,513.53
CLI-00035,2025-08,506.88
CLI-00035,2025-09,497.20
CLI-00035,2025-10,507.13
CLI-00035,2025-11,507.87
CLI-00035,2025-12,504.61
CLI-00035,2026-01,499.58
CLI-00035,2026-02,502.34
CLI-00035,2026-03,501.97
CLI-00035,2026-04,501.33
CLI-00035,2026-05,513.77
CLI-00035,2026-06,512.99
CLI-00035,2026-07,499.53
CLI-00035,2026-08,503.39
CLI-00161,2025-01,395.17
CLI-00161,2025-02,387.24
CLI-00161,2025-03,399.54
CLI-00161,2025-04,399.87
CLI-00161,2025-05,391.38
CLI-00161,2025-06,385.00
CLI-00161,2025-07,387.13
CLI-00161,2025-08,390.27
CLI-00161,2025-09,390.20
CLI-00161,2025-10,397.06
CLI-00161,2025-11,398.40
CLI-00161,2025-12,392.11
CLI-00161,2026-01,396.61
CLI-00161,2026-02,387.23
CLI-00161,2026-03,392.35
CLI-00161,2026-04,397.67
CLI-00161,2026-05,395.55
CLI-00161,2026-06,390.06
CLI-00161,2026-07,389.92
CLI-00161,2026-08,386.47
CLI-00404,2025-01,405.86
CLI-00404,2025-02,407.23
CLI-00404,2025-03,399.07
CLI-00404,2025-04,409.34
CLI-00404,2025-05,402.93
CLI-00404,2025-06,400.66
CLI-00404,2025-07,402.98
CLI-00404,2025-08,403.55
CLI-00404,2025-09,404.09
CLI-00404,2025-10,400.79
CLI-00404,2025-11,410.36
CLI-00404,2025-12,408.16
CLI-00404,2026-01,402.09
CLI-00404,2026-02,401.67
CLI-00404,2026-03,399.66
CLI-00404,2026-04,400.66
CLI-00404,2026-05,402.64
CLI-00404,2026-06,398.72
CLI-00404,2026-07,404.33
CLI-00404,2026-08,408.92
CLI-00109,2025-01,931.27
CLI-00109,2025-02,907.10
CLI-00109,2025-03,910.37
CLI-00109,2025-04,905.20
CLI-00109,2025-05,918.16
CLI-00109,2025-06,906.88
CLI-00109,2025-07,924.45
CLI-00109,2025-08,911.13
CLI-00109,2025-09,896.55
CLI-00109,2025-10,899.79
CLI-00109,2025-11,895.38
CLI-00109,2025-12,901.47
CLI-00109,2026-01,906.59
CLI-00109,2026-02,907.69
CLI-00109,2026-03,911.00
CLI-00109,2026-04,927.26
CLI-00109,2026-05,900.05
CLI-00109,2026-06,922.99
CLI-00109,2026-07,922.92
CLI-00109,2026-08,930.64
CLI-00170,2025-01,455.85
CLI-00170,2025-02,454.56
CLI-00170,2025-03,446.91
CLI-00170,2025-04,447.54
CLI-00170,2025-05,443.45
CLI-00170,2025-06,457.27
CLI-00170,2025-07,445.25
CLI-00170,2025-08,448.75
CLI-00170,2025-09,456.33
CLI-00170,2025-10,443.49
CLI-00170,2025-11,454.90
CLI-00170,2025-12,450.10
CLI-00170,2026-01,441.20
CLI-00170,2026-02,451.43
CLI-00170,2026-03,443.91
CLI-00170,2026-04,450.56
CLI-00170,2026-05,456.68
CLI-00170,2026-06,456.69
CLI-00170,2026-07,441.04
CLI-00170,2026-08,443.06
CLI-00500,2025-01,510.86
CLI-00500,2025-02,505.61
CLI-00500,2025-03,515.48
CLI-00500,2025-04,507.03
CLI-00500,2025-05,501.62
CLI-00500,2025-06,518.78
CLI-00500,2025-07,516.52
CLI-00500,2025-08,514.18
CLI-00500,2025-09,508.92
CLI-00500,2025-10,507.46
CLI-00500,2025-11,515.91
CLI-00500,2025-12,505.84
CLI-00500,2026-01,512.45
CLI-00500,2026-02,505.49
CLI-00500,2026-03,511.20
CLI-00500,2026-04,510.28
CLI-00500,2026-05,513.33
CLI-00500,2026-06,511.18
CLI-00500,2026-07,511.42
CLI-00500,2026-08,504.36
CLI-00047,2025-01,1840.44
CLI-00047,2025-02,1779.62
CLI-00047,2025-03,1790.81
CLI-00047,2025-04,1817.72
CLI-00047,2025-05,1816.70
CLI-00047,2025-06,1795.37
CLI-00047,2025-07,1817.35
CLI-00047,2025-08,1837.13
CLI-00047,2025-09,1779.90
CLI-00047,2025-10,1828.28
CLI-00047,2025-11,1785.22
CLI-00047,2025-12,1829.28
CLI-00047,2026-01,1796.92
CLI-00047,2026-02,1823.32
CLI-00047,2026-03,1813.86
CLI-00047,2026-04,1826.35
CLI-00047,2026-05,1822.43
CLI-00433,2025-01,2437.02
CLI-00433,2025-02,2469.77
CLI-00433,2025-03,2475.02
CLI-00433,2025-04,2454.00
CLI-00433,2025-05,2439.48
CLI-00433,2025-06,2480.37
CLI-00433,2025-07,2481.53
CLI-00433,2025-08,2483.27
CLI-00433,2025-09,2474.48
CLI-00433,2025-10,2457.71
CLI-00433,2025-11,2415.11
CLI-00433,2025-12,2468.84
CLI-00433,2026-01,2451.99
CLI-00433,2026-02,2423.50
CLI-00433,2026-03,2495.40
CLI-00433,2026-04,2446.79
CLI-00433,2026-05,2430.33
CLI-00433,2026-06,2477.23
CLI-00433,2026-07,2470.24
CLI-00433,2026-08,2496.66
CLI-00029,2025-01,533.07
CLI-00029,2025-02,537.71
CLI-00029,2025-03,539.90
CLI-00029,2025-04,540.64
CLI-00029,2025-05,542.98
CLI-00029,2025-06,534.90
CLI-00029,2025-07,545.55
CLI-00029,2025-08,545.80
CLI-00029,2025-09,540.28
CLI-00029,2025-10,534.13
CLI-00029,2025-11,541.17
CLI-00029,2025-12,532.62
CLI-00029,2026-01,540.39
CLI-00029,2026-02,541.06
CLI-00029,2026-03,544.64
CLI-00029,2026-04,548.54
CLI-00029,2026-05,535.29
CLI-00029,2026-06,540.08
CLI-00029,2026-07,528.90
CLI-00029,2026-08,543.98
CLI-00341,2025-01,940.58
CLI-00341,2025-02,935.78
CLI-00341,2025-03,956.22
CLI-00341,2025-04,938.20
CLI-00341,2025-05,931.15
CLI-00341,2025-06,956.46
CLI-00341,2025-07,952.65
CLI-00341,2025-08,956.54
CLI-00341,2025-09,952.33
CLI-00341,2025-10,961.14
CLI-00341,2025-11,948.93
CLI-00341,2025-12,948.36
CLI-00341,2026-01,960.17
CLI-00341,2026-02,963.16
CLI-00341,2026-03,954.30
CLI-00341,2026-04,951.59
CLI-00341,2026-05,935.06
CLI-00341,2026-06,961.86
CLI-00341,2026-07,963.47
CLI-00341,2026-08,951.95
CLI-00347,2025-01,513.99
CLI-00347,2025-02,515.15
CLI-00347,2025-03,507.17
CLI-00347,2025-04,496.82
CLI-00347,2025-05,514.45
CLI-00347,2025-06,503.16
CLI-00347,2025-07,502.19
CLI-00347,2025-08,502.83
CLI-00347,2025-09,515.27
CLI-00347,2025-10,499.39
CLI-00347,2025-11,497.89
CLI-00347,2025-12,509.46
CLI-00347,2026-01,511.05
CLI-00347,2026-02,509.42
CLI-00347,2026-03,498.51
CLI-00347,2026-04,513.70
CLI-00347,2026-05,502.86
CLI-00347,2026-06,511.66
CLI-00347,2026-07,497.02
CLI-00347,2026-08,516.23
CLI-00275,2025-01,2243.76
CLI-00275,2025-02,2225.59
CLI-00275,2025-03,2247.64
CLI-00275,2025-04,2198.51
CLI-00275,2025-05,2261.15
CLI-00275,2025-06,2210.39
CLI-00275,2025-07,2243.50
CLI-00275,2025-08,2226.02
CLI-00275,2025-09,2285.13
CLI-00275,2025-10,2215.98
CLI-00275,2025-11,2262.98
CLI-00275,2025-12,2215.50
CLI-00275,2026-01,2268.10
CLI-00275,2026-02,2240.92
CLI-00275,2026-03,2232.91
CLI-00275,2026-04,2286.05
CLI-00275,2026-05,2226.41
CLI-00275,2026-06,2250.87
CLI-00275,2026-07,2270.04
CLI-00275,2026-08,2219.93
CLI-00088,2025-01,420.03
CLI-00088,2025-02,419.28
CLI-00088,2025-03,418.04
CLI-00088,2025-04,421.96
CLI-00088,2025-05,429.54
CLI-00088,2025-06,424.00
CLI-00088,2025-07,423.24
CLI-00088,2025-08,416.54
CLI-00088,2025-09,427.48
CLI-00088,2025-10,422.96
CLI-00088,2025-11,429.56
CLI-00088,2025-12,417.68
CLI-00088,2026-01,421.04
CLI-00088,2026-02,421.71
CLI-00088,2026-03,420.92
CLI-00088,2026-04,419.86
CLI-00088,2026-05,431.02
CLI-00088,2026-06,428.17
CLI-00088,2026-07,430.71
CLI-00088,2026-08,432.46
CLI-00501,2025-01,767.63
CLI-00501,2025-02,778.74
CLI-00501,2025-03,780.23
CLI-00501,2025-04,773.70
CLI-00501,2025-05,760.35
CLI-00501,2025-06,784.51
CLI-00501,2025-07,789.83
CLI-00501,2025-08,762.61
CLI-00501,2025-09,783.95
CLI-00501,2025-10,785.44
CLI-00501,2025-11,770.39
CLI-00501,2025-12,789.50
CLI-00501,2026-01,788.07
CLI-00501,2026-02,763.77
CLI-00501,2026-03,767.45
CLI-00501,2026-04,781.12
CLI-00501,2026-05,781.84
CLI-00501,2026-06,770.48
CLI-00501,2026-07,782.85
CLI-00501,2026-08,789.39
CLI-00052,2025-01,493.17
CLI-00052,2025-02,480.82
CLI-00052,2025-03,490.91
CLI-00052,2025-04,487.12
CLI-00052,2025-05,494.35
CLI-00052,2025-06,488.46
CLI-00052,2025-07,480.46
CLI-00052,2025-08,476.85
CLI-00052,2025-09,493.70
CLI-00052,2025-10,482.75
CLI-00052,2025-11,491.67
CLI-00052,2025-12,495.07
CLI-00052,2026-01,480.53
CLI-00052,2026-02,494.55
CLI-00052,2026-03,489.50
CLI-00052,2026-04,480.79
CLI-00052,2026-05,486.22
CLI-00052,2026-06,485.89
CLI-00052,2026-07,483.39
CLI-00052,2026-08,481.94
CLI-00043,2025-01,450.94
CLI-00043,2025-02,455.68
CLI-00043,2025-03,453.65
CLI-00043,2025-04,455.40
CLI-00043,2025-05,462.00
CLI-00043,2025-06,455.99
CLI-00043,2025-07,455.11
CLI-00043,2025-08,456.37
CLI-00043,2025-09,446.61
CLI-00043,2025-10,460.45
CLI-00043,2025-11,455.39
CLI-00043,2025-12,450.47
CLI-00043,2026-01,453.68
CLI-00043,2026-02,445.80
CLI-00043,2026-03,450.84
CLI-00043,2026-04,451.47
CLI-00043,2026-05,448.18
CLI-00043,2026-06,460.05
CLI-00043,2026-07,462.57
CLI-00043,2026-08,455.49
CLI-00131,2025-01,519.38
CLI-00131,2025-02,525.11
CLI-00131,2025-03,535.22
CLI-00131,2025-04,530.42
CLI-00131,2025-05,540.29
CLI-00131,2025-06,533.65
CLI-00131,2025-07,540.10
CLI-00131,2025-08,522.43
CLI-00131,2025-09,537.15
CLI-00131,2025-10,520.65
CLI-00131,2025-11,525.82
CLI-00131,2025-12,528.77
CLI-00131,2026-01,537.23
CLI-00131,2026-02,524.08
CLI-00131,2026-03,536.68
CLI-00131,2026-04,529.18
CLI-00131,2026-05,531.93
CLI-00131,2026-06,529.56
CLI-00131,2026-07,532.46
CLI-00131,2026-08,536.93
CLI-00290,2025-01,466.12
CLI-00290,2025-02,457.54
CLI-00290,2025-03,470.14
CLI-00290,2025-04,468.63
CLI-00290,2025-05,474.20
CLI-00290,2025-06,467.16
CLI-00290,2025-07,462.54
CLI-00290,2025-08,473.33
CLI-00290,2025-09,457.38
CLI-00290,2025-10,464.49
CLI-00290,2025-11,466.37
CLI-00290,2025-12,463.83
CLI-00290,2026-01,457.79
CLI-00290,2026-02,462.25
CLI-00290,2026-03,472.69
CLI-00290,2026-04,461.36
CLI-00290,2026-05,468.80
CLI-00290,2026-06,461.52
CLI-00290,2026-07,474.21
CLI-00290,2026-08,462.65
CLI-00367,2025-01,975.56
CLI-00367,2025-02,963.54
CLI-00367,2025-03,967.79
CLI-00367,2025-04,973.34
CLI-00367,2025-05,987.32
CLI-00367,2025-06,979.56
CLI-00367,2025-07,951.84
CLI-00367,2025-08,956.75
CLI-00367,2025-09,969.48
CLI-00367,2025-10,979.75
CLI-00367,2025-11,982.23
CLI-00367,2025-12,985.63
CLI-00367,2026-01,956.49
CLI-00367,2026-02,965.19
CLI-00367,2026-03,954.53
CLI-00367,2026-04,960.26
CLI-00367,2026-05,971.78
CLI-00367,2026-06,974.69
CLI-00367,2026-07,954.07
CLI-00367,2026-08,959.17
CLI-00333,2025-01,452.90
CLI-00333,2025-02,450.52
CLI-00333,2025-03,457.48
CLI-00333,2025-04,461.96
CLI-00333,2025-05,454.50
CLI-00333,2025-06,453.33
CLI-00333,2025-07,463.57
CLI-00333,2025-08,455.56
CLI-00333,2025-09,465.01
CLI-00333,2025-10,448.82
CLI-00333,2025-11,459.17
CLI-00333,2025-12,451.96
CLI-00333,2026-01,456.83
CLI-00333,2026-02,449.77
CLI-00333,2026-03,456.32
CLI-00333,2026-04,451.11
CLI-00333,2026-05,447.88
CLI-00333,2026-06,448.84
CLI-00333,2026-07,464.19
CLI-00333,2026-08,457.22
CLI-00054,2025-01,537.25
CLI-00054,2025-02,543.36
CLI-00054,2025-03,532.49
CLI-00054,2025-04,528.80
CLI-00054,2025-05,532.06
CLI-00054,2025-06,538.26
CLI-00054,2025-07,538.23
CLI-00054,2025-08,548.38
CLI-00054,2025-09,533.47
CLI-00054,2025-10,529.39
CLI-00054,2025-11,545.33
CLI-00054,2025-12,532.18
CLI-00054,2026-01,540.94
CLI-00054,2026-02,542.09
CLI-00054,2026-03,535.66
CLI-00054,2026-04,527.19
CLI-00054,2026-05,539.04
CLI-00054,2026-06,530.75
CLI-00054,2026-07,537.73
CLI-00054,2026-08,545.34
CLI-00376,2025-01,1062.69
CLI-00376,2025-02,1062.16
CLI-00376,2025-03,1069.74
CLI-00376,2025-04,1071.91
CLI-00376,2025-05,1068.53
CLI-00376,2025-06,1050.34
CLI-00376,2025-07,1077.28
CLI-00376,2025-08,1067.83
CLI-00376,2025-09,1073.31
CLI-00376,2025-10,1044.27
CLI-00376,2025-11,1052.32
CLI-00376,2025-12,1053.92
CLI-00376,2026-01,1072.38
CLI-00376,2026-02,1082.52
CLI-00376,2026-03,1064.87
CLI-00376,2026-04,1063.54
CLI-00376,2026-05,1050.16
CLI-00376,2026-06,1047.10
CLI-00376,2026-07,1076.29
CLI-00376,2026-08,1063.41
CLI-00241,2025-01,1416.72
CLI-00241,2025-02,1404.82
CLI-00241,2025-03,1409.47
CLI-00241,2025-04,1413.93
CLI-00241,2025-05,1435.98
CLI-00241,2025-06,1436.22
CLI-00241,2025-07,1433.36
CLI-00241,2025-08,1424.11
CLI-00241,2025-09,1384.33
CLI-00241,2025-10,1388.38
CLI-00241,2025-11,1423.43
CLI-00241,2025-12,1425.97
CLI-00241,2026-01,1421.84
CLI-00241,2026-02,1396.24
CLI-00241,2026-03,1416.18
CLI-00241,2026-04,1432.27
CLI-00241,2026-05,1390.84
CLI-00241,2026-06,1400.86
CLI-00241,2026-07,1416.95
CLI-00241,2026-08,1392.56
CLI-00340,2025-01,372.64
CLI-00340,2025-02,385.08
CLI-00340,2025-03,373.62
CLI-00340,2025-04,372.87
CLI-00340,2025-05,385.51
CLI-00340,2025-06,381.79
CLI-00340,2025-07,382.82
CLI-00340,2025-08,372.59
CLI-00340,2025-09,373.39
CLI-00340,2025-10,381.36
CLI-00340,2025-11,379.62
CLI-00340,2025-12,384.81
CLI-00340,2026-01,372.52
CLI-00340,2026-02,372.24
CLI-00340,2026-03,380.23
CLI-00340,2026-04,383.35
CLI-00340,2026-05,377.40
CLI-00340,2026-06,373.22
CLI-00340,2026-07,383.34
CLI-00340,2026-08,371.54
CLI-00046,2025-01,899.89
CLI-00046,2025-02,923.07
CLI-00046,2025-03,923.47
CLI-00046,2025-04,912.81
CLI-00046,2025-05,904.28
CLI-00046,2025-06,914.61
CLI-00046,2025-07,929.04
CLI-00046,2025-08,911.01
CLI-00046,2025-09,927.82
CLI-00046,2025-10,898.67
CLI-00046,2025-11,907.49
CLI-00046,2025-12,902.59
CLI-00046,2026-01,909.66
CLI-00046,2026-02,910.60
CLI-00046,2026-03,926.70
CLI-00046,2026-04,908.34
CLI-00046,2026-05,918.74
CLI-00046,2026-06,925.17
CLI-00046,2026-07,925.75
CLI-00046,2026-08,930.67
CLI-00281,2025-03,1851.94
CLI-00281,2025-04,1883.37
CLI-00281,2025-05,1838.28
CLI-00281,2025-06,1832.39
CLI-00281,2025-07,1853.52
CLI-00281,2025-08,1884.51
CLI-00281,2025-09,1833.31
CLI-00281,2025-10,1829.62
CLI-00281,2025-11,1889.46
CLI-00281,2025-12,1874.10
CLI-00281,2026-01,1874.95
CLI-00281,2026-02,1878.36
CLI-00281,2026-03,1869.12
CLI-00281,2026-04,1864.47
CLI-00281,2026-05,1826.44
CLI-00281,2026-06,1840.35
CLI-00281,2026-07,1830.13
CLI-00281,2026-08,1849.73
CLI-00264,2025-01,474.36
CLI-00264,2025-02,471.22
CLI-00264,2025-03,470.85
CLI-00264,2025-04,480.01
CLI-00264,2025-05,478.07
CLI-00264,2025-06,467.31
CLI-00264,2025-07,481.68
CLI-00264,2025-08,467.79
CLI-00264,2025-09,466.23
CLI-00264,2025-10,478.55
CLI-00264,2025-11,478.76
CLI-00264,2025-12,475.41
CLI-00264,2026-01,481.02
CLI-00264,2026-02,480.80
CLI-00264,2026-03,477.24
CLI-00264,2026-04,474.10
CLI-00264,2026-05,467.41
CLI-00264,2026-06,478.10
CLI-00264,2026-07,478.77
CLI-00264,2026-08,466.32
CLI-00448,2025-01,494.67
CLI-00448,2025-02,503.00
CLI-00448,2025-03,493.85
CLI-00448,2025-04,500.76
CLI-00448,2025-05,486.33
CLI-00448,2025-06,489.80
CLI-00448,2025-07,503.80
CLI-00448,2025-08,490.90
CLI-00448,2025-09,486.09
CLI-00448,2025-10,490.76
CLI-00448,2025-11,502.65
CLI-00448,2025-12,500.79
CLI-00448,2026-01,497.16
CLI-00448,2026-02,502.80
CLI-00448,2026-03,492.76
CLI-00448,2026-04,490.50
CLI-00448,2026-05,499.23
CLI-00448,2026-06,494.74
CLI-00448,2026-07,496.68
CLI-00448,2026-08,493.65
CLI-00023,2025-01,579.58
CLI-00023,2025-02,581.93
CLI-00023,2025-03,565.13
CLI-00023,2025-04,565.04
CLI-00023,2025-05,572.07
CLI-00023,2025-06,565.04
CLI-00023,2025-07,575.08
CLI-00023,2025-08,560.44
CLI-00023,2025-09,563.43
CLI-00023,2025-10,578.25
CLI-00023,2025-11,574.63
CLI-00023,2025-12,577.74
CLI-00023,2026-01,567.53
CLI-00023,2026-02,563.55
CLI-00023,2026-03,569.61
CLI-00023,2026-04,565.46
CLI-00023,2026-05,562.03
CLI-00023,2026-06,563.82
CLI-00023,2026-07,563.81
CLI-00023,2026-08,573.31
CLI-00169,2025-01,756.37
CLI-00169,2025-02,768.77
CLI-00169,2025-03,746.98
CLI-00169,2025-04,773.17
CLI-00169,2025-05,748.53
CLI-00169,2025-06,761.40
CLI-00169,2025-07,773.45
CLI-00169,2025-08,755.75
CLI-00169,2025-09,759.88
CLI-00169,2025-10,770.09
CLI-00169,2025-11,746.79
CLI-00169,2025-12,761.83
CLI-00169,2026-01,748.23
CLI-00169,2026-02,757.60
CLI-00169,2026-03,768.77
CLI-00169,2026-04,771.74
CLI-00169,2026-05,763.64
CLI-00169,2026-06,752.52
CLI-00169,2026-07,749.91
CLI-00169,2026-08,747.17
CLI-00455,2025-01,1131.23
CLI-00455,2025-02,1138.70
CLI-00455,2025-03,1133.12
CLI-00455,2025-04,1124.64
CLI-00455,2025-05,1151.77
CLI-00455,2025-06,1140.03
CLI-00455,2025-07,1166.09
CLI-00455,2025-08,1143.76
CLI-00455,2025-09,1123.98
CLI-00455,2025-10,1160.74
CLI-00455,2025-11,1138.34
CLI-00455,2025-12,1152.84
CLI-00455,2026-01,1166.23
CLI-00455,2026-02,1139.38
CLI-00455,2026-03,1162.85
CLI-00455,2026-04,1148.87
CLI-00455,2026-05,1164.79
CLI-00455,2026-06,1124.71
CLI-00455,2026-07,1124.73
CLI-00455,2026-08,1127.54
CLI-00233,2025-01,376.08
CLI-00233,2025-02,370.09
CLI-00233,2025-03,380.87
CLI-00233,2025-04,381.33
CLI-00233,2025-05,379.11
CLI-00233,2025-06,373.28
CLI-00233,2025-07,373.09
CLI-00233,2025-08,370.25
CLI-00233,2025-09,382.19
CLI-00233,2025-10,384.40
CLI-00233,2025-11,374.91
CLI-00233,2025-12,373.89
CLI-00233,2026-01,375.54
CLI-00233,2026-02,371.23
CLI-00233,2026-03,373.44
CLI-00233,2026-04,371.28
CLI-00233,2026-05,380.62
CLI-00233,2026-06,383.38
CLI-00233,2026-07,378.54
CLI-00233,2026-08,378.32
CLI-00332,2025-01,853.83
CLI-00332,2025-02,853.58
CLI-00332,2025-03,848.30
CLI-00332,2025-04,867.55
CLI-00332,2025-05,847.55
CLI-00332,2025-06,867.83
CLI-00332,2025-07,847.47
CLI-00332,2025-08,869.07
CLI-00332,2025-09,857.09
CLI-00332,2025-10,847.50
CLI-00332,2025-11,860.47
CLI-00332,2025-12,839.33
CLI-00332,2026-01,856.17
CLI-00332,2026-02,849.16
CLI-00411,2025-01,1126.95
CLI-00411,2025-02,1100.22
CLI-00411,2025-03,1110.89
CLI-00411,2025-04,1131.63
CLI-00411,2025-05,1139.37
CLI-00411,2025-06,1141.71
CLI-00411,2025-07,1133.53
CLI-00411,2025-08,1128.12
CLI-00411,2025-09,1109.78
CLI-00411,2025-10,1114.38
CLI-00411,2025-11,1118.17
CLI-00411,2025-12,1129.61
CLI-00411,2026-01,1097.30
CLI-00411,2026-02,1120.90
CLI-00411,2026-03,1103.74
CLI-00411,2026-04,1106.77
CLI-00411,2026-05,1123.02
CLI-00411,2026-06,1109.22
CLI-00411,2026-07,1129.98
CLI-00411,2026-08,1133.35
CLI-00506,2025-01,1589.11
CLI-00506,2025-02,1590.36
CLI-00506,2025-03,1531.88
CLI-00506,2025-04,1555.33
CLI-00506,2025-05,1565.38
CLI-00506,2025-06,1564.46
CLI-00506,2025-07,1580.23
CLI-00506,2025-08,1550.12
CLI-00506,2025-09,1583.64
CLI-00506,2025-10,1534.71
CLI-00506,2025-11,1574.35
CLI-00506,2025-12,1586.28
CLI-00506,2026-01,1576.03
CLI-00506,2026-02,1578.88
CLI-00506,2026-03,1588.49
CLI-00506,2026-04,1583.90
CLI-00506,2026-05,1529.80
CLI-00506,2026-06,1573.67
CLI-00506,2026-07,1581.02
CLI-00506,2026-08,1585.70
CLI-00097,2025-01,764.98
CLI-00097,2025-02,758.33
CLI-00097,2025-03,764.31
CLI-00097,2025-04,753.49
CLI-00097,2025-05,737.96
CLI-00097,2025-06,766.29
CLI-00097,2025-07,746.16
CLI-00097,2025-08,759.51
CLI-00097,2025-09,754.84
CLI-00097,2025-10,746.63
CLI-00097,2025-11,742.59
CLI-00097,2025-12,742.17
CLI-00097,2026-01,746.42
CLI-00097,2026-02,753.38
CLI-00097,2026-03,742.55
CLI-00097,2026-04,759.14
CLI-00097,2026-05,760.24
CLI-00097,2026-06,743.11
CLI-00097,2026-07,759.67
CLI-00097,2026-08,745.90
CLI-00416,2025-01,693.84
CLI-00416,2025-02,696.81
CLI-00416,2025-03,682.75
CLI-00416,2025-04,697.76
CLI-00416,2025-05,675.39
CLI-00416,2025-06,694.61
CLI-00416,2025-07,695.70
CLI-00416,2025-08,691.62
CLI-00416,2025-09,673.62
CLI-00416,2025-10,673.02
CLI-00416,2025-11,698.26
CLI-00416,2025-12,695.35
CLI-00416,2026-01,695.11
CLI-00416,2026-02,675.62
CLI-00416,2026-03,697.02
CLI-00416,2026-04,695.80
CLI-00416,2026-05,687.87
CLI-00416,2026-06,688.54
CLI-00416,2026-07,674.25
CLI-00416,2026-08,694.71
CLI-00371,2025-05,1550.35
CLI-00371,2025-06,1539.20
CLI-00371,2025-07,1535.21
CLI-00371,2025-08,1505.13
CLI-00371,2025-09,1512.38
CLI-00371,2025-10,1512.62
CLI-00371,2025-11,1559.62
CLI-00371,2025-12,1526.19
CLI-00371,2026-01,1558.59
CLI-00371,2026-02,1548.07
CLI-00371,2026-03,1555.33
CLI-00371,2026-04,1513.08
CLI-00371,2026-05,1525.66
CLI-00371,2026-06,1530.75
CLI-00371,2026-07,1530.05
CLI-00371,2026-08,1551.00
CLI-00016,2025-01,553.51
CLI-00016,2025-02,550.89
CLI-00016,2025-03,553.40
CLI-00016,2025-04,541.64
CLI-00016,2025-05,547.54
CLI-00016,2025-06,546.33
CLI-00016,2025-07,555.83
CLI-00016,2025-08,545.98
CLI-00016,2025-09,553.29
CLI-00016,2025-10,555.27
CLI-00016,2025-11,536.70
CLI-00016,2025-12,550.64
CLI-00016,2026-01,554.89
CLI-00016,2026-02,538.93
CLI-00016,2026-03,543.81
CLI-00016,2026-04,550.54
CLI-00016,2026-05,551.46
CLI-00016,2026-06,542.56
CLI-00016,2026-07,540.80
CLI-00016,2026-08,550.29
CLI-00206,2025-01,981.79
CLI-00206,2025-02,972.48
CLI-00206,2025-03,995.24
CLI-00206,2025-04,1006.34
CLI-00206,2025-05,979.97
CLI-00206,2025-06,1007.25
CLI-00206,2025-07,1000.87
CLI-00206,2025-08,981.37
CLI-00206,2025-09,1002.50
CLI-00206,2025-10,1009.83
CLI-00206,2025-11,980.70
CLI-00206,2025-12,1007.56
CLI-00206,2026-01,1007.29
CLI-00206,2026-02,973.19
CLI-00206,2026-03,1008.67
CLI-00206,2026-04,972.98
CLI-00206,2026-05,1009.05
CLI-00206,2026-06,1007.99
CLI-00206,2026-07,1011.88
CLI-00206,2026-08,992.96
CLI-00144,2025-01,1994.48
CLI-00144,2025-02,1985.78
CLI-00144,2025-03,2000.43
CLI-00144,2025-04,2006.72
CLI-00144,2025-05,2044.61
CLI-00144,2025-06,2057.89
CLI-00144,2025-07,2039.76
CLI-00144,2025-08,2048.60
CLI-00144,2025-09,2057.12
CLI-00144,2025-10,1978.23
CLI-00144,2025-11,2024.09
CLI-00144,2025-12,2000.21
CLI-00144,2026-01,2019.51
CLI-00144,2026-02,1983.62
CLI-00144,2026-03,2005.93
CLI-00144,2026-04,1980.50
CLI-00144,2026-05,2001.98
CLI-00144,2026-06,2009.57
CLI-00144,2026-07,2028.65
CLI-00144,2026-08,2048.19
CLI-00018,2025-01,530.69
CLI-00018,2025-02,542.72
CLI-00018,2025-03,539.88
CLI-00018,2025-04,544.42
CLI-00018,2025-05,532.43
CLI-00018,2025-06,542.18
CLI-00018,2025-07,543.01
CLI-00018,2025-08,533.94
CLI-00018,2025-09,536.48
CLI-00018,2025-10,541.45
CLI-00018,2025-11,542.41
CLI-00018,2025-12,533.66
CLI-00018,2026-01,531.36
CLI-00018,2026-02,526.54
CLI-00018,2026-03,525.76
CLI-00018,2026-04,540.86
CLI-00018,2026-05,535.32
CLI-00018,2026-06,532.01
CLI-00018,2026-07,542.00
CLI-00018,2026-08,532.97
CLI-00200,2025-01,2176.63
CLI-00200,2025-02,2119.95
CLI-00200,2025-03,2187.09
CLI-00200,2025-04,2111.13
CLI-00200,2025-05,2155.42
CLI-00200,2025-06,2123.00
CLI-00200,2025-07,2175.75
CLI-00200,2025-08,2153.66
CLI-00200,2025-09,2148.20
CLI-00200,2025-10,2149.30
CLI-00200,2025-11,2135.06
CLI-00200,2025-12,2189.99
CLI-00200,2026-01,2144.84
CLI-00200,2026-02,2127.99
CLI-00200,2026-03,2134.57
CLI-00200,2026-04,2159.21
CLI-00200,2026-05,2174.51
CLI-00200,2026-06,2125.12
CLI-00200,2026-07,2168.09
CLI-00200,2026-08,2111.12
CLI-00157,2025-01,358.99
CLI-00157,2025-02,348.86
CLI-00157,2025-03,348.26
CLI-00157,2025-04,354.85
CLI-00157,2025-05,354.80
CLI-00157,2025-06,358.14
CLI-00157,2025-07,354.18
CLI-00157,2025-08,350.67
CLI-00157,2025-09,353.78
CLI-00157,2025-10,350.90
CLI-00157,2025-11,354.04
CLI-00157,2025-12,359.74
CLI-00157,2026-01,347.35
CLI-00157,2026-02,347.01
CLI-00157,2026-03,347.38
CLI-00385,2025-01,514.77
CLI-00385,2025-02,497.05
CLI-00385,2025-03,500.61
CLI-00385,2025-04,511.93
CLI-00385,2025-05,512.77
CLI-00385,2025-06,512.97
CLI-00385,2025-07,503.45
CLI-00385,2025-08,497.93
CLI-00385,2025-09,503.58
CLI-00385,2025-10,506.10
CLI-00385,2025-11,515.15
CLI-00385,2025-12,505.94
CLI-00385,2026-01,502.96
CLI-00385,2026-02,512.33
CLI-00385,2026-03,504.30
CLI-00385,2026-04,500.31
CLI-00385,2026-05,512.92
CLI-00385,2026-06,510.59
CLI-00385,2026-07,509.20
CLI-00385,2026-08,510.89
CLI-00457,2025-01,864.87
CLI-00457,2025-02,853.72
CLI-00457,2025-03,841.99
CLI-00457,2025-04,847.05
CLI-00457,2025-05,855.63
CLI-00457,2025-06,854.26
CLI-00457,2025-07,835.86
CLI-00457,2025-08,848.41
CLI-00457,2025-09,851.03
CLI-00457,2025-10,857.66
CLI-00457,2025-11,852.90
CLI-00457,2025-12,855.27
CLI-00457,2026-01,863.08
CLI-00457,2026-02,866.23
CLI-00457,2026-03,866.14
CLI-00457,2026-04,853.02
CLI-00457,2026-05,841.30
CLI-00457,2026-06,856.73
CLI-00457,2026-07,834.72
CLI-00457,2026-08,846.70
