cliente_id,antiguedad_meses,gasto_mensual_mxn,tickets_soporte_90d,dias_desde_ultima_actividad,usage_score,tipo_contrato,plan,churn_historico
CLI-00001,14.0,395.82,3,29.0,55.8,Mensual,Starter,0
CLI-00002,14.0,551.6,1,5.0,79.8,Anual,Pro,0
CLI-00003,31.0,343.92,1,15.0,39.8,Anual,Business,0
CLI-00004,5.0,824.18,3,19.0,58.5,Mensual,Starter,0
CLI-00005,13.0,1025.71,2,30.0,70.8,Mensual,Pro,0
CLI-00006,12.0,2353.74,1,16.0,45.1,Mensual,Business,0
CLI-00007,9.0,533.01,1,67.0,51.8,Mensual,Business,0
CLI-00008,37.0,776.31,1,25.0,30.8,Anual,Pro,0
CLI-00009,25.0,1262.4,3,2.0,76.6,Anual,Pro,0
CLI-00010,10.0,707.79,2,6.0,88.1,Anual,Business,0
CLI-00011,5.0,297.54,2,32.0,29.1,Mensual,Starter,0
CLI-00012,16.0,912.2,1,1.0,66.9,Anual,Business,0
CLI-00013,10.0,925.69,0,12.0,75.1,Mensual,Starter,0
CLI-00014,2.0,1026.06,2,9.0,71.2,Mensual,Starter,0
CLI-00015,24.0,675.9,0,20.0,78.3,Anual,Starter,0
CLI-00016,27.0,433.21,0,5.0,51.2,Mensual,Starter,0
CLI-00017,42.0,471.96,1,29.0,82.5,Mensual,Starter,0
CLI-00018,33.0,710.43,1,5.0,42.9,Anual,Pro,0
CLI-00019,20.0,1027.4,2,12.0,15.2,Mensual,Starter,0
CLI-00020,35.0,1335.5,0,23.0,93.5,Anual,Pro,0
CLI-00021,18.0,856.74,1,36.0,34.3,Mensual,Business,0
CLI-00022,18.0,432.59,0,45.0,56.6,Mensual,Pro,0
CLI-00023,11.0,2136.27,2,35.0,80.7,Mensual,Pro,1
CLI-00024,48.0,707.0,2,21.0,59.1,Mensual,Business,0
CLI-00025,12.0,709.31,0,0.0,65.5,Anual,Business,0
CLI-00026,6.0,416.47,1,24.0,79.2,Anual,Starter,0
CLI-00027,11.0,644.0,0,6.0,78.0,Mensual,Business,0
CLI-00028,25.0,260.49,1,31.0,85.5,Anual,Business,1
CLI-00029,5.0,1221.8,0,17.0,64.6,Anual,Business,0
CLI-00030,26.0,939.58,1,11.0,51.5,Anual,Starter,0
CLI-00031,12.0,1255.53,0,1.0,80.6,Mensual,Starter,0
CLI-00032,44.0,775.02,0,42.0,22.4,Mensual,Pro,0
CLI-00033,11.0,1747.97,2,14.0,36.0,Anual,Starter,0
CLI-00034,11.0,553.6,1,36.0,28.2,Mensual,Pro,0
CLI-00035,10.0,1402.13,2,42.0,63.6,Mensual,Starter,0
CLI-00036,14.0,1386.56,0,5.0,75.3,Mensual,Pro,0
CLI-00037,12.0,668.46,1,5.0,86.9,Mensual,Starter,0
CLI-00038,19.0,1139.21,2,17.0,76.7,Anual,Business,0
CLI-00039,21.0,733.4,3,10.0,72.5,Anual,Pro,1
CLI-00040,60.0,716.58,0,46.0,81.2,Mensual,Pro,0
CLI-00041,23.0,1077.51,1,2.0,68.8,Mensual,Starter,0
CLI-00042,10.0,216.3,1,16.0,61.1,Anual,Starter,0
CLI-00043,20.0,476.39,2,7.0,65.3,Anual,Pro,0
CLI-00044,41.0,747.98,1,25.0,66.3,Mensual,Starter,0
CLI-00045,26.0,105.6,1,4.0,38.5,Mensual,Starter,0
CLI-00046,14.0,334.48,2,19.0,48.7,Mensual,Starter,0
CLI-00047,5.0,876.9,1,1.0,75.3,Mensual,Starter,0
CLI-00048,11.0,775.97,1,9.0,16.9,Anual,Business,0
CLI-00049,50.0,1136.45,0,16.0,40.7,Anual,Starter,0
CLI-00050,8.0,565.81,1,11.0,54.6,Mensual,Starter,0
CLI-00051,60.0,1345.73,1,10.0,86.9,Anual,Pro,0
CLI-00052,29.0,429.05,0,19.0,52.8,Mensual,Pro,0
CLI-00053,8.0,473.04,0,5.0,51.2,Mensual,Pro,0
CLI-00054,25.0,370.37,0,1.0,60.4,Mensual,Starter,0
CLI-00055,24.0,382.17,1,4.0,58.9,Anual,Pro,0
CLI-00056,5.0,483.43,2,0.0,39.7,Mensual,Starter,0
CLI-00057,7.0,1020.34,1,13.0,92.6,Anual,Pro,0
CLI-00058,6.0,1169.72,2,6.0,70.8,Mensual,Starter,0
CLI-00059,19.0,224.44,1,11.0,49.1,Anual,Business,0
CLI-00060,15.0,506.71,1,97.0,39.8,Anual,Business,1
CLI-00061,6.0,454.25,0,63.0,53.2,Mensual,Starter,0
CLI-00062,9.0,616.32,0,9.0,47.0,Mensual,Business,0
CLI-00063,6.0,178.91,0,2.0,57.5,Mensual,Business,0
CLI-00064,2.0,979.29,0,5.0,45.5,Anual,Starter,0
CLI-00065,19.0,451.33,1,1.0,63.5,Mensual,Starter,0
CLI-00066,7.0,1555.88,2,6.0,74.1,Mensual,Starter,0
CLI-00067,8.0,555.47,2,16.0,28.9,Anual,Pro,0
CLI-00068,2.0,1170.2,1,7.0,80.9,Mensual,Starter,0
CLI-00069,15.0,2203.33,1,15.0,66.5,Mensual,Pro,0
CLI-00070,9.0,67.12,1,21.0,48.9,Mensual,Starter,0
CLI-00071,6.0,1108.83,1,4.0,30.9,Mensual,Business,0
CLI-00072,23.0,572.5,0,37.0,38.1,Anual,Starter,0
CLI-00073,11.0,743.83,0,48.0,82.6,Mensual,Business,0
CLI-00074,12.0,263.82,0,45.0,87.5,Mensual,Starter,0
CLI-00075,22.0,489.46,0,5.0,59.8,Anual,Business,0
CLI-00076,5.0,195.83,0,13.0,57.5,Anual,Starter,0
CLI-00077,23.0,670.04,1,31.0,34.2,Anual,Starter,0
CLI-00078,24.0,1031.06,0,35.0,56.9,Mensual,Starter,0
CLI-00079,14.0,678.18,0,22.0,100.0,Anual,Starter,0
CLI-00080,22.0,945.01,1,6.0,90.7,Mensual,Pro,0
CLI-00081,14.0,759.45,0,8.0,79.4,Mensual,Business,0
CLI-00082,5.0,830.34,0,5.0,82.5,Mensual,Business,0
CLI-00083,24.0,1234.18,0,28.0,44.6,Mensual,Starter,0
CLI-00084,16.0,519.95,1,6.0,64.6,Mensual,Starter,0
CLI-00085,21.0,511.1,1,2.0,30.0,Mensual,Starter,0
CLI-00086,40.0,346.43,0,16.0,66.5,Anual,Business,0
CLI-00087,3.0,531.77,2,11.0,60.4,Anual,Business,0
CLI-00088,11.0,1119.67,3,11.0,39.1,Anual,Starter,0
CLI-00089,29.0,467.31,3,12.0,55.4,Mensual,Starter,0
CLI-00090,6.0,380.93,1,34.0,65.7,Mensual,Starter,0
CLI-00091,14.0,642.82,1,16.0,85.2,Mensual,Business,0
CLI-00092,23.0,1219.22,1,3.0,61.9,Mensual,Starter,0
CLI-00093,29.0,523.65,0,100.0,55.8,Mensual,Business,1
CLI-00094,16.0,290.55,2,23.0,56.3,Mensual,Business,1
CLI-00095,3.0,731.03,0,3.0,63.0,Mensual,Pro,0
CLI-00096,4.0,325.74,1,14.0,72.5,Anual,Pro,0
CLI-00097,8.0,1060.88,0,18.0,48.9,Anual,Starter,0
CLI-00098,8.0,911.68,0,19.0,38.9,Mensual,Pro,0
CLI-00099,7.0,727.66,0,6.0,45.4,Anual,Starter,0
CLI-00100,3.0,401.42,1,14.0,81.8,Mensual,Pro,0
CLI-00101,12.0,1878.0,2,28.0,57.1,Mensual,Pro,0
CLI-00102,9.0,560.72,1,2.0,64.6,Mensual,Pro,0
CLI-00103,15.0,377.17,1,37.0,30.3,Anual,Starter,0
CLI-00104,3.0,1394.79,1,20.0,80.2,Mensual,Starter,0
CLI-00105,7.0,589.06,0,11.0,61.7,Anual,Pro,1
CLI-00106,18.0,935.04,2,15.0,45.5,Anual,Business,0
CLI-00107,21.0,428.44,1,4.0,53.5,Anual,Business,0
CLI-00108,28.0,676.52,1,10.0,58.8,Mensual,Starter,0
CLI-00109,21.0,351.03,1,13.0,94.2,Anual,Starter,0
CLI-00110,60.0,1157.31,1,3.0,34.1,Anual,Starter,0
CLI-00111,8.0,959.71,0,37.0,80.8,Mensual,Pro,0
CLI-00112,23.0,745.17,1,10.0,69.8,Mensual,Starter,0
CLI-00113,18.0,476.41,1,1.0,41.6,Mensual,Business,0
CLI-00114,51.0,583.55,0,16.0,53.7,Mensual,Business,0
CLI-00115,20.0,1021.36,0,25.0,70.3,Mensual,Business,0
CLI-00116,19.0,913.0,1,18.0,80.5,Mensual,Starter,0
CLI-00117,22.0,1162.43,0,13.0,33.2,Mensual,Business,0
CLI-00118,31.0,443.36,4,11.0,59.9,Mensual,Starter,0
CLI-00119,3.0,245.15,2,14.0,48.0,Mensual,Pro,1
CLI-00120,14.0,1419.64,1,34.0,50.0,Mensual,Starter,1
CLI-00121,12.0,676.65,2,5.0,39.3,Anual,Starter,0
CLI-00122,11.0,362.59,2,1.0,55.4,Anual,Starter,0
CLI-00123,25.0,834.05,1,28.0,50.6,Mensual,Pro,0
CLI-00124,17.0,563.3,3,45.0,69.2,Mensual,Pro,0
CLI-00125,1.0,581.05,1,6.0,57.8,Anual,Starter,0
CLI-00126,9.0,812.03,0,4.0,33.9,Anual,Pro,0
CLI-00127,2.0,262.33,0,45.0,100.0,Mensual,Pro,0
CLI-00128,37.0,605.88,0,22.0,24.0,Mensual,Pro,0
CLI-00129,15.0,108.96,1,7.0,37.9,Mensual,Pro,0
CLI-00130,41.0,456.23,4,2.0,86.1,Mensual,Pro,0
CLI-00131,17.0,491.86,1,13.0,79.8,Mensual,Pro,0
CLI-00132,13.0,792.59,1,5.0,71.6,Anual,Pro,0
CLI-00133,9.0,1356.03,3,2.0,55.6,Mensual,Starter,0
CLI-00134,16.0,1786.56,2,57.0,93.1,Anual,Starter,0
CLI-00135,42.0,1313.64,1,30.0,56.9,Mensual,Starter,0
CLI-00136,25.0,1137.15,3,16.0,56.8,Mensual,Starter,0
CLI-00137,37.0,972.61,3,34.0,38.0,Mensual,Starter,0
CLI-00138,2.0,536.81,0,6.0,51.7,Mensual,Starter,0
CLI-00139,9.0,2835.22,3,14.0,74.8,Mensual,Pro,0
CLI-00140,15.0,801.48,0,9.0,60.1,Mensual,Pro,0
CLI-00141,11.0,1035.83,2,11.0,41.1,Anual,Pro,0
CLI-00142,6.0,1185.68,1,6.0,86.3,Mensual,Starter,0
CLI-00143,13.0,1514.74,2,8.0,38.6,Anual,Pro,0
CLI-00144,10.0,764.16,0,22.0,21.2,Mensual,Pro,1
CLI-00145,13.0,617.08,1,12.0,58.9,Mensual,Pro,0
CLI-00146,13.0,651.68,1,9.0,58.7,Mensual,Pro,0
CLI-00147,7.0,1803.39,1,2.0,52.3,Mensual,Starter,0
CLI-00148,20.0,725.51,2,0.0,63.2,Anual,Business,0
CLI-00149,5.0,1301.79,1,22.0,38.6,Mensual,Starter,0
CLI-00150,46.0,675.05,1,19.0,66.2,Anual,Starter,0
CLI-00151,11.0,1934.11,0,17.0,30.5,Anual,Pro,0
CLI-00152,19.0,555.33,1,11.0,66.1,Mensual,Pro,0
CLI-00153,16.0,932.96,2,44.0,61.9,Mensual,Starter,0
CLI-00154,6.0,975.66,2,7.0,92.3,Mensual,Pro,0
CLI-00155,16.0,612.2,1,93.0,64.4,Mensual,Pro,1
CLI-00156,34.0,347.63,2,16.0,70.8,Anual,Pro,0
CLI-00157,1.0,872.33,1,9.0,73.4,Mensual,Business,0
CLI-00158,20.0,321.04,1,15.0,44.4,Mensual,Business,0
CLI-00159,49.0,400.15,0,26.0,72.5,Anual,Pro,0
CLI-00160,12.0,469.59,1,28.0,76.7,Anual,Business,0
CLI-00161,28.0,928.44,0,5.0,38.3,Anual,Starter,0
CLI-00162,27.0,1305.0,0,14.0,76.3,Anual,Starter,0
CLI-00163,14.0,571.12,1,2.0,59.3,Mensual,Business,0
CLI-00164,22.0,1048.89,1,19.0,55.5,Anual,Pro,0
CLI-00165,15.0,1259.0,1,5.0,28.7,Mensual,Pro,0
CLI-00166,21.0,852.77,2,18.0,73.0,Mensual,Pro,0
CLI-00167,8.0,996.7,1,17.0,27.3,Mensual,Pro,1
CLI-00168,21.0,977.12,2,12.0,100.0,Mensual,Business,0
CLI-00169,24.0,1863.62,1,24.0,78.2,Mensual,Starter,1
CLI-00170,23.0,1092.53,1,19.0,70.0,Mensual,Pro,0
CLI-00171,9.0,623.18,0,27.0,96.2,Mensual,Pro,0
CLI-00172,6.0,1669.11,0,12.0,100.0,Mensual,Business,0
CLI-00173,24.0,1019.62,1,1.0,87.0,Mensual,Starter,0
CLI-00174,13.0,192.05,0,12.0,63.0,Anual,Pro,0
CLI-00175,41.0,2957.15,2,69.0,69.4,Anual,Starter,0
CLI-00176,22.0,591.2,4,3.0,45.5,Anual,Pro,0
CLI-00177,11.0,1960.89,2,11.0,86.1,Mensual,Pro,0
CLI-00178,53.0,992.25,1,62.0,49.2,Mensual,Pro,1
CLI-00179,35.0,531.06,1,56.0,55.0,Mensual,Starter,0
CLI-00180,9.0,1777.3,1,15.0,35.4,Mensual,Business,1
CLI-00181,49.0,1018.72,0,13.0,36.1,Anual,Starter,0
CLI-00182,5.0,1413.95,1,66.0,52.2,Mensual,Starter,0
CLI-00183,24.0,936.82,0,0.0,68.3,Anual,Pro,0
CLI-00184,9.0,704.95,1,1.0,61.0,Mensual,Pro,0
CLI-00185,8.0,796.6,0,14.0,55.3,Mensual,Business,0
CLI-00186,16.0,975.32,2,26.0,36.2,Anual,Starter,0
CLI-00187,20.0,790.3,0,19.0,44.7,Mensual,Starter,0
CLI-00188,10.0,683.8,3,15.0,33.6,Mensual,Pro,0
CLI-00189,37.0,765.96,0,33.0,42.0,Mensual,Starter,0
CLI-00190,22.0,735.96,1,18.0,42.9,Anual,Business,0
CLI-00191,30.0,481.82,0,12.0,96.4,Mensual,Pro,0
CLI-00192,8.0,930.04,4,9.0,78.3,Anual,Pro,0
CLI-00193,30.0,1410.17,1,28.0,43.0,Anual,Starter,0
CLI-00194,5.0,1232.75,2,6.0,48.1,Mensual,Starter,0
CLI-00195,37.0,630.18,2,6.0,33.4,Anual,Starter,0
CLI-00196,4.0,749.03,2,0.0,95.4,Mensual,Starter,0
CLI-00197,7.0,871.34,0,3.0,56.1,Mensual,Starter,0
CLI-00198,6.0,242.97,2,46.0,59.3,Mensual,Business,0
CLI-00199,9.0,820.66,3,1.0,58.1,Mensual,Starter,0
CLI-00200,3.0,686.56,2,11.0,63.9,Anual,Pro,1
CLI-00201,2.0,371.89,0,13.0,86.5,Mensual,Pro,0
CLI-00202,10.0,1308.76,0,29.0,64.7,Anual,Pro,0
CLI-00203,21.0,643.14,3,30.0,84.4,Mensual,Pro,0
CLI-00204,17.0,317.75,2,9.0,81.3,Mensual,Starter,0
CLI-00205,14.0,2067.62,3,1.0,37.1,Anual,Business,0
CLI-00206,17.0,1383.81,0,31.0,48.9,Mensual,Pro,1
CLI-00207,3.0,769.91,1,29.0,69.5,Anual,Starter,0
CLI-00208,20.0,407.19,1,6.0,79.6,Mensual,Pro,0
CLI-00209,18.0,982.94,2,13.0,79.6,Anual,Starter,0
CLI-00210,40.0,616.04,2,7.0,70.3,Mensual,Pro,0
CLI-00211,22.0,699.84,1,21.0,87.0,Anual,Pro,0
CLI-00212,31.0,784.74,1,14.0,64.9,Anual,Pro,0
CLI-00213,9.0,1062.23,0,18.0,90.8,Mensual,Pro,0
CLI-00214,4.0,1241.59,3,9.0,60.1,Anual,Business,0
CLI-00215,26.0,531.54,2,13.0,72.9,Anual,Starter,0
CLI-00216,14.0,1107.3,1,17.0,83.8,Mensual,Business,0
CLI-00217,24.0,1298.4,1,12.0,76.2,Mensual,Starter,0
CLI-00218,52.0,502.64,3,4.0,70.6,Mensual,Pro,0
CLI-00219,38.0,1050.84,2,29.0,68.2,Mensual,Business,0
CLI-00220,22.0,1310.49,3,21.0,31.4,Mensual,Starter,1
CLI-00221,13.0,1541.6,1,44.0,67.5,Mensual,Starter,0
CLI-00222,23.0,574.96,2,4.0,77.4,Mensual,Starter,0
CLI-00223,13.0,1666.67,1,7.0,70.4,Mensual,Business,0
CLI-00224,6.0,1485.3,2,2.0,76.1,Mensual,Pro,0
CLI-00225,27.0,1260.49,2,32.0,75.8,Anual,Starter,0
CLI-00226,20.0,744.64,1,3.0,72.9,Anual,Business,0
CLI-00227,2.0,970.56,0,9.0,78.9,Mensual,Starter,0
CLI-00228,34.0,265.97,2,8.0,67.3,Mensual,Pro,0
CLI-00229,39.0,822.94,0,7.0,69.8,Anual,Business,0
CLI-00230,7.0,686.83,1,15.0,31.1,Mensual,Starter,0
CLI-00231,6.0,194.1,0,40.0,47.5,Anual,Starter,0
CLI-00232,9.0,650.47,2,5.0,42.3,Anual,Starter,0
CLI-00233,10.0,609.87,0,13.0,87.7,Mensual,Pro,0
CLI-00234,8.0,327.27,1,16.0,49.9,Mensual,Business,0
CLI-00235,21.0,686.47,2,14.0,56.0,Mensual,Pro,0
CLI-00236,17.0,616.91,0,30.0,91.4,Mensual,Starter,0
CLI-00237,54.0,915.18,1,7.0,67.2,Mensual,Pro,0
CLI-00238,5.0,343.3,3,52.0,59.7,Mensual,Business,0
CLI-00239,8.0,607.52,1,26.0,91.1,Anual,Pro,0
CLI-00240,14.0,546.08,1,23.0,79.3,Mensual,Pro,0
CLI-00241,10.0,701.33,1,1.0,69.2,Anual,Starter,0
CLI-00242,24.0,2298.48,1,4.0,59.7,Mensual,Pro,0
CLI-00243,18.0,1138.87,2,2.0,24.0,Anual,Pro,0
CLI-00244,9.0,1113.11,0,55.0,43.7,Mensual,Pro,0
CLI-00245,26.0,663.68,0,77.0,57.9,Mensual,Starter,0
CLI-00246,25.0,1055.4,4,33.0,53.1,Mensual,Starter,1
CLI-00247,31.0,151.28,0,5.0,50.7,Mensual,Business,0
CLI-00248,7.0,827.2,2,34.0,56.4,Mensual,Pro,0
CLI-00249,19.0,309.66,3,14.0,70.5,Mensual,Pro,0
CLI-00250,15.0,333.72,0,30.0,52.6,Mensual,Business,0
CLI-00251,10.0,439.71,1,8.0,71.6,Anual,Pro,0
CLI-00252,29.0,1154.66,0,18.0,63.4,Anual,Pro,0
CLI-00253,47.0,423.55,0,26.0,76.9,Mensual,Starter,0
CLI-00254,43.0,613.09,0,11.0,40.0,Mensual,Business,0
CLI-00255,6.0,1829.92,1,8.0,68.5,Anual,Pro,0
CLI-00256,32.0,974.74,1,3.0,66.5,Anual,Starter,0
CLI-00257,19.0,342.58,1,53.0,48.1,Mensual,Starter,0
CLI-00258,7.0,401.87,0,34.0,59.9,Anual,Pro,0
CLI-00259,31.0,170.39,2,38.0,64.7,Mensual,Pro,0
CLI-00260,14.0,724.65,1,2.0,57.0,Anual,Pro,0
CLI-00261,15.0,613.96,0,6.0,73.4,Anual,Starter,0
CLI-00262,29.0,471.76,0,1.0,45.3,Anual,Starter,0
CLI-00263,18.0,745.54,0,13.0,64.7,Mensual,Starter,0
CLI-00264,5.0,515.48,0,33.0,79.5,Anual,Business,0
CLI-00265,7.0,380.41,0,10.0,42.5,Anual,Starter,0
CLI-00266,9.0,1286.13,0,5.0,100.0,Mensual,Starter,0
CLI-00267,13.0,1166.34,0,2.0,78.7,Anual,Pro,0
CLI-00268,22.0,338.54,0,84.0,39.8,Anual,Business,1
CLI-00269,17.0,539.1,0,17.0,56.2,Mensual,Starter,0
CLI-00270,5.0,379.43,0,4.0,66.0,Anual,Business,0
CLI-00271,3.0,877.01,0,27.0,65.8,Mensual,Starter,1
CLI-00272,12.0,862.35,2,46.0,68.1,Mensual,Starter,0
CLI-00273,23.0,771.41,1,2.0,55.5,Anual,Business,0
CLI-00274,5.0,1587.37,2,7.0,15.9,Anual,Pro,0
CLI-00275,16.0,2008.35,2,5.0,94.6,Anual,Pro,0
CLI-00276,60.0,1883.35,0,16.0,39.3,Mensual,Pro,0
CLI-00277,7.0,331.57,1,9.0,83.8,Anual,Starter,0
CLI-00278,34.0,346.73,0,48.0,63.3,Mensual,Starter,0
CLI-00279,12.0,358.21,1,8.0,6.6,Anual,Pro,0
CLI-00280,17.0,534.48,1,14.0,53.6,Anual,Starter,0
CLI-00281,7.0,782.12,1,9.0,99.5,Mensual,Starter,0
CLI-00282,48.0,594.12,0,12.0,69.6,Anual,Pro,0
CLI-00283,3.0,2398.64,3,3.0,51.0,Mensual,Pro,0
CLI-00284,10.0,1050.17,1,7.0,76.7,Mensual,Pro,0
CLI-00285,17.0,480.33,0,3.0,31.9,Anual,Starter,0
CLI-00286,7.0,1614.07,3,50.0,52.2,Mensual,Pro,0
CLI-00287,4.0,1408.56,1,23.0,50.7,Mensual,Starter,0
CLI-00288,60.0,1059.91,0,13.0,69.8,Anual,Starter,0
CLI-00289,13.0,217.5,2,27.0,62.2,Mensual,Starter,0
CLI-00290,28.0,1014.35,0,26.0,47.5,Mensual,Pro,1
CLI-00291,39.0,550.98,0,9.0,59.9,Mensual,Starter,0
CLI-00292,12.0,1182.62,1,21.0,91.2,Anual,Pro,0
CLI-00293,10.0,651.82,2,10.0,62.4,Anual,Business,0
CLI-00294,2.0,578.34,1,15.0,65.6,Mensual,Business,0
CLI-00295,39.0,1931.38,1,18.0,69.0,Mensual,Business,0
CLI-00296,33.0,1291.39,1,15.0,100.0,Mensual,Business,0
CLI-00297,18.0,260.3,2,0.0,73.2,Mensual,Business,0
CLI-00298,60.0,276.29,1,18.0,77.2,Anual,Business,0
CLI-00299,6.0,200.79,0,12.0,45.0,Anual,Starter,0
CLI-00300,37.0,2106.46,2,23.0,49.2,Mensual,Pro,0
CLI-00301,8.0,2229.52,1,49.0,57.8,Mensual,Starter,0
CLI-00302,3.0,1220.21,2,16.0,74.5,Mensual,Pro,0
CLI-00303,15.0,1399.86,1,10.0,69.5,Mensual,Pro,0
CLI-00304,3.0,1636.03,0,15.0,100.0,Mensual,Pro,0
CLI-00305,13.0,1009.09,1,30.0,43.9,Anual,Starter,0
CLI-00306,7.0,1157.99,1,11.0,66.5,Anual,Starter,0
CLI-00307,9.0,208.3,1,11.0,69.2,Mensual,Pro,0
CLI-00308,7.0,895.98,0,80.0,100.0,Mensual,Starter,0
CLI-00309,9.0,967.14,2,30.0,55.5,Mensual,Business,0
CLI-00310,32.0,782.18,1,14.0,76.1,Mensual,Business,0
CLI-00311,29.0,667.5,0,8.0,50.4,Mensual,Pro,0
CLI-00312,15.0,785.52,2,19.0,45.8,Mensual,Starter,0
CLI-00313,9.0,268.15,0,11.0,57.7,Mensual,Pro,0
CLI-00314,15.0,604.93,0,20.0,54.1,Mensual,Business,0
CLI-00315,7.0,548.89,3,12.0,25.1,Anual,Pro,0
CLI-00316,28.0,519.32,1,11.0,59.2,Anual,Starter,0
CLI-00317,18.0,2228.42,1,13.0,42.7,Anual,Pro,0
CLI-00318,15.0,941.32,0,31.0,52.5,Anual,Pro,0
CLI-00319,16.0,273.09,2,6.0,69.5,Mensual,Pro,0
CLI-00320,1.0,652.06,2,17.0,67.6,Anual,Starter,0
CLI-00321,4.0,1015.13,0,46.0,43.4,Anual,Pro,0
CLI-00322,8.0,1116.42,4,2.0,42.7,Anual,Business,0
CLI-00323,29.0,596.97,2,4.0,44.7,Anual,Pro,0
CLI-00324,9.0,247.18,1,15.0,62.0,Anual,Business,0
CLI-00325,25.0,392.8,1,6.0,70.0,Mensual,Pro,0
CLI-00326,20.0,959.66,2,10.0,77.3,Mensual,Starter,0
CLI-00327,14.0,1041.43,0,69.0,46.7,Mensual,Starter,0
CLI-00328,5.0,389.34,0,6.0,29.4,Mensual,Starter,0
CLI-00329,3.0,911.7,1,16.0,38.6,Mensual,Starter,0
CLI-00330,12.0,1746.34,2,66.0,40.6,Anual,Starter,1
CLI-00331,28.0,335.53,2,21.0,59.5,Mensual,Business,0
CLI-00332,2.0,1072.53,1,0.0,37.0,Mensual,Business,0
CLI-00333,60.0,156.04,1,1.0,55.7,Anual,Starter,0
CLI-00334,13.0,1234.05,0,2.0,33.0,Anual,Pro,0
CLI-00335,58.0,526.78,1,3.0,97.1,Anual,Starter,0
CLI-00336,9.0,742.75,0,30.0,66.6,Mensual,Starter,0
CLI-00337,3.0,1067.27,0,47.0,55.5,Mensual,Pro,0
CLI-00338,3.0,620.8,0,27.0,48.4,Mensual,Starter,0
CLI-00339,22.0,677.82,1,23.0,47.4,Mensual,Starter,0
CLI-00340,6.0,267.36,1,16.0,69.0,Mensual,Pro,0
CLI-00341,16.0,2065.81,0,35.0,53.3,Mensual,Business,0
CLI-00342,10.0,298.09,1,13.0,49.9,Mensual,Pro,0
CLI-00343,11.0,795.17,1,19.0,42.9,Anual,Pro,0
CLI-00344,3.0,1940.32,0,1.0,36.3,Anual,Starter,0
CLI-00345,25.0,708.55,1,22.0,66.1,Mensual,Pro,0
CLI-00346,4.0,758.78,0,24.0,66.6,Anual,Pro,0
CLI-00347,4.0,1330.67,0,38.0,66.4,Mensual,Pro,0
CLI-00348,5.0,762.45,1,4.0,72.4,Mensual,Pro,0
CLI-00349,4.0,585.1,1,45.0,64.8,Anual,Pro,0
CLI-00350,20.0,532.7,1,16.0,91.0,Mensual,Starter,0
CLI-00351,21.0,1220.56,2,78.0,22.9,Mensual,Starter,1
CLI-00352,19.0,533.27,0,7.0,66.9,Mensual,Pro,0
CLI-00353,13.0,2428.41,0,19.0,73.1,Mensual,Pro,0
CLI-00354,9.0,455.88,3,44.0,79.8,Mensual,Pro,0
CLI-00355,48.0,453.19,4,8.0,59.8,Mensual,Starter,0
CLI-00356,10.0,1203.44,0,11.0,90.9,Mensual,Pro,0
CLI-00357,8.0,904.03,0,4.0,88.9,Mensual,Starter,0
CLI-00358,5.0,1437.13,2,16.0,64.4,Mensual,Starter,0
CLI-00359,18.0,832.37,3,11.0,40.3,Anual,Pro,0
CLI-00360,20.0,864.6,0,8.0,61.3,Mensual,Starter,0
CLI-00361,14.0,909.79,1,48.0,85.3,Mensual,Starter,0
CLI-00362,13.0,915.41,2,2.0,61.8,Mensual,Pro,0
CLI-00363,23.0,1025.34,4,29.0,100.0,Mensual,Starter,0
CLI-00364,19.0,704.17,0,27.0,43.8,Mensual,Starter,0
CLI-00365,19.0,565.04,2,16.0,57.3,Anual,Business,0
CLI-00366,4.0,542.84,1,4.0,68.2,Mensual,Starter,0
CLI-00367,36.0,415.44,1,1.0,72.2,Anual,Pro,0
CLI-00368,13.0,159.13,0,2.0,43.5,Mensual,Business,0
CLI-00369,51.0,1122.44,0,15.0,71.3,Mensual,Business,0
CLI-00370,7.0,716.51,2,65.0,50.7,Anual,Pro,0
CLI-00371,45.0,1372.81,4,5.0,76.1,Mensual,Business,0
CLI-00372,12.0,690.22,0,26.0,45.4,Anual,Pro,0
CLI-00373,30.0,622.8,3,18.0,71.5,Mensual,Starter,0
CLI-00374,25.0,364.43,2,9.0,42.3,Mensual,Business,0
CLI-00375,4.0,778.08,1,15.0,32.6,Mensual,Starter,0
CLI-00376,6.0,610.15,1,25.0,52.3,Anual,Starter,0
CLI-00377,14.0,590.94,2,54.0,65.1,Mensual,Starter,0
CLI-00378,22.0,526.67,2,10.0,49.8,Mensual,Pro,0
CLI-00379,19.0,790.1,1,0.0,58.9,Mensual,Pro,0
CLI-00380,18.0,390.15,0,12.0,40.4,Mensual,Pro,0
CLI-00381,21.0,912.23,1,17.0,80.9,Mensual,Pro,0
CLI-00382,14.0,604.53,1,18.0,88.3,Mensual,Starter,0
CLI-00383,12.0,597.79,3,16.0,67.4,Mensual,Pro,0
CLI-00384,4.0,445.3,0,1.0,49.8,Anual,Starter,0
CLI-00385,30.0,525.34,0,20.0,48.9,Mensual,Business,0
CLI-00386,29.0,1264.21,1,7.0,79.7,Mensual,Starter,0
CLI-00387,49.0,369.02,2,22.0,79.4,Mensual,Business,1
CLI-00388,23.0,422.29,3,25.0,64.8,Mensual,Starter,0
CLI-00389,7.0,1560.97,0,3.0,61.9,Mensual,Pro,0
CLI-00390,8.0,1051.93,0,15.0,57.0,Mensual,Pro,0
CLI-00391,17.0,361.86,1,23.0,31.2,Anual,Starter,0
CLI-00392,18.0,1363.99,3,3.0,76.6,Anual,Starter,0
CLI-00393,54.0,249.53,2,37.0,73.4,Anual,Starter,0
CLI-00394,8.0,1006.91,0,24.0,61.5,Mensual,Starter,0
CLI-00395,16.0,932.89,0,8.0,65.1,Anual,Pro,0
CLI-00396,18.0,549.12,1,6.0,89.8,Mensual,Business,0
CLI-00397,19.0,662.54,1,0.0,53.4,Mensual,Starter,0
CLI-00398,36.0,1921.64,2,1.0,86.9,Anual,Starter,0
CLI-00399,17.0,1022.05,4,10.0,94.0,Anual,Pro,0
CLI-00400,31.0,1349.68,0,27.0,31.1,Mensual,Starter,0
CLI-00401,28.0,598.44,1,25.0,50.9,Mensual,Starter,1
CLI-00402,23.0,1095.45,1,18.0,67.5,Mensual,Business,0
CLI-00403,22.0,661.18,0,10.0,46.9,Anual,Starter,0
CLI-00404,22.0,562.25,0,1.0,49.2,Mensual,Pro,0
CLI-00405,13.0,514.33,1,10.0,43.4,Mensual,Business,0
CLI-00406,29.0,1224.31,1,63.0,19.5,Mensual,Business,1
CLI-00407,7.0,1065.47,0,30.0,53.2,Mensual,Business,0
CLI-00408,24.0,318.49,1,11.0,62.8,Mensual,Business,0
CLI-00409,15.0,662.13,0,40.0,84.8,Mensual,Starter,0
CLI-00410,6.0,1766.28,1,1.0,74.5,Mensual,Business,0
CLI-00411,29.0,516.29,0,7.0,39.9,Mensual,Business,0
CLI-00412,15.0,455.88,0,38.0,51.2,Anual,Starter,0
CLI-00413,14.0,156.45,2,10.0,63.6,Mensual,Starter,0
CLI-00414,11.0,1504.94,2,14.0,67.2,Anual,Pro,0
CLI-00415,24.0,1157.02,1,18.0,63.7,Anual,Business,0
CLI-00416,7.0,228.91,1,4.0,64.0,Anual,Starter,0
CLI-00417,16.0,994.54,1,0.0,53.1,Mensual,Starter,0
CLI-00418,29.0,1000.04,0,19.0,65.4,Mensual,Pro,0
CLI-00419,9.0,726.05,0,6.0,61.7,Mensual,Starter,0
CLI-00420,22.0,1253.28,2,20.0,26.8,Mensual,Starter,0
CLI-00421,12.0,1200.07,1,10.0,74.7,Anual,Starter,0
CLI-00422,7.0,1163.67,1,7.0,61.7,Mensual,Starter,0
CLI-00423,15.0,287.64,0,8.0,50.1,Mensual,Starter,0
CLI-00424,20.0,271.02,1,16.0,67.2,Mensual,Pro,0
CLI-00425,32.0,592.06,1,5.0,69.3,Mensual,Starter,0
CLI-00426,19.0,1433.93,0,39.0,70.3,Mensual,Pro,0
CLI-00427,10.0,250.39,0,12.0,38.3,Mensual,Starter,0
CLI-00428,18.0,954.47,1,27.0,51.4,Anual,Business,1
CLI-00429,14.0,201.71,2,60.0,51.5,Anual,Starter,0
CLI-00430,37.0,2098.79,1,50.0,48.9,Anual,Business,0
CLI-00431,12.0,1241.47,0,25.0,71.7,Mensual,Pro,0
CLI-00432,5.0,81.09,1,5.0,72.5,Mensual,Starter,0
CLI-00433,9.0,567.75,0,29.0,81.7,Anual,Business,0
CLI-00434,15.0,106.79,1,15.0,63.8,Mensual,Starter,0
CLI-00435,17.0,226.68,1,10.0,78.5,Anual,Pro,0
CLI-00436,50.0,1124.42,2,1.0,38.3,Anual,Pro,0
CLI-00437,37.0,630.82,1,35.0,77.1,Anual,Starter,0
CLI-00438,2.0,444.98,1,9.0,37.2,Anual,Business,0
CLI-00439,14.0,587.01,2,15.0,54.5,Anual,Starter,0
CLI-00440,21.0,697.99,1,0.0,93.2,Mensual,Starter,0
CLI-00441,1.0,1095.16,2,31.0,60.9,Anual,Business,0
CLI-00442,6.0,1066.54,2,30.0,45.7,Mensual,Pro,0
CLI-00443,15.0,791.69,5,15.0,73.1,Mensual,Pro,0
CLI-00444,10.0,820.84,3,21.0,68.2,Mensual,Starter,0
CLI-00445,17.0,1176.72,0,1.0,27.7,Anual,Pro,0
CLI-00446,3.0,1059.01,2,5.0,77.0,Anual,Pro,0
CLI-00447,21.0,328.78,1,8.0,67.7,Anual,Starter,0
CLI-00448,32.0,1369.58,2,10.0,58.9,Anual,Pro,0
CLI-00449,6.0,545.87,3,58.0,33.9,Mensual,Pro,1
CLI-00450,42.0,434.76,1,5.0,56.1,Mensual,Starter,0
CLI-00451,5.0,808.03,0,2.0,100.0,Anual,Business,0
CLI-00452,10.0,904.65,2,34.0,63.1,Mensual,Pro,1
CLI-00453,15.0,465.28,0,32.0,79.5,Mensual,Starter,0
CLI-00454,17.0,497.31,1,8.0,54.9,Anual,Business,0
CLI-00455,20.0,662.11,1,2.0,93.2,Mensual,Pro,0
CLI-00456,8.0,270.66,4,19.0,68.7,Mensual,Pro,0
CLI-00457,7.0,461.64,2,13.0,97.7,Anual,Starter,0
CLI-00458,7.0,1647.0,1,7.0,63.7,Mensual,Starter,0
CLI-00459,36.0,1501.1,0,19.0,69.1,Mensual,Starter,0
CLI-00460,39.0,1637.74,1,10.0,98.9,Mensual,Starter,0
CLI-00461,20.0,661.66,1,40.0,42.2,Mensual,Starter,1
CLI-00462,29.0,1265.77,0,31.0,88.2,Anual,Starter,0
CLI-00463,15.0,1030.38,2,16.0,76.7,Anual,Business,0
CLI-00464,21.0,634.7,0,33.0,100.0,Anual,Pro,0
CLI-00465,12.0,591.06,2,5.0,39.6,Mensual,Starter,0
CLI-00466,20.0,739.31,2,32.0,77.9,Mensual,Pro,0
CLI-00467,36.0,641.65,1,9.0,88.2,Mensual,Starter,0
CLI-00468,17.0,410.56,2,6.0,61.9,Mensual,Starter,0
CLI-00469,26.0,1482.18,2,20.0,66.7,Mensual,Pro,0
CLI-00470,4.0,476.88,0,0.0,67.5,Mensual,Starter,0
CLI-00471,18.0,594.37,0,3.0,49.6,Anual,Pro,0
CLI-00472,7.0,294.28,1,103.0,82.8,Anual,Starter,0
CLI-00473,7.0,1377.24,4,51.0,47.3,Mensual,Pro,1
CLI-00474,15.0,604.58,4,1.0,100.0,Mensual,Pro,0
CLI-00475,18.0,2149.32,1,2.0,22.7,Anual,Starter,0
CLI-00476,19.0,841.58,1,22.0,73.9,Mensual,Starter,0
CLI-00477,20.0,181.69,0,40.0,48.8,Anual,Starter,0
CLI-00478,3.0,1219.29,2,29.0,55.7,Mensual,Starter,0
CLI-00479,15.0,872.47,2,18.0,64.4,Anual,Starter,0
CLI-00480,14.0,759.27,1,14.0,83.9,Mensual,Pro,0
CLI-00481,30.0,485.95,0,6.0,81.6,Mensual,Starter,0
CLI-00482,2.0,1566.83,2,62.0,60.7,Anual,Starter,0
CLI-00483,8.0,826.44,1,2.0,45.5,Mensual,Pro,0
CLI-00484,23.0,616.42,0,67.0,67.8,Mensual,Business,0
CLI-00485,10.0,941.98,1,43.0,70.7,Anual,Starter,0
CLI-00486,24.0,743.66,1,19.0,50.3,Mensual,Starter,0
CLI-00487,12.0,1040.24,0,52.0,55.9,Mensual,Business,0
CLI-00488,19.0,505.99,0,1.0,80.7,Anual,Pro,0
CLI-00489,22.0,615.64,0,40.0,62.3,Mensual,Starter,0
CLI-00490,8.0,612.48,2,15.0,53.6,Anual,Business,0
CLI-00491,29.0,1362.04,2,43.0,53.2,Anual,Starter,0
CLI-00492,17.0,1228.79,0,1.0,49.0,Anual,Starter,0
CLI-00493,20.0,1023.68,0,1.0,63.2,Mensual,Starter,0
CLI-00494,7.0,707.13,1,21.0,66.4,Mensual,Business,1
CLI-00495,25.0,1607.77,3,4.0,67.1,Mensual,Starter,0
CLI-00496,32.0,904.95,1,7.0,95.6,Anual,Business,0
CLI-00497,52.0,598.04,1,12.0,53.3,Anual,Pro,0
CLI-00498,12.0,770.95,0,31.0,57.7,Mensual,Pro,0
CLI-00499,23.0,2439.57,0,11.0,13.8,Mensual,Pro,1
CLI-00500,21.0,1977.29,0,16.0,84.8,Mensual,Starter,0
CLI-00501,28.0,259.66,1,33.0,85.5,Mensual,Pro,0
CLI-00502,8.0,409.73,1,23.0,42.6,Anual,Starter,0
CLI-00503,16.0,595.52,1,33.0,84.5,Mensual,Starter,0
CLI-00504,6.0,786.24,0,11.0,96.8,Anual,Starter,0
CLI-00505,40.0,1388.37,2,15.0,93.2,Mensual,Pro,0
CLI-00506,47.0,299.44,1,2.0,67.4,Mensual,Pro,0
CLI-00507,21.0,1225.56,2,5.0,89.9,Mensual,Pro,0
CLI-00508,11.0,1033.37,1,23.0,28.0,Anual,Pro,0
CLI-00509,10.0,440.33,1,28.0,88.0,Anual,Pro,0
CLI-00510,17.0,724.21,2,21.0,95.3,Anual,Starter,0
CLI-00511,9.0,672.49,0,32.0,63.8,Mensual,Pro,0
CLI-00512,15.0,3053.01,3,11.0,100.0,Mensual,Pro,0
CLI-00513,9.0,158.43,2,0.0,54.9,Anual,Pro,0
CLI-00514,6.0,697.7,0,5.0,17.8,Anual,Business,0
CLI-00515,5.0,575.47,0,16.0,60.0,Mensual,Pro,0
CLI-00516,11.0,837.66,2,0.0,100.0,Mensual,Starter,0
CLI-00517,11.0,820.4,2,8.0,54.4,Mensual,Starter,0
CLI-00518,25.0,885.39,1,26.0,44.3,Mensual,Pro,1
CLI-00519,9.0,491.44,0,15.0,42.7,Mensual,Business,0
CLI-00520,5.0,785.25,0,32.0,63.6,Mensual,Pro,0
CLI-00521,16.0,891.12,1,26.0,70.5,Mensual,Business,0
CLI-00522,43.0,11.11,0,18.0,72.8,Mensual,Pro,0
CLI-00523,7.0,273.83,0,13.0,100.0,Mensual,Business,0
CLI-00524,23.0,2346.17,1,36.0,100.0,Mensual,Business,0
CLI-00525,7.0,302.13,1,2.0,57.9,Anual,Starter,0
CLI-00526,27.0,1239.84,0,15.0,65.1,Mensual,Starter,0
CLI-00527,8.0,1636.77,0,8.0,45.7,Mensual,Business,0
CLI-00528,16.0,448.04,1,31.0,15.6,Anual,Starter,0
CLI-00529,6.0,296.91,2,11.0,64.0,Mensual,Business,0
CLI-00530,12.0,1827.03,1,62.0,77.6,Anual,Starter,0
CLI-00531,6.0,1711.33,1,10.0,48.3,Anual,Business,0
CLI-00532,9.0,1983.67,1,0.0,100.0,Mensual,Starter,0
CLI-00533,23.0,809.92,4,18.0,61.9,Mensual,Starter,0
CLI-00534,15.0,1146.68,0,11.0,78.2,Mensual,Starter,0
CLI-00535,11.0,1106.88,0,55.0,48.6,Mensual,Starter,0
CLI-00536,4.0,139.52,0,2.0,82.1,Anual,Starter,0
CLI-00537,9.0,293.44,1,30.0,46.0,Mensual,Pro,1
CLI-00538,11.0,403.5,1,0.0,69.9,Mensual,Business,0
CLI-00539,24.0,453.87,2,13.0,76.8,Anual,Business,0
CLI-00540,10.0,553.19,1,26.0,83.8,Mensual,Pro,0
CLI-00541,9.0,730.3,1,7.0,63.3,Mensual,Starter,0
CLI-00542,32.0,273.13,1,14.0,93.4,Anual,Starter,0
CLI-00543,9.0,123.09,1,33.0,54.1,Mensual,Pro,0
CLI-00544,3.0,159.58,3,13.0,63.2,Mensual,Starter,0
CLI-00545,8.0,289.4,2,39.0,43.0,Mensual,Business,1
CLI-00546,15.0,872.02,1,27.0,96.1,Anual,Business,0
CLI-00547,25.0,1048.66,1,18.0,57.7,Anual,Starter,0
CLI-00548,5.0,307.07,0,9.0,74.0,Mensual,Starter,0
CLI-00549,29.0,662.15,2,41.0,54.4,Anual,Business,0
CLI-00550,23.0,1513.88,1,33.0,58.0,Mensual,Business,0
CLI-00551,23.0,418.45,1,50.0,60.7,Mensual,Business,0
CLI-00552,13.0,351.49,1,12.0,86.7,Mensual,Business,0
CLI-00553,8.0,144.34,3,17.0,27.9,Mensual,Starter,1
CLI-00554,17.0,544.99,1,6.0,43.0,Anual,Business,0
CLI-00555,30.0,849.72,1,2.0,70.0,Mensual,Business,0
CLI-00556,5.0,482.33,2,52.0,37.3,Anual,Starter,0
CLI-00557,4.0,304.76,0,12.0,66.6,Mensual,Starter,0
CLI-00558,2.0,820.65,0,44.0,46.9,Mensual,Starter,0
CLI-00559,6.0,1319.12,0,47.0,32.6,Mensual,Starter,1
CLI-00560,6.0,496.62,0,20.0,51.1,Mensual,Starter,0
CLI-00561,2.0,279.5,1,6.0,79.5,Anual,Pro,0
CLI-00562,15.0,664.45,0,3.0,47.9,Mensual,Starter,0
CLI-00563,17.0,1034.06,2,6.0,54.1,Mensual,Starter,0
CLI-00564,33.0,484.09,1,5.0,51.7,Mensual,Starter,0
CLI-00565,33.0,1505.76,0,5.0,70.1,Anual,Pro,0
CLI-00566,5.0,770.98,1,28.0,52.8,Mensual,Starter,0
CLI-00567,19.0,1908.9,4,4.0,100.0,Anual,Starter,0
CLI-00568,29.0,1173.58,0,17.0,67.2,Anual,Business,0
CLI-00569,31.0,406.26,1,11.0,68.3,Mensual,Pro,0
CLI-00570,18.0,413.21,0,1.0,45.1,Anual,Pro,0
CLI-00571,11.0,243.77,3,22.0,58.8,Mensual,Starter,1
CLI-00572,45.0,1103.02,1,25.0,67.1,Anual,Business,0
CLI-00573,12.0,778.07,3,15.0,31.0,Anual,Starter,0
CLI-00574,29.0,637.83,1,16.0,66.5,Mensual,Starter,0
CLI-00575,15.0,1422.68,3,39.0,65.9,Mensual,Business,0
CLI-00576,8.0,161.05,1,1.0,77.2,Mensual,Starter,0
CLI-00577,39.0,558.9,0,5.0,33.8,Anual,Pro,0
CLI-00578,39.0,665.94,1,10.0,64.0,Mensual,Business,0
CLI-00579,25.0,693.61,0,1.0,63.2,Mensual,Pro,0
CLI-00580,12.0,877.0,0,24.0,54.4,Mensual,Pro,0
CLI-00581,26.0,383.53,1,28.0,64.5,Anual,Pro,0
CLI-00582,26.0,258.16,0,17.0,47.7,Anual,Pro,0
CLI-00583,22.0,516.16,2,17.0,52.7,Mensual,Business,0
CLI-00584,25.0,441.73,1,35.0,30.9,Anual,Starter,0
CLI-00585,38.0,784.28,1,41.0,70.0,Mensual,Starter,0
CLI-00586,9.0,1182.39,0,40.0,78.5,Mensual,Pro,0
CLI-00587,8.0,285.02,1,44.0,93.1,Anual,Pro,0
CLI-00588,2.0,1811.58,1,0.0,57.5,Mensual,Pro,0
CLI-00589,1.0,1770.22,1,1.0,28.2,Mensual,Starter,0
CLI-00590,27.0,1352.29,2,8.0,72.2,Anual,Starter,0
CLI-00591,51.0,458.68,1,60.0,80.8,Mensual,Business,1
CLI-00592,24.0,1464.41,2,22.0,63.3,Anual,Pro,0
CLI-00593,23.0,1909.69,1,5.0,57.1,Mensual,Pro,0
CLI-00594,46.0,830.28,3,5.0,64.4,Anual,Starter,0
CLI-00595,36.0,482.81,1,4.0,100.0,Mensual,Pro,0
CLI-00596,14.0,1271.01,0,0.0,76.8,Anual,Pro,0
CLI-00597,22.0,930.22,1,2.0,53.8,Mensual,Starter,0
CLI-00598,28.0,821.5,0,10.0,73.7,Mensual,Starter,0
CLI-00599,17.0,474.73,0,21.0,37.5,Mensual,Starter,1
CLI-00600,15.0,932.26,1,16.0,74.9,Anual,Starter,0
CLI-00601,7.0,401.12,2,3.0,27.0,Anual,Starter,0
CLI-00602,25.0,802.67,0,17.0,38.5,Mensual,Starter,0
CLI-00603,7.0,455.1,2,33.0,80.5,Anual,Business,0
CLI-00604,57.0,1672.38,0,21.0,40.4,Mensual,Pro,0
CLI-00605,20.0,1550.54,0,25.0,72.3,Mensual,Pro,1
CLI-00606,4.0,316.94,3,59.0,72.0,Anual,Starter,1
CLI-00607,23.0,696.75,3,5.0,52.7,Mensual,Business,0
CLI-00608,5.0,638.97,2,2.0,26.5,Mensual,Business,1
CLI-00609,24.0,306.71,4,40.0,58.6,Anual,Pro,0
CLI-00610,3.0,281.69,0,21.0,38.3,Mensual,Starter,0
CLI-00611,12.0,1605.79,0,6.0,64.8,Mensual,Business,0
CLI-00612,26.0,797.76,2,4.0,32.5,Mensual,Business,0
CLI-00613,15.0,285.52,1,24.0,53.1,Mensual,Business,0
CLI-00614,14.0,457.38,0,25.0,54.7,Mensual,Business,0
CLI-00615,11.0,903.3,0,31.0,50.5,Anual,Business,0
CLI-00616,24.0,1086.81,2,5.0,36.1,Mensual,Business,0
CLI-00617,50.0,1019.86,1,6.0,83.5,Mensual,Pro,0
CLI-00618,17.0,370.96,1,0.0,82.5,Mensual,Starter,0
CLI-00619,4.0,1881.64,2,12.0,64.0,Mensual,Starter,0
CLI-00620,31.0,652.42,0,29.0,94.5,Mensual,Starter,0
CLI-00621,13.0,1005.85,0,9.0,47.4,Mensual,Pro,1
CLI-00622,13.0,396.87,2,18.0,26.5,Mensual,Pro,0
CLI-00623,10.0,657.46,4,37.0,61.2,Mensual,Starter,1
CLI-00624,39.0,607.74,1,14.0,37.4,Anual,Pro,0
CLI-00625,16.0,312.08,1,1.0,46.5,Mensual,Business,0
CLI-00626,19.0,1225.3,1,2.0,98.1,Anual,Business,0
CLI-00627,22.0,1106.02,3,34.0,54.2,Anual,Pro,0
CLI-00628,4.0,203.48,1,20.0,41.5,Mensual,Business,1
CLI-00629,7.0,677.51,0,0.0,49.0,Mensual,Pro,0
CLI-00630,3.0,600.79,1,9.0,70.7,Anual,Pro,0
CLI-00631,14.0,1013.96,1,8.0,91.2,Mensual,Business,0
CLI-00632,5.0,1099.67,0,11.0,54.8,Mensual,Starter,0
CLI-00633,9.0,486.27,1,18.0,65.3,Mensual,Business,0
CLI-00634,19.0,646.18,3,26.0,47.0,Anual,Starter,0
CLI-00635,16.0,456.23,0,44.0,100.0,Mensual,Business,0
CLI-00636,25.0,933.84,0,21.0,41.8,Anual,Pro,0
CLI-00637,47.0,408.92,0,17.0,77.1,Mensual,Business,0
CLI-00638,19.0,1695.49,0,21.0,63.8,Anual,Starter,0
CLI-00639,7.0,635.13,1,41.0,29.2,Anual,Pro,0
CLI-00640,20.0,641.24,1,7.0,50.8,Mensual,Starter,0
CLI-00641,34.0,563.48,1,20.0,45.6,Mensual,Business,0
CLI-00642,60.0,1412.26,3,1.0,50.7,Anual,Starter,0
CLI-00643,19.0,884.44,3,10.0,100.0,Mensual,Pro,0
CLI-00644,10.0,171.43,1,10.0,44.4,Anual,Pro,0
CLI-00645,14.0,1043.95,1,12.0,83.9,Mensual,Business,0
CLI-00646,10.0,1063.87,1,13.0,57.9,Anual,Starter,0
CLI-00647,11.0,593.87,0,6.0,53.3,Mensual,Pro,0
CLI-00648,11.0,1351.67,2,18.0,23.4,Mensual,Business,0
CLI-00649,5.0,399.7,3,39.0,66.9,Mensual,Starter,0
CLI-00650,24.0,360.63,1,22.0,89.6,Mensual,Starter,0
CLI-00651,1.0,1060.47,0,4.0,71.1,Mensual,Business,0
CLI-00652,12.0,1161.31,1,11.0,78.8,Mensual,Pro,0
CLI-00653,7.0,1948.95,0,5.0,53.9,Anual,Pro,0
CLI-00654,12.0,621.64,2,26.0,41.0,Mensual,Starter,0
CLI-00655,23.0,1153.23,1,52.0,85.5,Mensual,Business,0
CLI-00656,11.0,680.65,2,58.0,52.5,Mensual,Business,1
CLI-00657,17.0,472.55,1,14.0,62.2,Mensual,Starter,0
CLI-00658,25.0,1003.76,1,0.0,90.7,Anual,Starter,0
CLI-00659,8.0,664.62,1,18.0,58.0,Mensual,Pro,0
CLI-00660,9.0,1024.32,0,6.0,43.5,Mensual,Pro,0
CLI-00661,21.0,1227.9,2,27.0,56.8,Anual,Pro,0
CLI-00662,10.0,970.43,0,39.0,86.2,Anual,Starter,0
CLI-00663,15.0,153.98,0,13.0,19.3,Anual,Business,0
CLI-00664,15.0,1080.21,0,21.0,52.2,Mensual,Starter,0
CLI-00665,21.0,1010.15,0,5.0,79.6,Mensual,Business,0
CLI-00666,10.0,433.97,0,5.0,48.3,Anual,Starter,0
CLI-00667,8.0,407.58,1,17.0,84.3,Mensual,Business,0
CLI-00668,13.0,773.44,1,10.0,33.6,Anual,Pro,0
CLI-00669,23.0,664.07,1,10.0,81.5,Mensual,Starter,0
CLI-00670,5.0,1484.44,0,5.0,64.3,Mensual,Starter,0
CLI-00671,2.0,944.7,0,14.0,55.4,Mensual,Business,0
CLI-00672,8.0,609.14,1,1.0,60.0,Anual,Pro,0
CLI-00673,17.0,824.51,0,3.0,66.9,Mensual,Business,0
CLI-00674,9.0,655.96,3,9.0,41.7,Mensual,Starter,0
CLI-00675,42.0,404.76,0,3.0,76.8,Mensual,Starter,0
CLI-00676,11.0,471.31,1,8.0,62.6,Anual,Pro,0
CLI-00677,6.0,827.8,2,1.0,61.8,Mensual,Pro,0
CLI-00678,24.0,316.65,2,29.0,48.8,Mensual,Starter,0
CLI-00679,27.0,745.25,1,15.0,86.9,Mensual,Pro,0
CLI-00680,19.0,841.71,1,12.0,78.3,Anual,Pro,0
CLI-00681,1.0,533.19,2,13.0,50.8,Mensual,Starter,0
CLI-00682,15.0,1677.97,1,22.0,65.6,Anual,Starter,0
CLI-00683,5.0,418.09,3,2.0,93.9,Mensual,Starter,0
CLI-00684,2.0,1058.05,1,12.0,56.2,Mensual,Starter,0
CLI-00685,18.0,336.15,0,2.0,61.1,Mensual,Starter,0
CLI-00686,11.0,1058.6,3,71.0,75.7,Anual,Pro,0
CLI-00687,7.0,501.48,2,5.0,37.5,Anual,Starter,0
CLI-00688,37.0,239.06,1,44.0,57.2,Mensual,Pro,0
CLI-00689,31.0,1008.92,0,22.0,57.1,Mensual,Starter,0
CLI-00690,18.0,1262.0,1,1.0,57.3,Mensual,Business,0
CLI-00691,29.0,1167.84,2,22.0,53.1,Anual,Starter,0
CLI-00692,27.0,319.6,0,38.0,100.0,Mensual,Pro,0
CLI-00693,3.0,1728.18,2,32.0,72.3,Mensual,Pro,0
CLI-00694,7.0,870.0,0,6.0,58.8,Mensual,Pro,0
CLI-00695,10.0,796.92,0,11.0,90.6,Mensual,Pro,0
CLI-00696,41.0,457.41,2,18.0,53.4,Mensual,Pro,0
CLI-00697,16.0,358.52,1,22.0,53.8,Anual,Starter,0
CLI-00698,25.0,393.23,1,35.0,63.5,Anual,Pro,0
CLI-00699,18.0,453.87,1,32.0,26.8,Mensual,Pro,1
CLI-00700,19.0,1297.53,3,71.0,68.8,Mensual,Business,1
CLI-00701,5.0,723.9,2,34.0,36.9,Mensual,Pro,0
CLI-00702,27.0,766.32,1,1.0,65.9,Mensual,Pro,0
CLI-00703,23.0,643.47,1,13.0,65.5,Mensual,Pro,0
CLI-00704,28.0,598.77,1,3.0,60.2,Mensual,Business,0
CLI-00705,50.0,538.06,2,65.0,61.8,Mensual,Starter,0
CLI-00706,1.0,883.11,2,29.0,91.0,Mensual,Starter,0
CLI-00707,21.0,359.76,1,3.0,39.8,Mensual,Pro,0
CLI-00708,31.0,1699.8,0,2.0,64.6,Mensual,Starter,0
CLI-00709,41.0,659.58,0,11.0,60.8,Anual,Starter,0
CLI-00710,11.0,960.35,4,48.0,53.8,Mensual,Pro,1
CLI-00711,7.0,974.55,1,25.0,43.3,Mensual,Pro,1
CLI-00712,9.0,1234.2,0,5.0,50.0,Mensual,Starter,0
CLI-00713,6.0,256.19,0,6.0,63.0,Mensual,Starter,0
CLI-00714,6.0,63.32,0,38.0,79.9,Mensual,Pro,0
CLI-00715,5.0,420.65,0,68.0,17.9,Mensual,Pro,1
CLI-00716,60.0,2044.39,0,6.0,66.2,Anual,Starter,0
CLI-00717,41.0,890.97,1,40.0,76.2,Mensual,Starter,0
CLI-00718,10.0,442.59,0,19.0,72.0,Mensual,Pro,0
CLI-00719,60.0,869.46,1,7.0,59.2,Mensual,Starter,0
CLI-00720,27.0,1425.26,1,1.0,58.0,Mensual,Pro,0
CLI-00721,17.0,1088.07,0,2.0,85.1,Mensual,Pro,0
CLI-00722,22.0,1672.65,2,13.0,72.0,Anual,Starter,0
CLI-00723,8.0,896.7,0,2.0,40.0,Mensual,Starter,0
CLI-00724,10.0,927.25,0,61.0,10.7,Mensual,Starter,0
CLI-00725,19.0,1520.82,2,32.0,43.9,Mensual,Starter,0
CLI-00726,3.0,1194.69,2,21.0,64.9,Mensual,Starter,0
CLI-00727,21.0,1008.4,0,14.0,45.8,Anual,Pro,0
CLI-00728,20.0,705.87,2,2.0,82.0,Mensual,Pro,0
CLI-00729,18.0,411.46,1,71.0,48.6,Mensual,Business,0
CLI-00730,12.0,764.89,0,24.0,84.5,Mensual,Business,0
CLI-00731,15.0,391.7,0,6.0,50.6,Mensual,Pro,0
CLI-00732,13.0,767.7,1,9.0,44.8,Mensual,Business,0
CLI-00733,19.0,1543.13,3,10.0,57.5,Mensual,Starter,1
CLI-00734,18.0,1162.92,1,10.0,66.7,Mensual,Starter,0
CLI-00735,7.0,274.95,1,13.0,95.6,Anual,Starter,0
CLI-00736,19.0,504.97,0,6.0,48.7,Mensual,Starter,0
CLI-00737,31.0,1572.71,0,13.0,57.6,Mensual,Pro,0
CLI-00738,19.0,586.72,0,15.0,67.4,Anual,Pro,0
CLI-00739,21.0,2048.94,1,19.0,63.2,Mensual,Pro,0
CLI-00740,31.0,203.11,2,3.0,39.8,Mensual,Pro,0
CLI-00741,31.0,917.57,3,4.0,65.6,Mensual,Pro,0
CLI-00742,9.0,914.94,0,85.0,39.3,Anual,Pro,0
CLI-00743,8.0,178.35,0,42.0,55.1,Mensual,Starter,1
CLI-00744,9.0,260.41,0,14.0,20.4,Mensual,Starter,0
CLI-00745,11.0,962.16,0,6.0,50.0,Mensual,Starter,0
CLI-00746,25.0,921.39,0,0.0,74.4,Mensual,Pro,0
CLI-00747,52.0,668.41,2,12.0,68.0,Mensual,Business,0
CLI-00748,5.0,580.36,0,4.0,45.0,Mensual,Business,0
CLI-00749,39.0,573.12,1,2.0,50.3,Mensual,Starter,0
CLI-00750,6.0,1622.09,1,5.0,57.1,Mensual,Starter,0
CLI-00751,16.0,425.19,2,26.0,77.9,Mensual,Starter,0
CLI-00752,12.0,412.3,2,9.0,73.0,Mensual,Business,0
CLI-00753,4.0,1065.36,1,17.0,68.7,Mensual,Pro,0
CLI-00754,14.0,458.05,1,7.0,62.8,Mensual,Business,0
CLI-00755,11.0,1682.38,1,68.0,42.9,Anual,Starter,0
CLI-00756,12.0,822.08,1,10.0,40.8,Anual,Starter,0
CLI-00757,27.0,321.61,3,6.0,75.0,Mensual,Business,0
CLI-00758,21.0,1459.89,2,29.0,73.4,Anual,Starter,0
CLI-00759,28.0,747.79,2,2.0,92.8,Mensual,Business,0
CLI-00760,26.0,1398.65,0,1.0,35.6,Mensual,Starter,0
CLI-00761,14.0,2008.3,0,15.0,26.1,Mensual,Pro,0
CLI-00762,32.0,992.09,0,40.0,28.2,Mensual,Pro,0
CLI-00763,5.0,1325.37,0,5.0,76.3,Anual,Starter,0
CLI-00764,23.0,644.42,2,6.0,54.0,Mensual,Pro,0
CLI-00765,22.0,838.14,2,4.0,22.1,Anual,Starter,0
CLI-00766,23.0,393.39,2,0.0,69.2,Mensual,Business,0
CLI-00767,34.0,777.22,2,3.0,81.8,Mensual,Business,0
CLI-00768,17.0,1116.52,2,28.0,18.0,Mensual,Starter,0
CLI-00769,7.0,2142.55,2,7.0,71.2,Mensual,Starter,0
CLI-00770,14.0,509.98,1,42.0,91.8,Anual,Starter,0
CLI-00771,11.0,603.7,0,41.0,36.4,Mensual,Pro,0
CLI-00772,19.0,1153.57,0,7.0,100.0,Anual,Starter,0
CLI-00773,9.0,1459.52,2,10.0,89.0,Mensual,Business,0
CLI-00774,15.0,825.3,2,6.0,80.4,Mensual,Starter,0
CLI-00775,24.0,270.18,1,51.0,63.4,Mensual,Pro,0
CLI-00776,39.0,651.73,0,19.0,85.6,Mensual,Starter,0
CLI-00777,15.0,259.81,0,46.0,37.8,Mensual,Starter,0
CLI-00778,15.0,1385.85,3,35.0,89.0,Mensual,Starter,0
CLI-00779,8.0,697.72,0,13.0,73.8,Anual,Starter,0
CLI-00780,13.0,438.81,0,1.0,61.2,Mensual,Starter,0
CLI-00781,15.0,282.52,1,0.0,69.8,Mensual,Pro,0
CLI-00782,47.0,853.9,1,23.0,56.5,Anual,Starter,0
CLI-00783,3.0,1068.27,0,1.0,41.1,Mensual,Pro,1
CLI-00784,11.0,218.55,1,28.0,77.2,Anual,Starter,0
CLI-00785,8.0,907.72,0,4.0,70.9,Mensual,Starter,0
CLI-00786,4.0,831.12,2,20.0,47.9,Mensual,Pro,0
CLI-00787,29.0,1198.8,0,6.0,66.6,Anual,Starter,0
CLI-00788,12.0,803.93,0,5.0,19.4,Mensual,Business,0
CLI-00789,43.0,414.96,1,7.0,65.7,Anual,Pro,0
CLI-00790,44.0,2687.41,1,24.0,61.9,Anual,Business,0
CLI-00791,39.0,668.11,1,22.0,33.8,Mensual,Pro,0
CLI-00792,20.0,1254.74,2,4.0,63.3,Anual,Business,0
CLI-00793,6.0,1064.54,1,21.0,77.8,Mensual,Pro,0
CLI-00794,16.0,881.41,1,29.0,72.9,Mensual,Starter,0
CLI-00795,41.0,1520.27,0,20.0,57.5,Mensual,Starter,1
CLI-00796,21.0,542.9,1,15.0,87.9,Anual,Pro,0
CLI-00797,38.0,886.56,0,47.0,59.1,Mensual,Starter,1
CLI-00798,21.0,1938.01,1,3.0,23.6,Mensual,Pro,0
CLI-00799,23.0,831.25,0,6.0,78.0,Mensual,Starter,0
CLI-00800,24.0,1138.72,1,9.0,63.3,Mensual,Starter,0
CLI-00801,20.0,2249.16,2,17.0,78.8,Anual,Starter,0
CLI-00802,25.0,398.66,1,15.0,54.0,Mensual,Starter,0
CLI-00803,11.0,1339.36,1,15.0,67.4,Mensual,Pro,0
CLI-00804,7.0,1453.82,0,5.0,36.7,Mensual,Starter,0
CLI-00805,29.0,250.53,1,41.0,77.3,Mensual,Pro,0
CLI-00806,10.0,603.08,2,10.0,55.5,Anual,Pro,0
CLI-00807,8.0,1221.21,0,0.0,80.0,Mensual,Starter,0
CLI-00808,10.0,745.64,1,20.0,60.6,Mensual,Pro,0
CLI-00809,21.0,1368.46,2,13.0,37.4,Anual,Business,0
CLI-00810,11.0,1104.96,1,21.0,54.3,Mensual,Starter,1
CLI-00811,6.0,325.08,1,12.0,49.4,Mensual,Starter,0
CLI-00812,16.0,630.34,0,89.0,64.8,Mensual,Pro,0
CLI-00813,4.0,994.11,0,15.0,60.9,Mensual,Pro,0
CLI-00814,8.0,653.38,0,20.0,90.0,Anual,Business,0
CLI-00815,7.0,2070.84,3,8.0,64.7,Mensual,Business,0
CLI-00816,6.0,570.88,0,12.0,83.5,Mensual,Starter,0
CLI-00817,8.0,762.59,0,9.0,68.8,Mensual,Starter,0
CLI-00818,25.0,1725.49,2,20.0,39.6,Mensual,Pro,1
CLI-00819,6.0,652.34,0,36.0,57.3,Mensual,Starter,0
CLI-00820,1.0,429.54,0,1.0,88.3,Mensual,Starter,0
CLI-00821,34.0,978.45,2,13.0,36.5,Mensual,Business,0
CLI-00822,19.0,420.45,0,20.0,59.6,Anual,Pro,0
CLI-00823,11.0,685.79,0,50.0,64.4,Mensual,Pro,0
CLI-00824,12.0,1122.36,1,24.0,69.7,Mensual,Starter,0
CLI-00825,24.0,401.74,0,5.0,88.7,Anual,Starter,0
CLI-00826,15.0,798.99,1,29.0,66.8,Anual,Starter,0
CLI-00827,3.0,1114.42,1,8.0,79.2,Anual,Pro,0
CLI-00828,45.0,734.55,0,11.0,54.0,Anual,Pro,0
CLI-00829,7.0,592.8,1,7.0,86.7,Anual,Pro,0
CLI-00830,15.0,1050.25,1,6.0,57.0,Mensual,Pro,0
CLI-00831,6.0,370.09,1,18.0,84.3,Mensual,Pro,0
CLI-00832,15.0,1589.37,0,20.0,53.7,Mensual,Starter,0
CLI-00833,22.0,334.4,3,80.0,63.6,Anual,Pro,0
CLI-00834,11.0,588.06,1,19.0,36.1,Mensual,Starter,0
CLI-00835,32.0,707.06,0,38.0,66.2,Mensual,Business,0
CLI-00836,18.0,486.59,0,14.0,93.2,Mensual,Starter,0
CLI-00837,5.0,1854.63,0,7.0,49.0,Mensual,Pro,0
CLI-00838,15.0,646.38,2,0.0,73.1,Anual,Pro,0
CLI-00839,11.0,805.16,0,65.0,77.9,Mensual,Starter,1
CLI-00840,6.0,264.47,0,36.0,100.0,Mensual,Pro,0
CLI-00841,18.0,237.49,1,29.0,92.7,Mensual,Pro,0
CLI-00842,11.0,308.68,0,15.0,26.6,Mensual,Starter,0
CLI-00843,15.0,2312.04,1,5.0,75.8,Mensual,Business,0
CLI-00844,55.0,963.88,1,18.0,67.0,Mensual,Starter,0
CLI-00845,21.0,1875.21,1,8.0,87.8,Anual,Pro,0
CLI-00846,30.0,740.88,0,11.0,62.1,Anual,Starter,0
CLI-00847,10.0,1620.45,0,10.0,78.7,Mensual,Business,0
CLI-00848,39.0,1844.35,0,48.0,60.0,Anual,Starter,0
CLI-00849,38.0,926.63,1,17.0,52.2,Mensual,Pro,0
CLI-00850,14.0,930.74,2,1.0,71.2,Mensual,Pro,0
CLI-00851,58.0,1184.18,1,19.0,55.4,Anual,Starter,0
CLI-00852,23.0,717.08,1,4.0,100.0,Anual,Starter,0
CLI-00853,7.0,1414.83,2,56.0,55.9,Mensual,Business,0
CLI-00854,32.0,644.59,4,31.0,89.0,Anual,Business,0
CLI-00855,19.0,405.4,0,18.0,70.5,Mensual,Starter,0
CLI-00856,21.0,1495.14,3,9.0,48.3,Mensual,Business,0
CLI-00857,24.0,458.83,1,21.0,37.8,Anual,Starter,0
CLI-00858,3.0,385.67,2,2.0,47.8,Anual,Starter,0
CLI-00859,4.0,1002.79,0,20.0,36.1,Mensual,Starter,0
CLI-00860,3.0,1083.69,1,1.0,78.8,Mensual,Starter,0
CLI-00861,1.0,655.69,0,8.0,94.0,Anual,Starter,0
CLI-00862,5.0,797.11,0,19.0,76.1,Anual,Starter,0
CLI-00863,31.0,1974.39,3,9.0,55.2,Mensual,Business,0
CLI-00864,7.0,1804.02,1,2.0,50.5,Anual,Starter,0
CLI-00865,9.0,213.19,0,13.0,80.5,Mensual,Business,0
CLI-00866,7.0,507.8,0,57.0,47.7,Mensual,Pro,0
CLI-00867,20.0,421.72,1,4.0,28.1,Mensual,Starter,0
CLI-00868,29.0,462.83,2,19.0,55.6,Mensual,Starter,0
CLI-00869,21.0,439.03,1,21.0,44.2,Mensual,Pro,0
CLI-00870,2.0,214.35,0,18.0,45.8,Anual,Starter,0
CLI-00871,52.0,1410.01,0,28.0,91.7,Mensual,Pro,0
CLI-00872,11.0,2305.36,0,28.0,71.2,Mensual,Starter,0
CLI-00873,15.0,405.83,1,7.0,70.7,Mensual,Starter,1
CLI-00874,17.0,827.43,0,10.0,78.9,Anual,Starter,0
CLI-00875,17.0,388.0,0,35.0,71.3,Mensual,Starter,0
CLI-00876,45.0,1020.06,1,4.0,76.7,Anual,Pro,0
CLI-00877,22.0,1029.19,0,14.0,62.6,Mensual,Starter,0
CLI-00878,20.0,371.17,1,35.0,47.8,Mensual,Business,1
CLI-00879,43.0,642.37,0,2.0,93.2,Mensual,Starter,0
CLI-00880,23.0,1038.6,2,24.0,86.6,Anual,Business,0
CLI-00881,26.0,726.87,0,17.0,77.8,Anual,Business,0
CLI-00882,11.0,1535.42,2,33.0,47.4,Anual,Business,0
CLI-00883,23.0,660.73,0,7.0,92.3,Mensual,Pro,0
CLI-00884,14.0,815.15,1,3.0,72.8,Mensual,Starter,1
CLI-00885,18.0,831.19,0,4.0,52.1,Mensual,Business,0
CLI-00886,31.0,448.31,3,39.0,57.7,Mensual,Starter,0
CLI-00887,12.0,708.25,0,29.0,72.4,Anual,Starter,0
CLI-00888,13.0,540.13,1,49.0,78.9,Mensual,Pro,0
CLI-00889,15.0,351.9,2,3.0,41.5,Mensual,Business,0
CLI-00890,31.0,1089.6,1,19.0,94.1,Mensual,Starter,0
CLI-00891,14.0,692.33,0,3.0,56.5,Mensual,Pro,0
CLI-00892,33.0,1694.01,1,1.0,75.5,Anual,Business,0
CLI-00893,11.0,193.6,1,21.0,84.2,Anual,Pro,0
CLI-00894,18.0,1036.67,3,91.0,84.2,Anual,Business,0
CLI-00895,11.0,1626.78,0,25.0,100.0,Mensual,Starter,0
CLI-00896,6.0,618.4,3,14.0,60.2,Anual,Pro,0
CLI-00897,16.0,737.82,1,8.0,80.8,Mensual,Starter,0
CLI-00898,14.0,2326.28,0,3.0,74.2,Mensual,Starter,0
CLI-00899,9.0,926.46,0,19.0,76.7,Anual,Starter,0
CLI-00900,3.0,1387.7,0,13.0,62.7,Mensual,Starter,0
CLI-00901,12.0,618.4,2,7.0,75.1,Mensual,Pro,0
CLI-00902,6.0,342.57,0,9.0,38.6,Anual,Business,0
CLI-00903,10.0,1404.46,3,24.0,60.1,Mensual,Pro,0
CLI-00904,6.0,1015.04,2,1.0,72.4,Mensual,Business,0
CLI-00905,20.0,1377.78,2,2.0,88.1,Mensual,Pro,0
CLI-00906,10.0,1207.21,1,53.0,65.8,Anual,Business,0
CLI-00907,9.0,1367.24,0,31.0,25.1,Mensual,Pro,1
CLI-00908,28.0,910.01,0,8.0,40.6,Mensual,Pro,0
CLI-00909,20.0,628.22,1,10.0,77.5,Anual,Starter,0
CLI-00910,17.0,722.55,1,9.0,28.7,Mensual,Pro,0
CLI-00911,7.0,435.56,0,70.0,43.4,Anual,Starter,0
CLI-00912,12.0,695.47,1,3.0,61.9,Mensual,Business,0
CLI-00913,15.0,968.68,1,39.0,60.4,Anual,Starter,1
CLI-00914,31.0,1629.23,1,0.0,18.8,Mensual,Pro,0
CLI-00915,7.0,829.76,4,1.0,88.6,Mensual,Pro,0
CLI-00916,10.0,1491.86,2,30.0,93.4,Anual,Pro,0
CLI-00917,5.0,540.46,1,4.0,74.3,Mensual,Business,0
CLI-00918,12.0,204.46,1,24.0,51.0,Mensual,Pro,0
CLI-00919,17.0,1479.45,0,34.0,57.6,Anual,Starter,0
CLI-00920,29.0,1251.31,1,31.0,60.8,Anual,Business,0
CLI-00921,34.0,1826.12,0,24.0,37.7,Anual,Pro,1
CLI-00922,21.0,1008.89,2,39.0,41.3,Mensual,Pro,1
CLI-00923,25.0,1174.05,3,13.0,51.4,Mensual,Pro,0
CLI-00924,34.0,927.39,0,11.0,75.1,Mensual,Business,0
CLI-00925,50.0,507.98,3,4.0,85.7,Anual,Starter,0
CLI-00926,11.0,609.53,0,35.0,63.9,Anual,Business,0
CLI-00927,5.0,523.73,2,34.0,49.9,Mensual,Pro,0
CLI-00928,23.0,814.29,1,64.0,78.5,Mensual,Starter,1
CLI-00929,20.0,801.14,2,17.0,79.3,Mensual,Starter,0
CLI-00930,2.0,433.43,0,3.0,62.5,Mensual,Business,0
CLI-00931,4.0,1018.76,1,12.0,59.0,Mensual,Business,1
CLI-00932,2.0,346.26,0,42.0,83.7,Anual,Starter,0
CLI-00933,10.0,786.67,0,11.0,60.8,Mensual,Business,0
CLI-00934,16.0,338.49,2,4.0,80.8,Mensual,Business,0
CLI-00935,32.0,1451.55,2,16.0,31.5,Mensual,Pro,0
CLI-00936,8.0,680.52,0,32.0,58.8,Mensual,Starter,0
CLI-00937,9.0,363.36,0,2.0,78.3,Anual,Business,0
CLI-00938,8.0,2534.5,3,4.0,84.6,Mensual,Business,0
CLI-00939,11.0,1033.32,1,2.0,67.8,Anual,Starter,0
CLI-00940,13.0,878.99,1,15.0,38.1,Mensual,Pro,0
CLI-00941,25.0,311.76,2,19.0,54.7,Mensual,Pro,0
CLI-00942,27.0,1435.32,1,42.0,73.6,Anual,Starter,0
CLI-00943,23.0,395.18,4,24.0,50.4,Anual,Business,0
CLI-00944,21.0,948.59,1,10.0,99.0,Mensual,Business,0
CLI-00945,14.0,1473.49,0,10.0,95.1,Anual,Business,0
CLI-00946,23.0,412.57,1,40.0,37.2,Mensual,Business,0
CLI-00947,1.0,1444.24,0,10.0,29.3,Anual,Starter,0
CLI-00948,24.0,700.54,1,22.0,57.5,Mensual,Pro,0
CLI-00949,21.0,294.41,2,4.0,68.3,Mensual,Starter,0
CLI-00950,15.0,505.26,0,7.0,87.7,Mensual,Starter,0
CLI-00951,28.0,300.41,2,11.0,83.9,Anual,Business,0
CLI-00952,14.0,496.92,0,3.0,55.2,Mensual,Pro,0
CLI-00953,44.0,445.01,2,7.0,94.0,Mensual,Business,0
CLI-00954,20.0,536.48,1,82.0,56.3,Mensual,Business,0
CLI-00955,1.0,1575.97,2,8.0,45.1,Mensual,Starter,0
CLI-00956,9.0,652.6,0,5.0,53.0,Mensual,Business,0
CLI-00957,12.0,568.92,4,21.0,61.1,Mensual,Starter,0
CLI-00958,11.0,1170.7,1,2.0,55.8,Anual,Pro,0
CLI-00959,30.0,575.25,2,90.0,95.3,Mensual,Starter,0
CLI-00960,18.0,827.34,1,4.0,59.5,Mensual,Starter,0
CLI-00961,42.0,1561.87,2,11.0,69.7,Mensual,Starter,0
CLI-00962,5.0,356.18,0,6.0,80.2,Mensual,Business,0
CLI-00963,26.0,702.54,1,12.0,42.3,Mensual,Business,0
CLI-00964,5.0,1287.06,0,4.0,65.7,Mensual,Pro,0
CLI-00965,21.0,446.25,0,12.0,83.9,Mensual,Starter,0
CLI-00966,17.0,483.16,1,9.0,100.0,Mensual,Starter,0
CLI-00967,17.0,663.64,0,21.0,42.6,Mensual,Pro,0
CLI-00968,9.0,899.9,1,1.0,55.0,Anual,Starter,1
CLI-00969,26.0,392.05,0,2.0,36.4,Anual,Business,0
CLI-00970,42.0,914.3,2,14.0,88.8,Mensual,Pro,0
CLI-00971,16.0,1034.69,2,13.0,47.8,Mensual,Pro,0
CLI-00972,17.0,397.71,0,15.0,55.0,Mensual,Pro,0
CLI-00973,1.0,137.53,0,43.0,82.8,Anual,Starter,0
CLI-00974,11.0,739.5,1,1.0,28.0,Anual,Business,0
CLI-00975,22.0,1034.37,0,3.0,61.1,Mensual,Pro,0
CLI-00976,3.0,827.16,1,18.0,74.3,Anual,Business,0
CLI-00977,19.0,1796.44,2,43.0,52.7,Mensual,Pro,0
CLI-00978,3.0,1110.34,1,1.0,75.7,Anual,Pro,0
CLI-00979,9.0,733.08,1,13.0,71.1,Mensual,Pro,0
CLI-00980,7.0,1195.99,0,8.0,41.6,Mensual,Pro,0
CLI-00981,46.0,753.43,0,37.0,57.1,Anual,Pro,0
CLI-00982,18.0,651.67,2,12.0,26.0,Anual,Starter,0
CLI-00983,6.0,312.64,1,3.0,74.8,Anual,Pro,0
CLI-00984,5.0,115.9,1,9.0,57.2,Mensual,Starter,0
CLI-00985,11.0,348.55,1,2.0,59.9,Mensual,Starter,0
CLI-00986,5.0,1462.45,2,5.0,100.0,Mensual,Starter,0
CLI-00987,25.0,1550.3,0,37.0,64.1,Anual,Starter,0
CLI-00988,41.0,854.54,0,14.0,93.7,Mensual,Pro,0
CLI-00989,11.0,505.16,1,25.0,30.9,Mensual,Starter,1
CLI-00990,16.0,965.44,1,6.0,67.1,Anual,Pro,0
CLI-00991,5.0,1856.16,1,24.0,49.2,Mensual,Business,1
CLI-00992,11.0,1915.11,0,14.0,92.0,Anual,Starter,0
CLI-00993,55.0,331.31,2,1.0,73.1,Mensual,Starter,0
CLI-00994,9.0,493.61,0,0.0,64.3,Mensual,Pro,0
CLI-00995,47.0,1236.39,3,23.0,51.5,Mensual,Starter,0
CLI-00996,22.0,1878.6,0,1.0,63.3,Mensual,Business,0
CLI-00997,33.0,955.35,3,6.0,71.5,Mensual,Pro,0
CLI-00998,11.0,773.58,2,18.0,64.1,Mensual,Business,0
CLI-00999,22.0,426.26,1,10.0,81.6,Mensual,Starter,0
CLI-01000,5.0,770.5,0,4.0,46.8,Mensual,Pro,0
CLI-01001,26.0,326.0,0,31.0,48.4,Mensual,Starter,0
CLI-01002,1.0,1136.99,0,21.0,57.1,Mensual,Starter,0
CLI-01003,11.0,560.72,1,8.0,81.0,Mensual,Business,0
CLI-01004,55.0,267.26,1,17.0,62.4,Anual,Business,0
CLI-01005,11.0,323.53,1,25.0,89.3,Mensual,Starter,0
CLI-01006,15.0,232.16,0,8.0,36.9,Mensual,Business,0
CLI-01007,16.0,1226.52,3,10.0,41.8,Anual,Business,0
CLI-01008,60.0,1661.54,2,8.0,65.7,Mensual,Pro,0
CLI-01009,24.0,83.08,0,8.0,31.0,Mensual,Pro,0
CLI-01010,19.0,1159.53,1,36.0,100.0,Mensual,Pro,0
CLI-01011,17.0,623.93,0,4.0,79.9,Mensual,Pro,0
CLI-01012,8.0,221.29,4,44.0,63.2,Mensual,Pro,0
CLI-01013,9.0,1148.77,2,4.0,60.6,Mensual,Business,1
CLI-01014,10.0,768.45,1,3.0,70.3,Mensual,Starter,1
CLI-01015,21.0,1090.06,4,18.0,100.0,Mensual,Starter,0
CLI-01016,41.0,248.97,1,24.0,56.8,Mensual,Business,0
CLI-01017,27.0,403.26,0,33.0,73.0,Mensual,Business,0
CLI-01018,18.0,502.97,0,8.0,28.8,Mensual,Starter,0
CLI-01019,5.0,620.56,2,6.0,68.1,Mensual,Pro,0
CLI-01020,14.0,264.04,0,18.0,78.1,Anual,Pro,0
CLI-01021,10.0,1215.22,2,77.0,60.8,Mensual,Business,0
CLI-01022,10.0,411.95,2,2.0,46.5,Mensual,Pro,0
CLI-01023,15.0,535.47,2,21.0,96.1,Mensual,Pro,0
CLI-01024,6.0,1129.87,3,8.0,74.9,Mensual,Starter,1
CLI-01025,6.0,385.14,1,15.0,74.8,Mensual,Pro,0
CLI-01026,50.0,821.37,2,29.0,40.2,Mensual,Starter,0
CLI-01027,18.0,616.88,1,48.0,51.2,Mensual,Pro,0
CLI-01028,7.0,869.87,1,18.0,52.7,Mensual,Starter,0
CLI-01029,30.0,447.04,3,3.0,77.4,Anual,Starter,0
CLI-01030,7.0,736.82,2,2.0,79.8,Mensual,Business,0
CLI-01031,8.0,1198.81,0,16.0,97.0,Anual,Pro,0
CLI-01032,25.0,646.19,2,2.0,50.2,Mensual,Pro,0
CLI-01033,7.0,1047.94,2,0.0,55.1,Mensual,Starter,0
CLI-01034,6.0,241.58,1,3.0,31.6,Anual,Starter,0
CLI-01035,4.0,879.92,3,33.0,57.2,Mensual,Pro,1
CLI-01036,14.0,875.14,3,21.0,86.5,Mensual,Business,0
CLI-01037,28.0,2073.52,2,9.0,51.0,Anual,Pro,0
CLI-01038,3.0,529.68,4,15.0,32.8,Anual,Pro,0
CLI-01039,40.0,2283.09,0,16.0,100.0,Mensual,Starter,0
CLI-01040,25.0,1365.19,0,29.0,49.5,Mensual,Business,0
CLI-01041,18.0,1890.32,2,5.0,71.1,Mensual,Starter,0
CLI-01042,26.0,506.37,1,14.0,41.2,Anual,Pro,0
CLI-01043,43.0,849.03,1,25.0,67.4,Anual,Pro,0
CLI-01044,18.0,1206.32,0,14.0,97.7,Mensual,Pro,0
CLI-01045,28.0,869.75,0,5.0,67.9,Anual,Business,0
CLI-01046,25.0,888.72,2,10.0,41.4,Mensual,Pro,0
CLI-01047,9.0,1200.1,2,2.0,54.4,Mensual,Pro,0
CLI-01048,11.0,304.98,1,48.0,25.0,Mensual,Starter,0
CLI-01049,8.0,333.94,2,19.0,42.4,Anual,Pro,0
CLI-01050,12.0,673.14,0,13.0,61.4,Anual,Business,0
CLI-01051,35.0,1008.12,0,13.0,65.8,Mensual,Starter,0
CLI-01052,23.0,523.86,2,3.0,100.0,Anual,Business,0
CLI-01053,16.0,444.46,0,4.0,51.0,Mensual,Business,0
CLI-01054,9.0,1042.63,0,2.0,33.7,Mensual,Starter,0
CLI-01055,5.0,442.43,0,7.0,54.1,Mensual,Pro,0
CLI-01056,29.0,3435.33,2,27.0,26.4,Mensual,Business,0
CLI-01057,6.0,624.05,2,20.0,66.2,Anual,Starter,0
CLI-01058,11.0,1223.76,3,8.0,71.1,Anual,Starter,0
CLI-01059,29.0,1172.66,0,6.0,62.3,Anual,Pro,0
CLI-01060,31.0,422.53,0,21.0,77.4,Anual,Business,0
CLI-01061,10.0,234.59,0,38.0,34.0,Mensual,Pro,0
CLI-01062,9.0,629.78,2,9.0,95.3,Anual,Starter,0
CLI-01063,39.0,284.84,0,24.0,61.9,Mensual,Business,0
CLI-01064,20.0,761.1,1,2.0,78.3,Mensual,Starter,0
CLI-01065,30.0,216.05,3,23.0,70.3,Anual,Pro,0
CLI-01066,13.0,921.9,2,19.0,73.2,Mensual,Starter,0
CLI-01067,13.0,366.63,0,50.0,56.6,Anual,Pro,0
CLI-01068,24.0,1292.49,1,10.0,48.6,Mensual,Starter,0
CLI-01069,6.0,1072.12,1,5.0,73.6,Mensual,Starter,0
CLI-01070,18.0,605.53,1,10.0,47.5,Anual,Pro,0
CLI-01071,12.0,195.25,1,9.0,47.2,Anual,Starter,0
CLI-01072,6.0,915.04,2,9.0,47.9,Mensual,Starter,0
CLI-01073,60.0,789.7,1,35.0,58.0,Anual,Pro,0
CLI-01074,10.0,1473.58,0,24.0,81.3,Anual,Starter,0
CLI-01075,18.0,286.87,2,16.0,69.3,Mensual,Pro,0
CLI-01076,6.0,1409.18,0,81.0,74.2,Mensual,Pro,0
CLI-01077,23.0,1088.99,1,10.0,39.6,Anual,Pro,0
CLI-01078,29.0,1397.9,3,30.0,100.0,Anual,Pro,0
CLI-01079,19.0,912.16,1,21.0,99.6,Mensual,Business,0
CLI-01080,19.0,739.09,3,1.0,63.1,Mensual,Pro,0
CLI-01081,31.0,1038.5,1,11.0,58.2,Mensual,Starter,0
CLI-01082,60.0,461.96,1,13.0,25.8,Anual,Pro,0
CLI-01083,23.0,215.16,2,10.0,69.0,Anual,Pro,0
CLI-01084,20.0,252.0,0,4.0,92.5,Mensual,Starter,0
CLI-01085,32.0,1890.47,1,10.0,38.2,Anual,Business,0
CLI-01086,18.0,715.66,0,12.0,75.9,Mensual,Starter,0
CLI-01087,26.0,1197.79,0,32.0,52.4,Mensual,Starter,0
CLI-01088,16.0,793.18,1,5.0,33.1,Mensual,Pro,1
CLI-01089,21.0,664.25,0,4.0,54.6,Mensual,Starter,0
CLI-01090,5.0,900.05,0,28.0,51.9,Anual,Pro,1
CLI-01091,16.0,450.59,0,11.0,76.4,Mensual,Pro,0
CLI-01092,12.0,820.73,0,26.0,73.7,Mensual,Pro,0
CLI-01093,8.0,33.94,3,5.0,29.7,Anual,Starter,0
CLI-01094,8.0,236.42,0,22.0,100.0,Mensual,Pro,0
CLI-01095,21.0,538.53,1,3.0,62.1,Mensual,Pro,0
CLI-01096,14.0,813.93,0,19.0,72.2,Anual,Pro,0
CLI-01097,15.0,1696.35,1,36.0,91.7,Anual,Pro,0
CLI-01098,35.0,222.88,0,22.0,68.2,Anual,Pro,0
CLI-01099,6.0,1490.85,1,21.0,75.7,Mensual,Pro,0
CLI-01100,35.0,333.89,1,5.0,71.7,Mensual,Starter,0
CLI-01101,25.0,1523.3,0,20.0,83.8,Anual,Starter,0
CLI-01102,10.0,873.37,2,2.0,79.8,Mensual,Business,0
CLI-01103,19.0,2250.66,1,36.0,47.0,Mensual,Starter,0
CLI-01104,14.0,204.42,0,82.0,44.4,Anual,Business,0
CLI-01105,29.0,765.18,2,12.0,83.2,Mensual,Business,0
CLI-01106,7.0,1035.79,2,9.0,61.1,Mensual,Pro,0
CLI-01107,18.0,486.62,2,6.0,81.0,Anual,Starter,0
CLI-01108,1.0,807.16,0,28.0,92.4,Mensual,Starter,0
CLI-01109,8.0,765.41,2,7.0,58.6,Mensual,Starter,0
CLI-01110,20.0,1122.76,3,15.0,70.0,Mensual,Pro,0
CLI-01111,10.0,275.42,1,6.0,43.3,Anual,Business,0
CLI-01112,21.0,2003.09,0,1.0,71.6,Anual,Business,0
CLI-01113,14.0,843.37,0,15.0,73.3,Mensual,Pro,0
CLI-01114,47.0,478.0,0,58.0,20.1,Mensual,Starter,0
CLI-01115,30.0,709.53,2,13.0,80.2,Mensual,Business,0
CLI-01116,14.0,682.93,0,5.0,63.1,Mensual,Business,0
CLI-01117,37.0,526.6,2,0.0,66.0,Anual,Pro,0
CLI-01118,25.0,837.79,2,6.0,66.4,Anual,Starter,0
CLI-01119,9.0,3677.31,1,53.0,73.0,Mensual,Starter,0
CLI-01120,4.0,835.49,0,3.0,100.0,Anual,Starter,0
CLI-01121,3.0,1110.43,1,180.0,70.7,Anual,Starter,1
CLI-01122,4.0,290.74,1,21.0,71.2,Mensual,Starter,1
CLI-01123,15.0,1067.89,1,6.0,65.4,Mensual,Starter,0
CLI-01124,40.0,288.18,2,0.0,56.0,Anual,Starter,0
CLI-01125,5.0,970.77,2,49.0,44.3,Anual,Starter,1
CLI-01126,39.0,1127.9,0,14.0,73.3,Mensual,Business,0
CLI-01127,15.0,717.93,3,8.0,13.9,Mensual,Starter,0
CLI-01128,21.0,685.54,2,10.0,76.3,Anual,Starter,0
CLI-01129,27.0,861.95,0,3.0,75.5,Mensual,Starter,0
CLI-01130,5.0,910.77,1,5.0,47.8,Mensual,Business,0
CLI-01131,4.0,282.84,0,1.0,100.0,Mensual,Starter,0
CLI-01132,33.0,554.6,1,3.0,74.6,Mensual,Pro,0
CLI-01133,59.0,492.3,1,6.0,68.2,Anual,Pro,0
CLI-01134,37.0,846.09,1,27.0,82.0,Mensual,Pro,0
CLI-01135,28.0,1711.36,0,38.0,72.4,Anual,Starter,0
CLI-01136,6.0,751.3,0,22.0,70.1,Mensual,Starter,0
CLI-01137,15.0,384.11,1,16.0,49.1,Mensual,Pro,0
CLI-01138,9.0,980.34,1,1.0,58.1,Mensual,Starter,0
CLI-01139,35.0,683.22,3,4.0,41.4,Anual,Starter,0
CLI-01140,19.0,346.08,1,31.0,38.8,Anual,Pro,0
CLI-01141,16.0,1381.15,1,44.0,74.4,Mensual,Pro,0
CLI-01142,5.0,802.26,2,3.0,43.2,Anual,Business,0
CLI-01143,2.0,303.8,1,5.0,49.9,Mensual,Pro,0
CLI-01144,11.0,1053.18,0,30.0,94.6,Mensual,Starter,0
CLI-01145,3.0,1307.26,0,5.0,86.6,Mensual,Starter,0
CLI-01146,26.0,659.07,0,14.0,77.2,Anual,Business,0
CLI-01147,8.0,580.04,0,10.0,45.6,Mensual,Business,0
CLI-01148,12.0,382.5,0,0.0,70.3,Mensual,Pro,0
CLI-01149,14.0,805.62,1,13.0,74.8,Anual,Pro,0
CLI-01150,11.0,652.74,2,2.0,95.2,Anual,Pro,0
CLI-01151,6.0,1094.26,3,2.0,61.5,Anual,Business,0
CLI-01152,60.0,1717.94,1,48.0,85.4,Mensual,Starter,0
CLI-01153,13.0,1650.41,1,0.0,55.2,Mensual,Starter,0
CLI-01154,13.0,1351.49,0,12.0,36.7,Mensual,Business,0
CLI-01155,36.0,1082.51,0,11.0,42.4,Mensual,Business,0
CLI-01156,32.0,1453.04,0,4.0,30.4,Mensual,Business,0
CLI-01157,9.0,1179.08,1,39.0,84.2,Mensual,Pro,1
CLI-01158,35.0,955.78,1,41.0,88.3,Mensual,Pro,0
CLI-01159,15.0,383.66,0,57.0,63.2,Mensual,Starter,0
CLI-01160,10.0,837.44,2,14.0,100.0,Mensual,Pro,0
CLI-01161,21.0,599.43,0,28.0,95.5,Mensual,Pro,0
CLI-01162,4.0,1732.71,0,13.0,44.6,Mensual,Pro,0
CLI-01163,12.0,226.51,2,7.0,64.4,Mensual,Starter,0
CLI-01164,2.0,498.2,0,37.0,61.1,Mensual,Starter,0
CLI-01165,13.0,1467.99,1,26.0,24.9,Mensual,Starter,0
CLI-01166,35.0,1393.94,0,18.0,35.3,Mensual,Pro,0
CLI-01167,57.0,844.64,1,1.0,36.0,Mensual,Starter,0
CLI-01168,21.0,681.44,0,8.0,66.2,Mensual,Starter,0
CLI-01169,23.0,585.26,1,4.0,68.4,Anual,Starter,0
CLI-01170,17.0,1389.67,0,1.0,66.4,Anual,Business,0
CLI-01171,32.0,1672.94,1,1.0,74.1,Anual,Pro,0
CLI-01172,28.0,852.48,1,14.0,61.8,Anual,Business,0
CLI-01173,1.0,571.1,0,4.0,80.1,Anual,Starter,0
CLI-01174,8.0,726.64,0,72.0,49.3,Anual,Business,0
CLI-01175,14.0,1128.69,1,6.0,70.4,Anual,Pro,0
CLI-01176,37.0,1663.01,1,46.0,91.9,Anual,Starter,0
CLI-01177,34.0,340.31,0,12.0,64.8,Mensual,Starter,0
CLI-01178,12.0,344.69,0,8.0,50.4,Anual,Pro,1
CLI-01179,19.0,577.47,1,7.0,100.0,Mensual,Business,0
CLI-01180,40.0,2433.42,2,38.0,70.8,Mensual,Starter,0
CLI-01181,19.0,899.59,0,25.0,95.3,Anual,Starter,0
CLI-01182,41.0,752.35,2,14.0,81.9,Mensual,Business,0
CLI-01183,26.0,800.01,0,16.0,98.0,Anual,Pro,0
CLI-01184,50.0,347.37,2,51.0,90.4,Anual,Starter,0
CLI-01185,20.0,1603.46,3,9.0,86.1,Mensual,Starter,0
CLI-01186,16.0,710.72,1,4.0,56.6,Mensual,Starter,0
CLI-01187,10.0,1085.0,1,47.0,74.0,Mensual,Pro,0
CLI-01188,1.0,1110.91,0,10.0,56.5,Mensual,Pro,0
CLI-01189,9.0,633.66,5,18.0,58.7,Mensual,Starter,1
CLI-01190,10.0,1991.52,1,59.0,51.0,Mensual,Business,0
CLI-01191,27.0,703.8,4,6.0,58.0,Mensual,Pro,0
CLI-01192,58.0,257.14,1,29.0,93.8,Mensual,Starter,0
CLI-01193,20.0,633.87,2,36.0,65.6,Anual,Starter,0
CLI-01194,17.0,470.38,0,1.0,58.5,Mensual,Pro,0
CLI-01195,22.0,2387.38,1,11.0,100.0,Mensual,Pro,0
CLI-01196,18.0,343.0,1,23.0,69.2,Mensual,Starter,0
CLI-01197,5.0,1241.64,3,1.0,59.3,Anual,Pro,1
CLI-01198,7.0,1449.01,4,28.0,51.2,Mensual,Starter,0
CLI-01199,19.0,989.47,0,7.0,54.3,Mensual,Business,0
CLI-01200,24.0,985.3,0,6.0,100.0,Mensual,Pro,0
