cliente_id,nombre_completo,email,telefono,ciudad,region,segmento,fecha_alta,tipo_contrato,plan,canal_adquisicion,campo_legacy_crm_id
CLI-00188,Sofía Romero Silva,sofía.romero852@hotmail.com,55-3325-3254,Ciudad de México,Centro, Estándar ,07/30/2023,Mensual,Starter,Google Ads,
CLI-00339,Luis Delgado Romero,luis.delgado235@gmail.com,,León,Occidente,Estándar,2020-08-23,Anual,Business,Eventos,
CLI-00365,Diego Vázquez Pérez,diego.vázquez522@outlook.com,55-7831-5861,Toluca,Centro,Básico,2020-01-19,Anual,Business,Google Ads,
CLI-00338,Luis Ramírez Pérez,luis.ramírez161@gmail.com,55-8382-2989,Tijuana,Norte,Estándar,08/08/2022,,,Orgánico,
CLI-00045,   Sergio Cruz Medina  ,sergio.cruz710@hotmail.com,55-4163-8111,Puebla,Centro, Estándar ,06/16/2024,Mensual,Starter,Referidos,
CLI-00303,Sofía Torres Flores,sofía.torres13@hotmail.com,55-8076-6764,Ciudad de México,Centro,Estándar,2025-04-17,,,Referidos,
CLI-00126,Camila Gómez Flores,camila.gómez937@gmail.com,55-9235-9457, Ciudad de México ,Centro,Básico,2025-03-25,,,Google Ads,
CLI-00346,Arturo Díaz Mendoza,arturo.díaz618@yahoo.com.mx,55-1808-9593,cancún,Sureste,Estándar,2025-06-12,,,Eventos,
CLI-00342,Camila Aguilar Jiménez,camila.aguilar338@hotmail.com,55-2332-5969,Tijuana,Norte,Estándar,2021-01-18,Anual,Business,Referidos,
CLI-00084,Luis Torres Hernández,luis.torres259@hotmail.com,55-3858-6685,Cancún,Sureste,Estándar,2019-06-03,Mensual,Business,Eventos,
CLI-00116,Carlos Martínez Medina,carlos.martínez375@yahoo.com.mx,55-4429-7705,Mérida,Sureste,Estándar,2020-10-12,,,Meta Ads,
CLI-00482,Alejandro Reyes Romero,alejandro.reyes439@outlook.com,55-2508-5272, Mérida ,Sureste,Estándar,2019-07-20,,,Google Ads,
CLI-00248,Ana Ortiz Morales,ana.ortiz332@outlook.com,55-3803-1979, León ,Occidente,Premium,23/11/2024,Mensual,Pro,Email,
CLI-00315,Diego Gutiérrez Hernández,diego.gutiérrez331@gmail.com,55-5649-3007,cancún,Sureste,Premium,2019-02-21,Mensual,Starter,Referidos,
CLI-00074,Verónica Aguilar Díaz,verónica.aguilar826@gmail.com,55-3877-2170,Guadalajara,Occidente,Básico,05/27/2020,,,Referidos,
CLI-00034,Juan Gutiérrez Torres,juan.gutiérrez219@outlook.com,55-7594-4309,Guadalajara,Occidente, Estándar ,29/05/2023,Mensual,Pro,Google Ads,
CLI-00485,Alejandro Aguilar Ortiz,alejandro.aguilar168@outlook.com,55-7012-1164,León,Occidente,Básico,2019-04-03,Anual,Starter,Meta Ads,
CLI-00090,Eduardo Gómez Mendoza,eduardo.gómez802@hotmail.com,55-3036-7753,Puebla,Centro,Básico,2020-09-16,Anual,Business,Referidos,
CLI-00370,Roberto Flores Gutiérrez,roberto.flores821@hotmail.com,55-1491-7006,GUADALAJARA,Occidente,Básico,27/05/2020,,,Orgánico,
CLI-00289,Arturo Chávez García,arturo.chávez570@hotmail.com,55-2005-6331,Tijuana,Norte,Básico,02/04/2024,Mensual,Pro,Meta Ads,
CLI-00229,Luis Pérez Pérez,luis.pérez209@yahoo.com.mx,55-4808-1823,León,Occidente,Básico,2024-07-19,,,Referidos,
CLI-00231,Daniela Cruz Morales,daniela.cruz245@outlook.com,55-1983-9626,Cancún,Sureste,Básico,2025-05-15,,,Meta Ads,
CLI-00480,Jorge Pérez Sánchez,jorge.pérez499@outlook.com,55-4211-1791,querétaro,Centro,Estándar,25/09/2022,,,Referidos,
CLI-00452,Roberto Martínez Vázquez,roberto.martínez416@yahoo.com.mx,55-6695-1884,León,Occidente,Premium,2019-08-11,Anual,Pro,Orgánico,
CLI-00508,Paola Ortiz García,paola.ortiz768@gmail.com,55-9826-4438,Monterrey,Norte,Premium,20/07/2025,Mensual,Business,Orgánico,
CLI-00278,Verónica Vázquez Torres,verónica.vázquez589@hotmail.com,55-6453-6516,León,Occidente,Estándar,2019-06-17,,,Meta Ads,
CLI-00026,Camila Mendoza Silva,camila.mendoza238@gmail.com,55-6897-9839,León,Occidente,Estándar,2022-10-15,,,Referidos,
CLI-00068,Andrea Gutiérrez Jiménez,,55-6442-3301,Mérida,Sureste,Estándar,2022-09-04,,,Google Ads,
CLI-00251,   Ricardo Ramírez Ramos  ,ricardo.ramírez573@yahoo.com.mx,55-4180-5041,mérida,Sureste,Estándar,2024-12-03,,,Meta Ads,
CLI-00271,Ricardo Martínez Reyes,,55-5808-9108,Tijuana,Norte,Básico,22/08/2020,Mensual,Business,Google Ads,
CLI-00388,Laura Torres González,laura.torres215@gmail.com,55-2579-1803,Puebla,Centro,Estándar,2021-10-23,Anual,Starter,Orgánico,
CLI-00132,Fernanda Cruz Díaz,fernanda.cruz762@yahoo.com.mx,,TIJUANA,Norte, Básico ,2023-01-02,,,Email,
CLI-00150,Alejandro Aguilar Ramírez,alejandro.aguilar424@gmail.com,55-9186-2441,tijuana,Norte,BÁSICO,2022-11-11,Mensual,Pro,Orgánico,
CLI-00125,Andrea Gómez Vázquez,andrea.gómez596@hotmail.com,55-3404-7799,Cancún,Sureste,Básico,2024-07-19,,,Orgánico,
CLI-00207,   Laura Vázquez Chávez  ,,55-1292-5407,Mérida,Sureste,Estándar,2020-10-03,,,Referidos,
CLI-00168,   Roberto Vázquez Aguilar  ,roberto.vázquez572@outlook.com,55-4184-1734,Toluca,Centro,Estándar,2024-03-15,,,Email,
CLI-00266,Carlos Romero Sánchez,carlos.romero893@outlook.com,,Querétaro,Centro,Básico,2022-07-03,,,Referidos,
CLI-00486,Fernanda Ortiz Ramírez,fernanda.ortiz971@hotmail.com,55-9421-1775,Ciudad de México,Centro,Básico,2022-07-12,,,Eventos,
CLI-00352,Gabriela González Silva,,55-8852-9522,Querétaro,Centro,Estándar,2019-03-30,,,Referidos,
CLI-00127,Fernando Gutiérrez Mendoza,fernando.gutiérrez103@hotmail.com,55-2895-7350,Ciudad de México,Centro,Estándar,2024-03-07,,,Email,
CLI-00186,Daniela Flores Silva,daniela.flores894@outlook.com,,Tijuana,Norte,premium,2025-05-20,,,Email,
CLI-00056,Patricia Ramírez García,patricia.ramírez684@gmail.com,55-1458-8749,Mérida,Sureste,Básico,05/20/2023,,,Email,
CLI-00129,Paola González López,paola.gonzález767@,55-7878-7189, León ,Occidente,Estándar,2023-02-14,,,Orgánico,
CLI-00149,Raúl Hernández Rivera,raúl.hernández797@yahoo.com.mx,55-7257-7504,Cancún,Sureste,Básico,2023-10-14,Mensual,Starter,Referidos,
CLI-00443,María Gómez Vázquez,maría.gómez204@gmail.com,55-8251-1158,Cancún,Sureste,básico,2023-05-30,Mensual,Pro,Google Ads,
CLI-00009,Ximena Jiménez Reyes,ximena.jiménez324@outlook.com,55-3355-4879,Guadalajara,Occidente,Premium,2019-11-06,Mensual,Starter,Google Ads,
CLI-00429,Paola Martínez Morales,paola.martínez755@yahoo.com.mx,55-3538-7194,monterrey,Norte,Básico,01/10/2020,Anual,Starter,Meta Ads,
CLI-00205,Ana Díaz Chávez,,55-7664-4236,Mérida,Sureste,Estándar,2024-11-30,,,Referidos,
CLI-00175,Andrea López Martínez,andrea.lópez366@outlook.com,55-7434-9426,puebla,Centro,Estándar,04/02/2020,Mensual,Starter,Orgánico,
CLI-00479,Camila Gutiérrez Martínez,camila.gutiérrez687@,55-8687-3214,Cancún,Sureste,Estándar,2020-07-18,,,Orgánico,
CLI-00195,Eduardo Gómez Cruz,eduardo.gómez586@yahoo.com.mx,55-2549-6993,QUERÉTARO,Centro,Premium,2022-07-27,Anual,Starter,Orgánico,
CLI-00337,Ricardo Vázquez Gutiérrez,ricardo.vázquez49@yahoo.com.mx,55-7001-3358,Querétaro,Centro,Estándar,2020-04-28,Mensual,Business,Eventos,
CLI-00192,Valeria López Delgado,valeria.lópez220@yahoo.com.mx,55-2469-3072,Puebla,Centro,Estándar,03/25/2019,,,Google Ads,
CLI-00014,Carlos Gómez Sánchez,carlos.gómez485@outlook.com,55-2179-5523,Querétaro,Centro,Básico,12/06/2019,,,Meta Ads,
CLI-00059,Juan Cruz Flores,juan.cruz300@gmail.com,55-3585-4310,Puebla,Centro,Premium,07/04/2020,Mensual,Starter,Meta Ads,
CLI-00104,Roberto González Romero,roberto.gonzález905@yahoo.com.mx,55-6343-4753,CANCÚN,Sureste,Premium,04/11/2023,Mensual,Pro,Eventos,
CLI-00466,Carlos Gutiérrez González,carlos.gutiérrez820@yahoo.com.mx,,Ciudad de México,Centro,Estándar,2025-01-02,,,Google Ads,
CLI-00306,   Sofía Gómez Medina  ,sofía.gómez423@hotmail.com,55-2082-8523,Puebla,Centro,Estándar,2020-12-04,Anual,Starter,Orgánico,
CLI-00010,Paola Díaz Vázquez,paola.díaz906@gmail.com,55-2318-3962,Querétaro,Centro,Premium,2019-04-29,,,Eventos,
CLI-00252,Alejandro Aguilar Rivera,alejandro.aguilar263@hotmail.com,55-1338-2400,Tijuana,Norte,Estándar,2024-04-01,,,Email,
CLI-00191,Juan Rivera Ramos,juan.rivera296@hotmail.com,55-9808-3651,Querétaro,Centro,Estándar,2020-12-19,Anual,Pro,Eventos,
CLI-00309,Miguel Herrera Martínez, miguel.herrera228@hotmail.com ,55-6028-8931,Querétaro,Centro,Básico,17/08/2024,,,Orgánico,
CLI-00410,Andrea Castillo González,andrea.castillo962@outlook.com,55-9615-8995,toluca,Centro,Estándar,02/04/2019,Mensual,Business,Meta Ads,
CLI-00491,Daniela Silva Sánchez,daniela.silva423@hotmail.com,55-2849-5905,QUERÉTARO,Centro,Estándar,2025-05-20,,,Referidos,
CLI-00276,María Sánchez Gutiérrez,maría.sánchez949@hotmail.com,55-1235-8569,mérida,Sureste,Premium,2022-04-11,,,Eventos,
CLI-00019,Eduardo Medina Castillo,eduardo.medina265@hotmail.com,55-4950-3323,Guadalajara,Occidente,Estándar,2021-05-29,,,Referidos,
CLI-00215,   Andrea Rivera Martínez  ,andrea.rivera872@gmail.com,55-2542-1547,Monterrey,Norte,Estándar,2019-01-18,,,Google Ads,
CLI-00312,Gabriela Reyes Ramos,gabriela.reyes304@gmail.com,55-3309-6170,Guadalajara,Occidente,Básico,09/10/2019,,,Meta Ads,
CLI-00012,Sofía Martínez Gutiérrez,sofía.martínez130@hotmail.com,55-3290-1822,Ciudad de México,Centro, Premium ,2025-01-19,,,Eventos,
CLI-00259,Andrea Romero Delgado,,55-1800-2579,querétaro,Centro,Básico,2025-02-22,,,Google Ads,
CLI-00273,Fernando Aguilar Cruz,fernando.aguilar514@outlook.com,55-4364-5644,QUERÉTARO,Centro, Estándar ,03/03/2023,,,Referidos,
CLI-00299,Gabriela Vázquez Herrera,gabriela.vázquez363@hotmail.com,55-1592-1121,TOLUCA,Centro, Premium ,08/19/2023,,,Orgánico,
CLI-00034,Juan Gutiérrez Torres,juan.gutiérrez219@outlook.com,55-7594-4309,Guadalajara,Occidente, Estándar ,29/05/2023,Mensual,Pro,Google Ads,
CLI-00344,Arturo González Ortiz,,55-3406-1586,Puebla,Centro,Premium,2019-12-19,Anual,Business,Google Ads,
CLI-00022,Fernando García Reyes,fernando.garcía329@yahoo.com.mx,55-7936-3978,León,Occidente, Estándar ,2022-12-15,,,Eventos,
CLI-00221,Ximena Sánchez Morales,,55-6334-3338,Monterrey,Norte,Estándar,2020-03-09,,,Referidos,
CLI-00430,Roberto Herrera Ramírez,roberto.herrera766@gmail.com,55-9753-1681, Cancún ,Sureste,Estándar,2023-04-29,,,Referidos,
CLI-00386,   Ana Gutiérrez Pérez  ,ana.gutiérrez159@hotmail.com,55-2707-1159,Tijuana,Norte,Básico,12/15/2024,,,Google Ads,
CLI-00393,Luis Martínez Delgado,luis.martínez962@yahoo.com.mx,55-1464-9582,Monterrey,Norte,Básico,2021-05-21,Anual,Starter,Google Ads,
CLI-00302,Diego Gómez Herrera,diego.gómez109@hotmail.com,55-8795-2845,Toluca,Centro,Estándar,2023-11-20,,,Referidos,
CLI-00421,Ricardo González Sánchez,ricardo.gonzález648@yahoo.com.mx,55-6905-6205, Toluca ,Centro,BÁSICO,2024-04-30,,,Eventos,
CLI-00072,Ana López Hernández,ana.lópez52@outlook.com,55-8942-7865,Guadalajara,Occidente,BÁSICO,2021-08-16,,,Referidos,
CLI-00228,Andrea Pérez Ramírez,andrea.pérez306@yahoo.com.mx,55-5864-1462,MONTERREY,Norte,Básico,2021-12-19,Mensual,Pro,Google Ads,
CLI-00286,Fernando García García,fernando.garcía807@yahoo.com.mx,55-5040-2522,toluca,Centro, Estándar ,16/04/2025,,,Eventos,
CLI-00236,Daniela Castillo Silva,daniela.castillo6@outlook.com,55-2397-3533,Cancún,Sureste,Estándar,2022-11-24,Mensual,Starter,Google Ads,
CLI-00359,Raúl Martínez Mendoza,raúl.martínez927@outlook.com,55-4691-5179,Ciudad de México,Centro, Estándar ,2023-05-19,Mensual,Starter,Eventos,
CLI-00193,Ricardo Delgado Ramírez,ricardo.delgado118@hotmail.com,55-1557-6123,Monterrey,Norte,Estándar,2021-05-30,,,Google Ads,
CLI-00212,Daniela Gutiérrez López,daniela.gutiérrez887@hotmail.com,55-6490-9667,Querétaro,Centro,Premium,2023-03-26,,,Meta Ads,
CLI-00078,Laura Delgado Gómez,laura.delgado813@hotmail.com,55-7864-7035, Querétaro ,Centro,Estándar,2025-06-13,,,Referidos,
CLI-00366,María Mendoza Gutiérrez,maría.mendoza751@gmail.com,55-1290-3495,Cancún,Sureste, Estándar ,2023-12-10,,,Meta Ads,
CLI-00111,Ana Reyes Ramírez,ana.reyes932@yahoo.com.mx,55-8681-7171,Guadalajara,Occidente,Estándar,15/08/2019,,,Meta Ads,
CLI-00426,Eduardo Torres González,eduardo.torres923@gmail.com,55-3485-2834,León,Occidente,Premium,2019-06-16,,,Meta Ads,
CLI-00320,Ximena Rivera Herrera,ximena.rivera19@,55-1335-9730,Monterrey,Norte,Básico,2019-05-04,,,Referidos,
CLI-00398,Patricia Chávez Castillo,patricia.chávez345@outlook.com,55-4646-1187,Monterrey,Norte, Estándar ,2020-07-20,Mensual,Starter,Google Ads,
CLI-00202,Luis Martínez Mendoza,luis.martínez722@yahoo.com.mx,,Mérida,Sureste,Estándar,01/10/2020,,,Google Ads,
CLI-00399,Camila Medina Flores,camila.medina121@yahoo.com.mx,55-8503-4998,Mérida,Sureste,Estándar,2022-09-19,Anual,Starter,Referidos,
CLI-00041,   Diego Gutiérrez Jiménez  ,diego.gutiérrez214@yahoo.com.mx,55-3614-8681,Puebla,Centro,Premium,06/11/2022,Mensual,Starter,Email,
CLI-00106,Ana González Ramírez,ana.gonzález286@outlook.com,55-6453-1190,Toluca,Centro,Estándar,2023-01-28,Anual,Starter,Eventos,
CLI-00438,Ximena Ramírez Flores,,,Puebla,Centro,Básico,2024-10-24,,,Meta Ads,
CLI-00176,Patricia Aguilar Gómez,patricia.aguilar21@outlook.com,55-6952-4355,Monterrey,Norte,Básico,02/19/2023,,,Orgánico,
CLI-00391,Ricardo López Ramos,ricardo.lópez61@outlook.com,55-4369-9966,Querétaro,Centro,Estándar,2024-06-23,Anual,Starter,Eventos,
CLI-00239,Jorge Morales Chávez,jorge.morales425@outlook.com,55-5678-5424,Monterrey,Norte,Estándar,2025-06-21,,,Orgánico,
CLI-00048,Gabriela Díaz Cruz,gabriela.díaz829@yahoo.com.mx,55-6661-9469,Querétaro,Centro,Premium,2019-10-01,,,Referidos,
CLI-00343,Mariana Martínez Aguilar,mariana.martínez684@gmail.com,55-6328-2500,Mérida,Sureste,Premium,2024-07-15,Mensual,Business,Google Ads,
CLI-00203,Patricia Cruz Herrera,patricia.cruz756@outlook.com,55-9977-1139,Querétaro,Centro,Estándar,2023-04-05,Mensual,Starter,Referidos,
CLI-00094,Jorge Ortiz Romero,jorge.ortiz879@outlook.com,55-5203-3616,Monterrey,Norte,Básico,2023-12-31,,,Meta Ads,
CLI-00217,Ximena González Gómez,ximena.gonzález920@yahoo.com.mx,55-4331-1710,Ciudad de México,Centro,Básico,2023-04-28,,,Eventos,
CLI-00400,Roberto Gutiérrez González,,55-7911-5306,Monterrey,Norte,Estándar,2020-11-17,,,Orgánico,
CLI-00121,Diego García Aguilar,diego.garcía443@yahoo.com.mx,55-5804-1807,Toluca,Centro,Estándar,2023-01-22,,,Referidos,
CLI-00240,Diego González Gómez,diego.gonzález709@gmail.com,55-1504-9034,Tijuana,Norte,Estándar,2023-07-30,Mensual,Starter,Orgánico,
CLI-00065,Arturo Cruz Torres,arturo.cruz975@hotmail.com,55-8995-4409,León,Occidente,Premium,09/10/2021,,,Eventos,
CLI-00402,Paola Torres Ramírez,paola.torres469@hotmail.com,55-2984-8585,Tijuana,Norte,Estándar,2020-02-23,,,Referidos,
CLI-00112,Patricia Ramírez Morales,patricia.ramírez936@gmail.com,55-9950-7062,Toluca,Centro,Estándar,2021-09-05,,,Google Ads,
CLI-00368,Patricia Díaz Flores,patricia.díaz525@gmail.com,55-5451-2362,Monterrey,Norte,Básico,2025-03-23,,,Meta Ads,
CLI-00440,Camila Vázquez Hernández,camila.vázquez593@yahoo.com.mx,55-1839-2600,Mérida,Sureste,Básico,2021-06-25,Mensual,Starter,Orgánico,
CLI-00374,Miguel Morales Díaz,miguel.morales427@yahoo.com.mx,55-9410-2923,Tijuana,Norte,Estándar,2023-11-30,,,Orgánico,
CLI-00226,Arturo Aguilar Torres,,55-5152-7683,Cancún,Sureste,Básico,14/01/2023,Anual,Starter,Referidos,
CLI-00201,Miguel Rivera Morales,miguel.rivera405@gmail.com,55-7236-9190,mérida,Sureste,premium,2020-08-04,,,Referidos,
CLI-00394,María Martínez Hernández,maría.martínez421@gmail.com,55-1338-8236, Tijuana ,Norte,Básico,2020-09-30,Anual,Starter,Referidos,
CLI-00003,Luis García Chávez,luis.garcía508@hotmail.com,55-5886-8650,toluca,Centro,Premium,2022-07-01,Anual,Pro,Eventos,
CLI-00490,Raúl Romero Sánchez,raúl.romero726@outlook.com,55-2151-9456,Toluca,Centro,Básico,13/06/2021,Mensual,Starter,Email,
CLI-00389,Sofía Cruz Cruz,sofía.cruz574@yahoo.com.mx,55-4423-8919,Puebla,Centro,Estándar,2024-12-23,,,Orgánico,
CLI-00036,Raúl Aguilar Flores,raúl.aguilar417@gmail.com,55-9237-7080,Guadalajara,Occidente,BÁSICO,2024-07-24,Anual,Business,Referidos,
CLI-00395,Sofía Aguilar Ortiz,sofía.aguilar355@hotmail.com,55-5317-8683,Cancún,Sureste,Estándar,2022-07-08,,,Google Ads,
CLI-00148,José Chávez Sánchez,josé.chávez531@hotmail.com,55-1254-5099,Mérida,Sureste,Básico,2022-12-10,Anual,Business,Email,
CLI-00380,María Delgado López,maría.delgado845@gmail.com,55-3952-6450,Ciudad de México,Centro,Básico,2023-04-24,,,Orgánico,
CLI-00350,Ximena Torres Cruz,ximena.torres714@yahoo.com.mx,55-4047-8657,Ciudad de México,Centro,Premium,26/12/2022,Mensual,Starter,Email,
CLI-00055,Mariana Ortiz Vázquez,mariana.ortiz799@gmail.com,55-6854-8430,Toluca,Centro,premium,2022-05-30,Anual,Business,Meta Ads,
CLI-00005,Camila Romero Mendoza,camila.romero97@yahoo.com.mx,55-6282-1204,Ciudad de México,Centro,Básico,17/12/2021,,,Email,
CLI-00098,Ximena Mendoza Morales,ximena.mendoza828@gmail.com,55-8647-3836,Querétaro,Centro,Estándar,2020-09-30,,,Referidos,
CLI-00397,Paola Reyes Flores,paola.reyes553@gmail.com,55-4335-8254,Toluca,Centro,Premium,2025-02-16,,,Google Ads,
CLI-00159,Miguel Rivera Morales,miguel.rivera465@yahoo.com.mx,55-6803-3039,CIUDAD DE MÉXICO,Centro,Básico,19/02/2023,,,Orgánico,
CLI-00136,José Flores López,josé.flores451@gmail.com,55-1149-3259,Tijuana,Norte,Estándar,11/08/2023,Anual,Pro,Orgánico,
CLI-00077,Fernanda Silva Morales,fernanda.silva789@gmail.com,55-4770-4212,Querétaro,Centro,Básico,2025-04-15,Mensual,Pro,Eventos,
CLI-00484,Juan Gómez Aguilar,juan.gómez152@,55-8844-6064,Toluca,Centro,Estándar,2020-04-20,Mensual,Pro,Orgánico,
CLI-00265,Ana Jiménez Delgado,,55-7673-7872,Puebla,Centro,Básico,2024-08-16,Mensual,Business,Email,
CLI-00372,Sergio Gómez Gómez,sergio.gómez394@yahoo.com.mx,55-6942-3340,Toluca,Centro,Premium,2022-03-14,,,Email,
CLI-00354,Sergio Rivera Pérez,sergio.rivera503@outlook.com,55-1763-8131,Toluca,Centro,ESTÁNDAR,2019-12-24,Anual,Starter,Referidos,
CLI-00321,Ricardo Silva Flores,ricardo.silva893@gmail.com,55-2766-6652,GUADALAJARA,Occidente,Estándar,08/02/2024,,,Eventos,
CLI-00173,Sofía Medina Ramos,sofía.medina626@outlook.com,55-5165-4947,Guadalajara,Occidente,Premium,2022-11-04,Mensual,Starter,Google Ads,
CLI-00031,Ana Jiménez Hernández,ana.jiménez121@yahoo.com.mx,55-6465-5569,PUEBLA,Centro,ESTÁNDAR,2020-01-22,,,Eventos,
CLI-00085,Miguel Aguilar Flores,miguel.aguilar684@hotmail.com,55-1634-2541,León,Occidente,Estándar,2023-10-16,,,Orgánico,
CLI-00219,Camila García Herrera,camila.garcía991@yahoo.com.mx,55-7387-4249,Toluca,Centro,Estándar,2019-06-04,,,Google Ads,
CLI-00255,Laura Torres Delgado,laura.torres1@yahoo.com.mx,55-2468-9504,Tijuana,Norte,Básico,2021-06-28,,,Google Ads,
CLI-00283,Juan Hernández Romero,juan.hernández49@gmail.com,55-9551-6101,Tijuana,Norte,Estándar,05/18/2023,,,Email,
CLI-00497,Daniela Martínez Morales,daniela.martínez717@yahoo.com.mx,55-2279-3554,CIUDAD DE MÉXICO,Centro,Estándar,2023-11-09,,,Eventos,
CLI-00025,Patricia Torres Rivera,patricia.torres74@gmail.com,55-1115-8484, Guadalajara ,Occidente,Estándar,2019-01-11,,,Google Ads,
CLI-00187,Luis Hernández Pérez,luis.hernández323@hotmail.com,55-2531-7535,león,Occidente,Premium,2024-06-05,,,Referidos,
CLI-00358,Jorge Ortiz Mendoza,jorge.ortiz649@yahoo.com.mx,55-2390-5167,Cancún,Sureste,Básico,14/06/2019,Mensual,Pro,Orgánico,
CLI-00039,Roberto Sánchez Hernández,roberto.sánchez333@outlook.com,55-7670-4848,Toluca,Centro,Estándar,2023-11-16,Anual,Pro,Meta Ads,
CLI-00412,Gabriela Aguilar López,gabriela.aguilar2@yahoo.com.mx,55-1580-4678,Monterrey,Norte,Básico,2025-02-13,Anual,Business,Email,
CLI-00492,Gabriela Ramírez González,gabriela.ramírez459@outlook.com,55-5218-9896,León,Occidente,Premium,2022-03-13,Anual,Starter,Google Ads,
CLI-00066,Arturo Jiménez Vázquez,arturo.jiménez830@hotmail.com,55-5757-7635,MONTERREY,Norte,Básico,2019-01-06,Anual,Business,Google Ads,
CLI-00147,Carlos Torres Ortiz,carlos.torres483@yahoo.com.mx,55-5509-8054,Monterrey,Norte,Estándar,22/04/2023,,,Referidos,
CLI-00143,Laura Martínez Mendoza,laura.martínez631@outlook.com,55-5637-6168,Monterrey,Norte,Básico,2019-05-05,,,Google Ads,
CLI-00270,Mariana Chávez García,mariana.chávez157@yahoo.com.mx,55-2624-5930,Monterrey,Norte,Estándar,2021-01-25,,,Orgánico,
CLI-00198,Roberto Ramírez Medina,roberto.ramírez762@gmail.com,55-8509-4480, Monterrey ,Norte,Estándar,18/07/2019,,,Eventos,
CLI-00007,   Laura López Ramírez  ,laura.lópez214@hotmail.com,55-2237-3924,Cancún,Sureste,Estándar,2024-09-30,,,Meta Ads,
CLI-00405,Andrea Pérez Torres,andrea.pérez781@,55-5359-2529,puebla,Centro,Estándar,2020-02-03,,,Referidos,
CLI-00070,Ximena Gómez Delgado,ximena.gómez120@yahoo.com.mx,55-1194-2648,Puebla,Centro,Estándar,2024-08-02,Mensual,Business,Email,
CLI-00487,Miguel Sánchez Cruz,miguel.sánchez335@yahoo.com.mx,55-5770-8326,Querétaro,Centro,Premium,2019-12-27,Mensual,Pro,Meta Ads,
CLI-00117,Paola López Martínez,paola.lópez909@gmail.com,55-2136-8753,guadalajara,Occidente,Estándar,2020-02-05,Mensual,Starter,Orgánico,
CLI-00304,Luis Mendoza Morales,,55-7992-8116,Cancún,Sureste,Estándar,05/08/2020,,,Google Ads,
CLI-00164,Andrea Aguilar Rivera,andrea.aguilar306@yahoo.com.mx,55-9467-4563,Querétaro,Centro,Estándar,2020-08-24,Mensual,Starter,Google Ads,
CLI-00119,Juan Silva Mendoza,juan.silva272@yahoo.com.mx,55-6880-6203,Monterrey,Norte,Estándar,2023-12-04,,,Google Ads,
CLI-00295,Luis Aguilar Sánchez,luis.aguilar616@outlook.com,55-6019-5130,LEÓN,Occidente,ESTÁNDAR,2021-06-16,,,Meta Ads,
CLI-00429,Paola Martínez Morales,paola.martínez755@yahoo.com.mx,55-3538-7194,monterrey,Norte,Básico,01/10/2020,Anual,Starter,Meta Ads,
CLI-00406,Sergio Díaz Ramírez,sergio.díaz249@gmail.com,55-5705-2686,Guadalajara,Occidente,Estándar,2023-02-22,,,Google Ads,
CLI-00107,Raúl Díaz Medina,,55-1537-4196,Cancún,Sureste,Básico,2023-06-16,Mensual,Pro,Referidos,
CLI-00140,Luis Castillo Flores,luis.castillo164@yahoo.com.mx,55-1536-7179,León,Occidente,Estándar,2022-03-15,,,Referidos,
CLI-00130,Eduardo Silva Jiménez,eduardo.silva797@hotmail.com,55-5380-1558,Monterrey,Norte,Estándar,05/15/2025,Mensual,Starter,Google Ads,
CLI-00426,Eduardo Torres González,eduardo.torres923@gmail.com,55-3485-2834,León,Occidente,Premium,2019-06-16,,,Meta Ads,
CLI-00335,Camila Ortiz Herrera,camila.ortiz353@hotmail.com,55-3098-1507,GUADALAJARA,Occidente,Básico,2025-06-17,,,Orgánico,
CLI-00061,Gabriela Pérez Herrera,gabriela.pérez772@yahoo.com.mx,55-2518-3192,Puebla,Centro,Básico,2022-12-21,,,Referidos,
CLI-00190,Ximena Hernández Torres,ximena.hernández604@outlook.com,55-4649-7674,Ciudad de México,Centro,Estándar,2023-06-30,,,Orgánico,
CLI-00211,Andrea Gómez Jiménez,andrea.gómez903@,55-4212-7239,Cancún,Sureste,Estándar,2022-01-29,Mensual,Business,Eventos,
CLI-00258,Andrea Ortiz González,,55-1542-9145,Puebla,Centro,Estándar,2025-05-31,,,Referidos,
CLI-00087,Sofía Gutiérrez Aguilar,sofía.gutiérrez299@yahoo.com.mx,55-9659-6386,Guadalajara,Occidente,Básico,2019-02-19,,,Google Ads,
CLI-00390,Diego González Sánchez,diego.gonzález844@hotmail.com,55-2953-8859,Toluca,Centro,Estándar,2019-07-04,Mensual,Starter,Orgánico,
CLI-00288,Camila Mendoza Martínez,camila.mendoza968@gmail.com,55-7468-9119,Cancún,Sureste,premium,2022-01-27,,,Eventos,
CLI-00246,José Ramos Hernández,,55-8188-9497,Toluca,Centro,Estándar,2023-12-04,,,Referidos,
CLI-00262,Valeria Gómez López,,55-6900-7773,Ciudad de México,Centro,Estándar,2021-10-22,,,Referidos,
CLI-00469,Luis Cruz Vázquez,luis.cruz764@gmail.com,55-4150-1975,Mérida,Sureste,Estándar,2024-06-08,Anual,Starter,Google Ads,
CLI-00379,Gabriela Martínez López,gabriela.martínez650@yahoo.com.mx,55-1613-7637,Tijuana,Norte,Estándar,2023-03-23,Mensual,Starter,Referidos,
CLI-00387,Laura García Romero,,55-4357-3773,Mérida,Sureste,Premium,2022-09-21,,,Eventos,
CLI-00331,Roberto Gómez Rivera,roberto.gómez69@outlook.com,55-1183-1744,Monterrey,Norte,Básico,2023-11-16,,,Referidos,
CLI-00348,Daniela Mendoza Romero,daniela.mendoza779@gmail.com,55-5827-2992,Tijuana,Norte,Estándar,2024-12-07,,,Meta Ads,
CLI-00081,José Gómez Díaz,,55-5455-4399,Tijuana,Norte,Premium,2020-04-22,Anual,Pro,Meta Ads,
CLI-00424,Ana Medina Gutiérrez,ana.medina124@gmail.com,55-4639-4688,cancún,Sureste,Básico,2021-08-14,Mensual,Starter,Email,
CLI-00507,Laura Díaz Morales, laura.díaz607@gmail.com ,55-7181-2300,León,Occidente,Estándar,2022-05-03,,,Google Ads,
CLI-00468,Gabriela Pérez Hernández,gabriela.pérez571@yahoo.com.mx,55-6948-4986,León,Occidente,Básico,19/09/2023,Mensual,Pro,Referidos,
CLI-00222,José Hernández Rivera,josé.hernández379@hotmail.com,55-7577-6189,Guadalajara,Occidente,Estándar,2022-11-25,,,Referidos,
CLI-00329,María Jiménez Jiménez,maría.jiménez254@gmail.com,55-1114-5757,Mérida,Sureste,Básico,17/01/2024,Mensual,Business,Meta Ads,
CLI-00498,Mariana Martínez Ramos,mariana.martínez831@outlook.com,55-8920-6361,Mérida,Sureste,Estándar,2019-11-01,,,Email,
CLI-00122,Ricardo García Delgado,,55-5884-2333,Puebla,Centro, Estándar ,2024-11-13,,,Eventos,
CLI-00378,Fernanda Ortiz González,fernanda.ortiz238@outlook.com,55-8331-3834,Querétaro,Centro,Estándar,2020-11-09,,,Meta Ads,
CLI-00013,Diego Sánchez Hernández,diego.sánchez951@gmail.com,55-2064-7910,Guadalajara,Occidente,Estándar,10/12/2024,,,Google Ads,
CLI-00353,Miguel Reyes Aguilar,miguel.reyes159@gmail.com,55-9641-2384,Querétaro,Centro,Estándar,2019-04-15,Mensual,Pro,Eventos,
CLI-00128,Laura Ortiz Silva,laura.ortiz730@yahoo.com.mx,55-5982-8026,Monterrey,Norte,Estándar,2019-07-17,Mensual,Starter,Meta Ads,
CLI-00182,Eduardo Delgado Gómez,eduardo.delgado262@hotmail.com,55-8820-1922,Toluca,Centro,Básico,27/07/2022,,,Google Ads,
CLI-00364,Alejandro Pérez Silva,alejandro.pérez814@yahoo.com.mx,55-6681-6133,CANCÚN,Sureste,Estándar,2022-03-31,,,Referidos,
CLI-00483,Paola Gutiérrez Castillo,paola.gutiérrez25@outlook.com,55-1984-1583,Cancún,Sureste,estándar,2025-02-09,,,Email,
CLI-00349,Valeria Aguilar González,valeria.aguilar427@outlook.com,55-2715-3601,tijuana,Norte, Básico ,2020-11-19,Mensual,Pro,Google Ads,
CLI-00198,Roberto Ramírez Medina,roberto.ramírez762@gmail.com,55-8509-4480, Monterrey ,Norte,Estándar,18/07/2019,,,Eventos,
CLI-00446,Arturo Pérez Romero,arturo.pérez118@outlook.com,55-5724-9622,León,Occidente,Estándar,2023-07-17,Anual,Pro,Orgánico,
CLI-00384,Jorge Delgado Castillo,jorge.delgado302@gmail.com,55-7354-4010,CANCÚN,Sureste,Premium,2023-06-22,Mensual,Business,Email,
CLI-00053,Fernando Jiménez Rivera,fernando.jiménez430@yahoo.com.mx,,Mérida,Sureste,Básico,2023-06-17,,,Meta Ads,
CLI-00460,Patricia Romero Reyes,patricia.romero143@hotmail.com,55-3165-9296,Querétaro,Centro,Básico,2020-10-18,Anual,Starter,Orgánico,
CLI-00110,Arturo Flores Vázquez,arturo.flores5@hotmail.com,55-1698-5966,Querétaro,Centro,Estándar,2022-01-22,,,Meta Ads,
CLI-00256,   Eduardo Delgado Sánchez  ,eduardo.delgado136@hotmail.com,55-7813-4098,Puebla,Centro,Estándar,2021-04-09,Anual,Business,Meta Ads,
CLI-00080,Roberto García González,roberto.garcía98@hotmail.com,55-2338-2415,León,Occidente,Premium,01/01/2021,Mensual,Pro,Orgánico,
CLI-00475,Paola Ortiz Jiménez,paola.ortiz251@gmail.com,,león,Occidente,Básico,2020-10-18,Mensual,Pro,Orgánico,
CLI-00503,Raúl Herrera Gómez,raúl.herrera86@hotmail.com,55-8511-5523,León,Occidente,Estándar,26/06/2024,Mensual,Business,Orgánico,
CLI-00437,Sergio Mendoza Reyes,sergio.mendoza327@hotmail.com,55-4124-5620,Mérida,Sureste,Básico,2022-10-06,Mensual,Starter,Email,
CLI-00096,Carlos Herrera Torres,carlos.herrera977@hotmail.com,55-7021-9142,Tijuana,Norte,ESTÁNDAR,2021-09-17,Mensual,Pro,Email,
CLI-00223,Gabriela Hernández Aguilar,gabriela.hernández372@outlook.com,55-9756-8795,Puebla,Centro,Básico,01/24/2025,,,Meta Ads,
CLI-00298,Eduardo Sánchez García,eduardo.sánchez146@gmail.com,55-4334-8679,León,Occidente,Estándar,08/04/2022,,,Meta Ads,
CLI-00319,María García Martínez,maría.garcía64@,55-7205-7773,puebla,Centro,Básico,20/05/2025,,,Google Ads,
CLI-00234,Fernando Reyes Torres,fernando.reyes13@gmail.com,55-5215-8846, León ,Occidente,Premium,2023-01-13,,,Google Ads,
CLI-00139,Laura Morales Díaz,laura.morales613@gmail.com,55-6333-1753,Mérida,Sureste,Estándar,2021-02-11,Anual,Starter,Eventos,
CLI-00062,Fernanda López Medina,fernanda.lópez455@gmail.com,55-6164-5622,Puebla,Centro,Premium,2019-12-22,,,Google Ads,
CLI-00123,Fernanda Gómez Rivera,fernanda.gómez317@outlook.com,55-6894-9203,Cancún,Sureste,Estándar,2021-10-30,Anual,Starter,Google Ads,
CLI-00254,Juan Reyes Herrera,juan.reyes885@hotmail.com,55-6893-3972,Puebla,Centro,Premium,2022-02-24,,,Email,
CLI-00194,Carlos Silva Jiménez,carlos.silva460@hotmail.com,55-5774-8973,León,Occidente,Básico,2025-04-12,Anual,Starter,Google Ads,
CLI-00092,Laura Romero Delgado,laura.romero229@outlook.com,55-1875-8858,MÉRIDA,Sureste,Estándar,04/02/2025,,,Email,
CLI-00135,Valeria Silva Mendoza,valeria.silva132@outlook.com,55-6946-3539,Ciudad de México,Centro,Premium,2019-04-05,Anual,Pro,Google Ads,
CLI-00100,Fernando Chávez Rivera,fernando.chávez165@yahoo.com.mx,55-5688-4311,Tijuana,Norte,Básico,2019-03-28,,,Meta Ads,
CLI-00242,Laura Mendoza Gutiérrez,laura.mendoza39@hotmail.com,55-1356-4166,Ciudad de México,Centro,Básico,2020-02-22,Mensual,Business,Meta Ads,
CLI-00272,Fernanda Jiménez Gómez,fernanda.jiménez341@hotmail.com,55-3578-2691,Querétaro,Centro,Básico,2020-08-09,Mensual,Pro,Orgánico,
CLI-00263,Ricardo Martínez Cruz,ricardo.martínez705@gmail.com,55-4085-4795,ciudad de méxico,Centro,Estándar,2020-02-28,,,Google Ads,
CLI-00093,Eduardo Castillo Gutiérrez,eduardo.castillo23@hotmail.com,55-5160-7190,León,Occidente,Premium,2024-08-04,,,Eventos,
CLI-00099,Jorge Pérez Castillo,jorge.pérez344@outlook.com,55-9653-5734,Querétaro,Centro,BÁSICO,2019-06-06,,,Orgánico,
CLI-00335,Camila Ortiz Herrera,camila.ortiz353@hotmail.com,55-3098-1507,GUADALAJARA,Occidente,Básico,2025-06-17,,,Orgánico,
CLI-00004,Ana Ramos Aguilar,ana.ramos417@outlook.com,55-8561-4537,Cancún,Sureste,Estándar,2019-01-07,Anual,Starter,Google Ads,
CLI-00037,Sofía Flores Aguilar,sofía.flores609@gmail.com,55-2939-6138, Ciudad de México ,Centro,Básico,2021-02-01,,,Email,
CLI-00510,Miguel Reyes Aguilar,miguel.reyes159@gmail.com,55-9641-2384,Querétaro,Centro,Estándar,2019-04-15,,,Referidos,
CLI-00155,Raúl Gómez Silva,raúl.gómez984@yahoo.com.mx,55-5050-4515,TIJUANA,Norte,Básico,2020-09-12,,,Eventos,
CLI-00499,Jorge Aguilar Rivera,,55-8643-2848,Monterrey,Norte,Premium,2025-02-11,,,Google Ads,
CLI-00095,Luis Sánchez Chávez,luis.sánchez597@hotmail.com,55-8561-3696,Puebla,Centro,Premium,2022-07-19,,,Meta Ads,
CLI-00057,Miguel Gómez Jiménez,miguel.gómez9@gmail.com,55-9642-7517,Tijuana,Norte,Estándar,2022-02-10,,,Google Ads,
CLI-00179,Gabriela Ortiz Ortiz,gabriela.ortiz503@yahoo.com.mx,,Querétaro,Centro,Básico,2023-08-14,Anual,Business,Email,
CLI-00133,Camila Delgado Mendoza,camila.delgado181@hotmail.com,55-7608-2873,cancún,Sureste,Básico,2023-08-18,,,Meta Ads,
CLI-00277,Alejandro Castillo Ramos,alejandro.castillo1@yahoo.com.mx,55-9099-1435,Monterrey,Norte,Premium,2019-10-09,,,Email,
CLI-00488,Paola Morales Delgado,paola.morales289@gmail.com,55-9630-7265,MONTERREY,Norte,Estándar,27/07/2022,Mensual,Starter,Orgánico,
CLI-00171,Fernando Torres Hernández,fernando.torres958@outlook.com,55-7853-7702,puebla,Centro,Estándar,2021-10-27,,,Referidos,
CLI-00245,María Rivera Sánchez,maría.rivera30@gmail.com,55-8333-9360,Tijuana,Norte,BÁSICO,2024-03-23,,,Meta Ads,
CLI-00328,María Sánchez Jiménez,maría.sánchez927@gmail.com,55-5699-7867,Toluca,Centro,Estándar,2025-04-22,,,Meta Ads,
CLI-00351,   Daniela Jiménez Castillo  ,daniela.jiménez360@outlook.com,55-6448-4219,LEÓN,Occidente,Premium,2020-02-20,,,Referidos,
CLI-00467,Raúl González Ramos,raúl.gonzález120@hotmail.com,,MÉRIDA,Sureste,Estándar,2023-11-18,,,Meta Ads,
CLI-00154,Laura Díaz Morales, laura.díaz607@gmail.com ,55-7181-2300,León,Occidente,Estándar,2022-05-03,,,Referidos,
CLI-00451,Luis Jiménez Herrera,luis.jiménez299@yahoo.com.mx,55-5500-7009,Guadalajara,Occidente,Estándar,2020-03-27,,,Meta Ads,
CLI-00142,Mariana Ramírez Silva,mariana.ramírez555@hotmail.com,55-7172-2621,Mérida,Sureste,Estándar,2024-04-29,Mensual,Starter,Google Ads,
CLI-00146,Verónica Jiménez Silva,verónica.jiménez799@hotmail.com,55-6390-5663,Puebla,Centro,Básico,2023-04-27,,,Orgánico,
CLI-00032,Gabriela Gómez García,gabriela.gómez387@hotmail.com,55-7535-6153,Mérida,Sureste,Básico,2022-06-29,Anual,Starter,Google Ads,
CLI-00486,Fernanda Ortiz Ramírez,fernanda.ortiz971@hotmail.com,55-9421-1775,Ciudad de México,Centro,Básico,2022-07-12,,,Eventos,
CLI-00305,Sergio Morales Gutiérrez,sergio.morales105@hotmail.com,55-6392-5568,Mérida,Sureste,Premium,2020-08-06,,,Meta Ads,
CLI-00008,Valeria López Ramírez,valeria.lópez662@outlook.com,55-2446-9043,Cancún,Sureste,Básico,01/10/2022,,,Meta Ads,
CLI-00269,José Morales Cruz,,, León ,Occidente,Básico,2024-09-23,,,Meta Ads,
CLI-00101,Fernando Medina Vázquez,,55-7426-8399,Tijuana,Norte,Premium,2019-11-13,,,Referidos,
CLI-00308,Fernando Romero Hernández,,55-4579-4557,Tijuana,Norte, Estándar ,2021-10-12,,,Orgánico,
CLI-00051,Ana Chávez Reyes,ana.chávez740@outlook.com,55-9361-5580,Tijuana,Norte,Estándar,2023-08-07,Mensual,Starter,Orgánico,
CLI-00165,Roberto Díaz García,roberto.díaz911@yahoo.com.mx,55-9113-9966, Puebla ,Centro,Básico,2020-11-18,,,Orgánico,
CLI-00156,Luis Reyes Mendoza,luis.reyes408@yahoo.com.mx,55-7601-6391,TOLUCA,Centro,Premium,2020-10-22,Anual,Pro,Email,
CLI-00287,Sergio Martínez Mendoza,sergio.martínez88@outlook.com,55-2889-5139, León ,Occidente,Premium,2023-04-15,,,Referidos,
CLI-00422,Daniela Rivera Hernández,daniela.rivera878@outlook.com,55-6759-7077,LEÓN,Occidente,Premium,2025-02-24,,,Meta Ads,
CLI-00210,Daniela Aguilar González,daniela.aguilar599@yahoo.com.mx,55-6190-2990,Tijuana,Norte,Premium,2021-11-06,Mensual,Pro,Eventos,
CLI-00021,Raúl Herrera Gómez,raúl.herrera86@hotmail.com,55-8511-5523,León,Occidente,Estándar,26/06/2024,,,Meta Ads,
CLI-00375,Ana Medina Romero,,55-3012-9669,Mérida,Sureste,Estándar,2024-06-22,,,Google Ads,
CLI-00102,Sergio Reyes Chávez,sergio.reyes382@hotmail.com,55-5968-1601,Monterrey,Norte,Estándar,2023-05-30,,,Referidos,
CLI-00050,Alejandro Mendoza Castillo,alejandro.mendoza973@hotmail.com,55-2654-3381,León,Occidente,PREMIUM,2024-10-19,,,Meta Ads,
CLI-00414,Jorge Morales Gutiérrez,jorge.morales441@gmail.com,55-5123-2850, Ciudad de México ,Centro,Estándar,2021-02-07,Mensual,Pro,Google Ads,
CLI-00449,Carlos López Romero,carlos.lópez8@hotmail.com,55-9317-8955,Mérida,Sureste,Estándar,2024-01-13,,,Google Ads,
CLI-00153,Laura Martínez Martínez,laura.martínez914@outlook.com,55-4801-6054,Puebla,Centro,BÁSICO,2022-12-10,Anual,Starter,Referidos,
CLI-00076,Luis Silva Mendoza,luis.silva869@yahoo.com.mx,55-3808-9577,Cancún,Sureste,Premium,2025-02-14,,,Orgánico,
CLI-00300,Carlos Sánchez González,carlos.sánchez305@gmail.com,55-2999-8910,mérida,Sureste,Estándar,2023-10-31,,,Orgánico,
CLI-00071,Carlos Gómez Ortiz,carlos.gómez669@gmail.com,55-2111-5246,PUEBLA,Centro,BÁSICO,2025-02-12,,,Orgánico,
CLI-00444,Sergio Mendoza Ramírez,sergio.mendoza958@yahoo.com.mx,55-5460-4465,TIJUANA,Norte,Estándar,2019-01-07,,,Referidos,
CLI-00396,Valeria Reyes Sánchez,valeria.reyes313@outlook.com,55-3955-2065,Puebla,Centro,Estándar,2024-10-16,Anual,Starter,Referidos,
CLI-00268,Diego Rivera Díaz,diego.rivera268@outlook.com,55-9609-9614,Mérida,Sureste,Básico,08/06/2021,,,Eventos,
CLI-00118,Paola Ortiz García,paola.ortiz768@gmail.com,55-9826-4438,Monterrey,Norte,Premium,20/07/2025,,,Referidos,
CLI-00489,Fernanda Castillo Cruz,fernanda.castillo774@yahoo.com.mx,55-9113-6298,Guadalajara,Occidente,Estándar,2024-07-19,,,Email,
CLI-00381,Ximena Cruz Díaz,ximena.cruz207@yahoo.com.mx,55-9883-9277,Mérida,Sureste,Estándar,2021-05-26,Mensual,Starter,Orgánico,
CLI-00185,Valeria Cruz Pérez,valeria.cruz153@hotmail.com,55-1250-9907,LEÓN,Occidente,Básico,2023-06-23,,,Referidos,
CLI-00355,Laura Sánchez Pérez,laura.sánchez245@hotmail.com,55-2719-1151, Mérida ,Sureste,Estándar,2022-07-12,,,Referidos,
CLI-00409,Verónica Chávez Reyes,verónica.chávez928@yahoo.com.mx,55-6709-2071,Cancún,Sureste,Premium,2024-09-14,,,Eventos,
CLI-00265,Ana Jiménez Delgado,,55-7673-7872,Puebla,Centro,Básico,2024-08-16,Mensual,Business,Email,
CLI-00184,Verónica Sánchez Torres,verónica.sánchez333@yahoo.com.mx,55-5070-2545,Toluca,Centro,Estándar,24/02/2022,,,Meta Ads,
CLI-00324,Patricia Romero Gómez,patricia.romero134@yahoo.com.mx,55-2906-8038, Querétaro ,Centro,Estándar,10/22/2022,,,Orgánico,
CLI-00323,Verónica Reyes Ortiz,verónica.reyes127@yahoo.com.mx,55-6019-5115,Cancún,Sureste,Estándar,2025-05-28,,,Email,
CLI-00494,Gabriela Rivera Reyes,gabriela.rivera658@outlook.com,55-6425-3365,Cancún,Sureste, Básico ,21/01/2025,,,Email,
CLI-00428,Alejandro Sánchez González,alejandro.sánchez43@hotmail.com,55-6958-9702,Cancún,Sureste,Estándar,2024-01-27,Mensual,Pro,Email,
CLI-00177,Carlos Silva Jiménez,carlos.silva81@hotmail.com,55-6896-7307,LEÓN,Occidente,Estándar,2022-06-20,,,Referidos,
CLI-00293,Roberto Aguilar Sánchez,roberto.aguilar133@gmail.com,55-9167-7068,Tijuana,Norte, Estándar ,2022-05-04,,,Referidos,
CLI-00166,Diego Mendoza Castillo,diego.mendoza701@outlook.com,55-9166-4272,Cancún,Sureste,Básico,02/13/2021,,,Orgánico,
CLI-00060,Carlos López Morales,carlos.lópez630@gmail.com,55-2465-2757,cancún,Sureste,Estándar,10/09/2020,Mensual,Starter,Meta Ads,
CLI-00249,Eduardo Flores Ramos,,, Puebla ,Centro,Básico,2024-05-20,Anual,Starter,Email,
CLI-00145,Raúl López Aguilar,raúl.lópez764@gmail.com,55-9944-4608,Cancún,Sureste,Estándar,19/09/2024,Anual,Pro,Google Ads,
CLI-00151,Arturo Sánchez Sánchez,arturo.sánchez37@outlook.com,55-1278-1923,León,Occidente,Básico,03/08/2022,Anual,Business,Orgánico,
CLI-00296,María Mendoza Torres,maría.mendoza917@yahoo.com.mx,55-9163-6790,Toluca,Centro,Estándar,2024-03-22,,,Referidos,
CLI-00180,Paola Sánchez González,paola.sánchez342@outlook.com,55-2362-7785, Toluca ,Centro,Premium,2021-02-07,,,Orgánico,
CLI-00458,Luis Rivera Ramos,luis.rivera882@gmail.com,55-1844-3830,Ciudad de México,Centro,Básico,2024-09-30,Anual,Pro,Eventos,
CLI-00196,José Vázquez López,josé.vázquez982@gmail.com,55-6194-7572, Querétaro ,Centro,Estándar,2024-09-13,Mensual,Pro,Email,
CLI-00079,Ximena Vázquez Flores,ximena.vázquez736@hotmail.com,55-5530-8149, Cancún ,Sureste,Estándar,2022-04-22,,,Email,
CLI-00471,Gabriela Hernández Medina,gabriela.hernández544@outlook.com,55-9074-3829,TOLUCA,Centro,Estándar,2019-05-03,,,Google Ads,
CLI-00257,Ximena Delgado Chávez,ximena.delgado736@hotmail.com,55-1742-2701,Mérida,Sureste,Premium,2023-11-15,Anual,Starter,Meta Ads,
CLI-00033,Fernando Sánchez Rivera,fernando.sánchez484@gmail.com,55-3675-8127,León,Occidente,Estándar,2023-08-31,,,Orgánico,
CLI-00279,Valeria Mendoza Sánchez,valeria.mendoza655@outlook.com,55-1222-2619,León,Occidente,Estándar,2022-06-24,Mensual,Pro,Google Ads,
CLI-00163,Roberto Castillo Vázquez,roberto.castillo617@outlook.com,,Tijuana,Norte,Estándar,2022-01-09,Anual,Pro,Orgánico,
CLI-00006,Mariana Delgado Torres,mariana.delgado959@hotmail.com,55-4459-2432,querétaro,Centro,Estándar,29/09/2023,Mensual,Starter,Referidos,
CLI-00174,Jorge Morales Vázquez,jorge.morales333@yahoo.com.mx,55-2917-4236,ciudad de méxico,Centro,Básico,2023-06-16,,,Meta Ads,
CLI-00505,   Sergio Cruz Medina  ,sergio.cruz710@hotmail.com,55-4163-8111,Puebla,Centro, Estándar ,06/16/2024,Anual,Starter,Google Ads,
CLI-00461,Patricia Hernández Pérez,patricia.hernández855@outlook.com,55-5264-3135,Toluca,Centro,Estándar,2020-01-28,,,Google Ads,
CLI-00218,Andrea Silva Jiménez,andrea.silva245@outlook.com,55-2149-8315,Ciudad de México,Centro,Básico,2024-01-04,Mensual,Starter,Referidos,
CLI-00408,Luis Gómez Chávez,luis.gómez185@gmail.com,55-4452-1217,Tijuana,Norte,Estándar,2023-08-27,,,Eventos,
CLI-00509,Juan Gómez Aguilar,juan.gómez152@,55-8844-6064,Toluca,Centro,Estándar,2020-04-20,Anual,Pro,Referidos,
CLI-00135,Valeria Silva Mendoza,valeria.silva132@outlook.com,55-6946-3539,Ciudad de México,Centro,Premium,2019-04-05,Anual,Pro,Google Ads,
CLI-00141,Fernando Flores Cruz,fernando.flores524@gmail.com,,Cancún,Sureste,Estándar,16/01/2023,,,Referidos,
CLI-00453,Ana Aguilar Díaz,ana.aguilar876@yahoo.com.mx,55-6235-7654,Mérida,Sureste,Premium,2019-05-03,Mensual,Starter,Google Ads,
CLI-00243,María García Flores,maría.garcía693@hotmail.com,55-4863-4479,Mérida,Sureste,Estándar,2019-11-24,,,Google Ads,
CLI-00250,Ana Jiménez Torres,ana.jiménez684@outlook.com,55-8073-2306,Mérida,Sureste,Premium,2025-03-04,Mensual,Pro,Meta Ads,
CLI-00316,Roberto Silva Gómez,roberto.silva618@yahoo.com.mx,55-2037-4455,LEÓN,Occidente,básico,09/08/2024,,,Orgánico,
CLI-00225,Patricia Aguilar Martínez,patricia.aguilar497@hotmail.com,,Toluca,Centro,Estándar,07/01/2019,Anual,Starter,Orgánico,
CLI-00063,Verónica Aguilar García,verónica.aguilar207_hotmail.com,55-7119-2703,Mérida,Sureste,Básico,2019-04-12,Mensual,Starter,Orgánico,
CLI-00027,María Martínez Mendoza,maría.martínez718@outlook.com,55-1060-8772,Cancún,Sureste,Premium,2022-10-22,Anual,Starter,Eventos,
CLI-00138,Sofía Morales Ramos,sofía.morales146@yahoo.com.mx,,Querétaro,Centro, Premium ,2019-11-28,,,Meta Ads,
CLI-00425,Fernando Jiménez Silva,,55-5064-1466,Mérida,Sureste,Estándar,2019-11-24,Mensual,Pro,Orgánico,
CLI-00496,Gabriela Romero González,gabriela.romero976@yahoo.com.mx,,Tijuana,Norte,Básico,2022-08-05,Mensual,Pro,Meta Ads,
CLI-00214,Daniela García Ortiz,daniela.garcía939_gmail.com,55-8612-7004,Mérida,Sureste,Básico,10/19/2019,,,Email,
CLI-00435,Sergio Morales Reyes,sergio.morales163@gmail.com,55-9376-6511,Tijuana,Norte,Estándar,2020-11-06,Mensual,Pro,Orgánico,
CLI-00441,Andrea Díaz Flores,andrea.díaz774@outlook.com,55-5050-7445,Monterrey,Norte,Estándar,2024-03-19,,,Meta Ads,
CLI-00477,Raúl Aguilar Torres,raúl.aguilar826@outlook.com,55-9842-1278,Puebla,Centro,Premium,2025-05-04,,,Eventos,
CLI-00199,Ricardo Hernández Rivera,ricardo.hernández867@gmail.com,55-7921-7723,Mérida,Sureste,Básico,2024-05-28,Anual,Starter,Eventos,
CLI-00183,Alejandro Rivera Ortiz,alejandro.rivera433_gmail.com,55-1550-7593,MONTERREY,Norte,Básico,2022-10-20,,,Meta Ads,
CLI-00011,Laura Ramírez Hernández,laura.ramírez39@yahoo.com.mx,55-1287-8564, Querétaro ,Centro,Premium,01/24/2021,,,Orgánico,
CLI-00108,Fernando Ramos Reyes,fernando.ramos691@hotmail.com,55-5850-5644,Mérida,Sureste,Estándar,2019-07-17,Mensual,Starter,Orgánico,
CLI-00297,Andrea González Morales,andrea.gonzález617@yahoo.com.mx,55-2539-5076, Puebla ,Centro,premium,2019-12-18,,,Meta Ads,
CLI-00401,Gabriela Cruz Vázquez,gabriela.cruz725@yahoo.com.mx,55-6507-9260,León,Occidente,Estándar,05/15/2021,,,Google Ads,
CLI-00280,Ximena Ramírez Jiménez,ximena.ramírez391_yahoo.com.mx,55-5210-2718,Puebla,Centro,Premium,2023-10-28,,,Orgánico,
CLI-00403,Raúl Ortiz García,raúl.ortiz644@outlook.com,55-3353-8079,Mérida,Sureste,Estándar,2021-06-02,Anual,Pro,Meta Ads,
CLI-00481,Diego López Flores,diego.lópez326@outlook.com,55-3275-6866,Monterrey,Norte,Estándar,13/04/2019,,,Referidos,
CLI-00209,Luis Torres Reyes,luis.torres96@,55-2848-1854,Puebla,Centro,Estándar,08/12/2020,,,Orgánico,
CLI-00474,Arturo Herrera Ortiz,arturo.herrera551@hotmail.com,55-7606-2281,QUERÉTARO,Centro, Estándar ,2021-10-18,,,Eventos,
CLI-00291,Juan González Cruz,juan.gonzález637@gmail.com,55-2036-1159,Ciudad de México,Centro,BÁSICO,13/02/2022,,,Eventos,
CLI-00044,Diego Silva Vázquez,diego.silva857@outlook.com,55-2416-7667,Monterrey,Norte,ESTÁNDAR,2020-04-15,,,Email,
CLI-00407,Fernando Mendoza Gutiérrez,fernando.mendoza833@yahoo.com.mx,55-7028-6666,Cancún,Sureste,Premium,2019-08-20,,,Orgánico,
CLI-00314,Fernanda Gómez Silva,fernanda.gómez748@gmail.com,,León,Occidente, Premium ,2024-02-24,,,Google Ads,
CLI-00247,Luis González Hernández,luis.gonzález393@,55-5676-1790,Monterrey,Norte, Estándar ,2024-02-25,Mensual,Pro,Orgánico,
CLI-00462,Carlos Mendoza Ramírez,carlos.mendoza658@outlook.com,55-7482-2578,Mérida,Sureste,estándar,10/08/2022,,,Referidos,
CLI-00415,Juan Ramos Díaz,juan.ramos901@gmail.com,55-4476-3816, Ciudad de México ,Centro,Premium,2025-04-12,Anual,Pro,Email,
CLI-00345,Patricia García Mendoza,patricia.garcía982@yahoo.com.mx,55-9533-6395,Guadalajara,Occidente,Estándar,12/07/2022,Mensual,Business,Eventos,
CLI-00282,Camila Herrera Ramírez,camila.herrera889@hotmail.com,55-3987-7960, Puebla ,Centro,Estándar,2020-01-16,,,Google Ads,
CLI-00369,Ana Medina Ramos,ana.medina562@hotmail.com,55-3026-4350,Guadalajara,Occidente,Premium,11/01/2024,Mensual,Pro,Meta Ads,
CLI-00436,Laura Pérez Delgado,laura.pérez691@gmail.com,55-9538-7440,Toluca,Centro,Estándar,2020-02-07,Mensual,Pro,Orgánico,
CLI-00253,Luis López Medina,luis.lópez104@gmail.com,55-6996-1946,Querétaro,Centro,Premium,2020-06-29,,,Meta Ads,
CLI-00274,Arturo Medina Flores,arturo.medina619@hotmail.com,55-5412-7090,León,Occidente,Estándar,2020-03-29,,,Orgánico,
CLI-00238,Eduardo Ortiz González,eduardo.ortiz703@hotmail.com,55-7428-1348,Querétaro,Centro,Básico,2020-05-23,Anual,Pro,Meta Ads,
CLI-00504,Carlos Gutiérrez González,carlos.gutiérrez820@yahoo.com.mx,,Ciudad de México,Centro,Estándar,2025-01-02,,,Google Ads,
CLI-00160,   Camila González López  ,camila.gonzález627@yahoo.com.mx,55-9734-2861,Cancún,Sureste,Estándar,2023-08-05,,,Eventos,
CLI-00058,Fernando Delgado Torres,fernando.delgado389@outlook.com,55-9944-7630,Guadalajara,Occidente,Estándar,2024-01-16,Mensual,Pro,Email,
CLI-00224,Eduardo García Castillo, eduardo.garcía623@yahoo.com.mx ,,Ciudad de México,Centro,Estándar,2019-08-01,,,Referidos,
CLI-00073,Daniela Pérez Jiménez,daniela.pérez882@hotmail.com,,Mérida,Sureste,Básico,25/10/2019,Mensual,Starter,Eventos,
CLI-00363,   Laura Flores Chávez  ,laura.flores202@hotmail.com,55-2884-8075,Toluca,Centro,Estándar,2023-07-16,,,Google Ads,
CLI-00284,Gabriela Torres Gómez,gabriela.torres46@hotmail.com,55-4326-4146,León,Occidente,Premium,2024-07-27,,,Google Ads,
CLI-00038,Alejandro Gómez Medina,alejandro.gómez652@hotmail.com,55-7888-6852,Puebla,Centro,Premium,2023-12-11,,,Referidos,
CLI-00069,Camila Aguilar Silva,camila.aguilar767@hotmail.com,55-5110-2946,Puebla,Centro,Premium,2019-08-09,,,Referidos,
CLI-00075,José Cruz Martínez,josé.cruz330@yahoo.com.mx,55-3426-6243,Mérida,Sureste,Estándar,2024-06-10,,,Referidos,
CLI-00466,Carlos Gutiérrez González,carlos.gutiérrez820@yahoo.com.mx,,Ciudad de México,Centro,Estándar,2025-01-02,,,Google Ads,
CLI-00322,María Romero Mendoza,maría.romero178@outlook.com,55-7801-3294,Toluca,Centro,premium,2023-10-18,,,Google Ads,
CLI-00049,Patricia López Ortiz,patricia.lópez869@outlook.com,55-8647-5046,Cancún,Sureste,ESTÁNDAR,2022-10-28,,,Referidos,
CLI-00418,Sergio Flores Aguilar,sergio.flores85@gmail.com,55-7441-6137,querétaro,Centro,Estándar,2021-07-11,,,Orgánico,
CLI-00473,Verónica Ramírez Vázquez,verónica.ramírez432@outlook.com,55-4052-4901,monterrey,Norte,estándar,2022-05-13,,,Orgánico,
CLI-00260,Eduardo Reyes Jiménez,eduardo.reyes602@yahoo.com.mx,55-3365-7300,Mérida,Sureste,Estándar,05/06/2023,Mensual,Pro,Referidos,
CLI-00134,Camila García Jiménez,camila.garcía362@outlook.com,55-1421-4445,TIJUANA,Norte,Estándar,2021-12-26,,,Google Ads,
CLI-00463,Camila Torres Flores,camila.torres577@gmail.com,55-9776-1121,Cancún,Sureste,Premium,2020-06-24,,,Referidos,
CLI-00432,Miguel Ramos García,miguel.ramos290@gmail.com,55-4535-7057,cancún,Sureste,Premium,2021-05-09,,,Eventos,
CLI-00325,José Ortiz Herrera,josé.ortiz207@hotmail.com,55-5019-9666,TIJUANA,Norte,Premium,2023-04-25,Mensual,Business,Orgánico,
CLI-00001,Juan García Ramírez,juan.garcía753@gmail.com,55-6734-1339,Toluca,Centro,Estándar,2021-02-14,,,Referidos,
CLI-00114,Fernando Silva Hernández,fernando.silva35@gmail.com,55-9476-9762,Toluca,Centro,ESTÁNDAR,04/01/2020,,,Meta Ads,
CLI-00220,Laura Díaz Medina,laura.díaz679@gmail.com,55-2565-9692,León,Occidente,Estándar,2025-07-03,Anual,Pro,Orgánico,
CLI-00447,Jorge Sánchez Reyes,jorge.sánchez320@yahoo.com.mx,55-9411-6420,Puebla,Centro,Estándar,2025-03-08,,,Meta Ads,
CLI-00456,Daniela Herrera Aguilar,daniela.herrera144@hotmail.com,,MONTERREY,Norte,Estándar,2021-12-17,,,Orgánico,
CLI-00373,Camila Castillo Herrera,camila.castillo578@yahoo.com.mx,,Querétaro,Centro,Básico,2025-03-01,,,Referidos,
CLI-00213,Miguel Cruz Díaz,miguel.cruz404@yahoo.com.mx,55-8134-5974,Tijuana,Norte,Estándar,2020-08-07,,,Eventos,
CLI-00377,Roberto Ortiz Herrera,roberto.ortiz95@outlook.com,55-2142-2459,Monterrey,Norte,Estándar,2023-07-25,,,Orgánico,
CLI-00382,Juan García Reyes,juan.garcía912@gmail.com,55-2952-8997,Monterrey,Norte,Premium,09/19/2021,Mensual,Pro,Orgánico,
CLI-00028,Mariana Díaz Hernández,mariana.díaz61@gmail.com,55-1010-3775,Puebla,Centro,Estándar,2024-06-06,Anual,Pro,Eventos,
CLI-00189,Gabriela Reyes Pérez,gabriela.reyes905@hotmail.com,,Cancún,Sureste,Estándar,2019-10-07,Anual,Pro,Meta Ads,
CLI-00064,Sergio Silva Flores,sergio.silva833@outlook.com,55-6434-7889,Toluca,Centro,Premium,2023-06-23,,,Meta Ads,
CLI-00077,Fernanda Silva Morales,fernanda.silva789@gmail.com,55-4770-4212,Querétaro,Centro,Básico,2025-04-15,Mensual,Pro,Eventos,
CLI-00495,Camila Gutiérrez Silva,camila.gutiérrez456@outlook.com,55-8975-9854,Mérida,Sureste,Estándar,2022-08-12,,,Referidos,
CLI-00208,   Paola Ramos Herrera  ,paola.ramos808@hotmail.com,55-3597-1392, Ciudad de México ,Centro,Básico,2021-07-28,,,Email,
CLI-00478,María Vázquez López,maría.vázquez829@gmail.com,55-3371-8537,Guadalajara,Occidente,Estándar,01/22/2024,,,Meta Ads,
CLI-00318,Alejandro Ortiz Castillo,alejandro.ortiz521@outlook.com,55-9860-1657,guadalajara,Occidente,Premium,10/11/2022,,,Google Ads,
CLI-00334,Juan Ramos García,juan.ramos828@yahoo.com.mx,55-1730-5534,Mérida,Sureste,Básico,2024-02-12,Anual,Pro,Referidos,
CLI-00172,Gabriela Martínez Gómez,gabriela.martínez394@,,toluca,Centro,Básico,03/05/2022,Mensual,Pro,Orgánico,
CLI-00204,Laura Flores Mendoza,laura.flores30@outlook.com,55-4312-2076,ciudad de méxico,Centro,Estándar,26/07/2024,Anual,Starter,Referidos,
CLI-00235,Juan Hernández Flores,juan.hernández442@outlook.com,55-3523-9079,Monterrey,Norte,estándar,04/02/2023,Mensual,Starter,Email,
CLI-00267,   Ana Reyes Rivera  , ana.reyes278@outlook.com ,55-6658-1466,TOLUCA,Centro,estándar,12/16/2023,,,Google Ads,
CLI-00431,Fernando Castillo Reyes,fernando.castillo744@outlook.com,55-4620-7063,Mérida,Sureste,Estándar,2022-04-26,Anual,Pro,Email,
CLI-00137,Daniela Sánchez Mendoza,,55-9797-4178,Mérida,Sureste,Básico,2024-07-18,,,Referidos,
CLI-00317,Luis Ramos Herrera,luis.ramos231@gmail.com,55-8355-9633, Monterrey ,Norte,Estándar,2025-02-03,Anual,Starter,Google Ads,
CLI-00216,Ana Rivera Herrera,ana.rivera453@yahoo.com.mx,55-8748-3115,León,Occidente,Básico,2023-07-02,Anual,Starter,Orgánico,
CLI-00357,Ricardo Torres González,ricardo.torres374@gmail.com,55-9652-1813,ciudad de méxico,Centro,Premium,2025-05-25,Anual,Business,Orgánico,
CLI-00465,Fernanda Castillo Sánchez,fernanda.castillo725@yahoo.com.mx,55-3344-4726,Guadalajara,Occidente,Básico,2020-09-13,,,Orgánico,
CLI-00454,Diego García Ramírez,,55-7903-6527,PUEBLA,Centro,Básico,2024-11-12,,,Google Ads,
CLI-00115,Fernando Ramos García,fernando.ramos667@yahoo.com.mx,,Monterrey,Norte,Estándar,2024-03-19,Mensual,Pro,Referidos,
CLI-00035,Ximena Aguilar Ramos,ximena.aguilar678@gmail.com,55-8387-8329,Mérida,Sureste,Estándar,2021-05-03,Mensual,Starter,Meta Ads,
CLI-00162,Andrea Romero Reyes,andrea.romero115@gmail.com,55-8639-6204, Querétaro ,Centro,Básico,2023-08-05,,,Google Ads,
CLI-00311,Carlos Sánchez Herrera,carlos.sánchez46@hotmail.com,55-7330-4954,PUEBLA,Centro,Estándar,21/09/2020,,,Google Ads,
CLI-00161,Sergio Delgado Medina,sergio.delgado595@hotmail.com,,Tijuana,Norte,Básico,2021-09-02,Anual,Starter,Referidos,
CLI-00124,Paola Castillo Delgado,paola.castillo704@gmail.com,55-4055-7498,León,Occidente,Estándar,2020-11-26,,,Google Ads,
CLI-00404,   Sergio Ramos Aguilar  ,sergio.ramos68@outlook.com,55-5111-8455,Cancún,Sureste,Premium,2020-09-17,Mensual,Starter,Referidos,
CLI-00109,Daniela Aguilar Morales,daniela.aguilar749@yahoo.com.mx,55-9480-1066,Tijuana,Norte,Estándar,2019-01-23,Mensual,Pro,Email,
CLI-00472,Patricia Cruz Flores,patricia.cruz747@outlook.com,55-3708-5562,Tijuana,Norte,Premium,2022-10-08,,,Referidos,
CLI-00423,Patricia Jiménez Medina,,55-7578-5249,León,Occidente,Estándar,2025-06-11,,,Orgánico,
CLI-00170,Juan Medina Chávez,juan.medina953@outlook.com,,Toluca,Centro,Estándar,2024-02-18,Mensual,Starter,Referidos,
CLI-00500,   Ricardo Sánchez Chávez  ,ricardo.sánchez619@yahoo.com.mx,55-4676-8334,Cancún,Sureste,Premium,2021-12-13,Anual,Starter,Orgánico,
CLI-00181,Alejandro Sánchez Flores,alejandro.sánchez93@gmail.com,55-7950-9952,Tijuana,Norte, Estándar ,08/17/2019,,,Orgánico,
CLI-00439,Ximena Cruz Silva,ximena.cruz732@hotmail.com,55-8965-9219,Toluca,Centro,PREMIUM,04/17/2024,,,Referidos,
CLI-00232,Patricia Castillo Rivera,patricia.castillo129@outlook.com,55-2770-2507,Puebla,Centro,Estándar,28/04/2024,,,Eventos,
CLI-00083,Juan López Pérez,juan.lópez329@gmail.com,55-3384-7721,Toluca,Centro,Estándar,06/16/2020,,,Orgánico,
CLI-00015,   Eduardo González Morales  ,eduardo.gonzález866@hotmail.com,55-4538-8029,Cancún,Sureste,Estándar,2019-01-25,,,Meta Ads,
CLI-00292,Diego Díaz Chávez,diego.díaz833@hotmail.com,55-4370-7975,Tijuana,Norte,Estándar,18/05/2025,,,Google Ads,
CLI-00167,Verónica Aguilar Silva,verónica.aguilar220@gmail.com,55-6174-5403,Cancún,Sureste,Estándar,2024-05-03,,,Meta Ads,
CLI-00047,Ana Herrera Flores,ana.herrera87@yahoo.com.mx,55-3631-9175,Guadalajara,Occidente,Premium,12/02/2020,Mensual,Business,Eventos,
CLI-00433,Eduardo Torres Silva,eduardo.torres525@gmail.com,55-7899-6767,Toluca,Centro,Básico,04/09/2021,Mensual,Business,Referidos,
CLI-00113,Arturo Torres Rivera,arturo.torres850@gmail.com,55-4761-9422,León,Occidente,Básico,2020-03-15,,,Meta Ads,
CLI-00330,Sergio Flores López,sergio.flores992@gmail.com,55-2208-3247,MONTERREY,Norte,Básico,2022-02-03,,,Google Ads,
CLI-00326,Verónica Cruz Aguilar,verónica.cruz92@hotmail.com,55-1345-2785,león,Occidente,ESTÁNDAR,2022-04-27,,,Orgánico,
CLI-00029,Arturo Aguilar Torres,arturo.aguilar772@hotmail.com,55-3917-4282,CANCÚN,Sureste, Básico ,2024-02-28,Mensual,Starter,Meta Ads,
CLI-00360,Paola Mendoza López,paola.mendoza509@yahoo.com.mx,55-2366-2065,Tijuana,Norte, Estándar ,2023-06-24,,,Email,
CLI-00420,Laura Medina Morales,,55-8626-7405,monterrey,Norte,ESTÁNDAR,2024-05-25,,,Orgánico,
CLI-00341,Daniela Mendoza Hernández,daniela.mendoza539@hotmail.com,55-5171-4602,Puebla,Centro,Básico,2020-10-09,Anual,Pro,Orgánico,
CLI-00285,Andrea Castillo Jiménez,andrea.castillo221@yahoo.com.mx,55-3844-7924,Cancún,Sureste,Estándar,2022-06-12,,,Orgánico,
CLI-00476,   Fernanda Martínez Jiménez  ,fernanda.martínez910@gmail.com,55-8180-6811,Monterrey,Norte,ESTÁNDAR,2019-10-10,,,Eventos,
CLI-00327,José Castillo Díaz,josé.castillo482@outlook.com,55-3429-5651,Ciudad de México,Centro, Básico ,2023-05-18,,,Meta Ads,
CLI-00120,Valeria Flores Díaz,valeria.flores201@hotmail.com,55-5292-8000,Querétaro,Centro,Estándar,2021-03-07,,,Eventos,
CLI-00502,Roberto Silva Gómez,roberto.silva618@yahoo.com.mx,55-2037-4455,LEÓN,Occidente,básico,09/08/2024,,,Referidos,
CLI-00091,Ana Díaz Jiménez,ana.díaz647@gmail.com,55-3946-6750,Cancún,Sureste,Básico,2024-06-03,,,Referidos,
CLI-00017,Verónica Sánchez Vázquez,verónica.sánchez82@outlook.com,55-6751-3005,Querétaro,Centro,Estándar,27/11/2020,,,Google Ads,
CLI-00442,Arturo Ortiz Díaz,arturo.ortiz549@outlook.com,,Toluca,Centro,Básico,2023-10-25,,,Orgánico,
CLI-00347,Fernando Reyes Hernández,fernando.reyes723_yahoo.com.mx,55-9471-2948, Tijuana ,Norte,Estándar,2024-03-30,Mensual,Starter,Meta Ads,
CLI-00275,Alejandro Reyes Díaz,alejandro.reyes843@hotmail.com,55-7035-6847, León ,Occidente,Estándar,2020-05-27,Mensual,Business,Google Ads,
CLI-00088,Mariana Delgado Cruz,mariana.delgado872@gmail.com,55-4216-9695,Toluca,Centro,ESTÁNDAR,08/20/2021,Mensual,Starter,Referidos,
CLI-00227,Roberto Mendoza Gómez,roberto.mendoza149@yahoo.com.mx,55-8518-2561, León ,Occidente,Estándar,23/06/2019,,,Referidos,
CLI-00152,Mariana Morales Castillo,mariana.morales655@hotmail.com,55-3462-8190,Mérida,Sureste,PREMIUM,2025-03-19,,,Eventos,
CLI-00501,María Mendoza Torres,maría.mendoza917@yahoo.com.mx,55-9163-6790,Toluca,Centro,Estándar,2024-03-22,Anual,Pro,Eventos,
CLI-00052,Sofía Reyes Castillo,sofía.reyes386@gmail.com,55-6074-7490,Cancún,Sureste,Premium,2023-03-07,Mensual,Starter,Eventos,
CLI-00082,Camila Sánchez Rivera,camila.sánchez619@yahoo.com.mx,55-3687-6008,Toluca,Centro, Estándar ,2019-06-16,,,Referidos,
CLI-00043,   Mariana González Gómez  ,mariana.gonzález867@gmail.com,55-3502-4168,Puebla,Centro,Básico,05/30/2020,Anual,Starter,Referidos,
CLI-00470,   Patricia Jiménez Romero  ,patricia.jiménez314@gmail.com,55-3549-7349,Mérida,Sureste,Básico,11/09/2024,,,Meta Ads,
CLI-00237,Patricia Medina Romero,patricia.medina628@outlook.com,,MONTERREY,Norte,Básico,2022-04-11,,,Referidos,
CLI-00131,Jorge Ramos Ramírez,jorge.ramos954@outlook.com,55-7348-2928,Ciudad de México,Centro, Estándar ,2020-10-03,Mensual,Starter,Email,
CLI-00290,   Diego García Flores  ,diego.garcía739@outlook.com,55-3715-3400, Querétaro ,Centro,Estándar,03/10/2023,Mensual,Starter,Email,
CLI-00459,Patricia Gómez Torres,patricia.gómez197@hotmail.com,55-9844-7758,Puebla,Centro,Premium,2022-03-03,,,Google Ads,
CLI-00383,Eduardo Reyes Castillo,eduardo.reyes915@gmail.com,55-1378-2866,Ciudad de México,Centro,Básico,2024-03-17,,,Eventos,
CLI-00367,Patricia Gutiérrez Rivera,patricia.gutiérrez343@gmail.com,55-6140-5965,querétaro,Centro,Básico,2022-03-04,Mensual,Pro,Eventos,
CLI-00089,Laura Rivera Jiménez,laura.rivera245@gmail.com,55-7983-8172,Guadalajara,Occidente,Estándar,05/01/2025,,,Referidos,
CLI-00333,Alejandro Gómez Cruz,alejandro.gómez813@gmail.com,55-9227-1455,Ciudad de México,Centro,Premium,2019-08-03,Anual,Starter,Orgánico,
CLI-00030,Mariana Flores Vázquez,mariana.flores995@yahoo.com.mx,55-1531-4751,León,Occidente,Estándar,2023-07-17,,,Google Ads,
CLI-00054,Patricia Ramírez Reyes,patricia.ramírez873@yahoo.com.mx,55-3981-2347,cancún,Sureste,ESTÁNDAR,11/06/2022,Anual,Starter,Orgánico,
CLI-00376,Patricia Ramos Cruz,patricia.ramos591@hotmail.com,55-4772-5749, Tijuana ,Norte,Básico,2021-10-10,Mensual,Pro,Google Ads,
CLI-00361,Camila Jiménez Reyes,camila.jiménez267@outlook.com,55-2929-1211,Monterrey,Norte,Estándar,2024-06-28,,,Referidos,
CLI-00241,Luis Gutiérrez González,luis.gutiérrez799@yahoo.com.mx,55-8328-4526, Monterrey ,Norte,Estándar,20/10/2020,Anual,Business,Referidos,
CLI-00434,Carlos Reyes García,carlos.reyes533@outlook.com,55-9678-9151,León,Occidente,Estándar,2025-07-13,,,Referidos,
CLI-00340,   Arturo García Herrera  ,arturo.garcía805@outlook.com,55-7678-9730,Tijuana,Norte,Básico,2020-01-28,Anual,Starter,Email,
CLI-00046,Fernanda Flores González,fernanda.flores296@outlook.com,55-9978-7290, Querétaro ,Centro,Básico,2021-05-26,Mensual,Pro,Meta Ads,
CLI-00008,Valeria López Ramírez,valeria.lópez662@outlook.com,55-2446-9043,Cancún,Sureste,Básico,01/10/2022,,,Meta Ads,
CLI-00281,Laura Chávez Gutiérrez,laura.chávez755@outlook.com,55-9252-1903,Puebla,Centro,Premium,2025-03-06,Mensual,Business,Meta Ads,
CLI-00244,Juan Gutiérrez Morales,juan.gutiérrez67@outlook.com,55-5739-9349,TOLUCA,Centro,Estándar,2025-05-23,,,Orgánico,
CLI-00392,Ana Chávez Gutiérrez,ana.chávez934@outlook.com,55-7624-8181,Puebla,Centro,Estándar,2023-10-28,,,Google Ads,
CLI-00230,Sergio Pérez Cruz,sergio.pérez116@gmail.com,55-6064-5857,monterrey,Norte,Estándar,2024-03-17,,,Google Ads,
CLI-00427,   Patricia Torres Mendoza  ,patricia.torres970@outlook.com,55-7816-1048,Cancún,Sureste,Básico,31/01/2022,,,Referidos,
CLI-00067,Ricardo Martínez Romero,ricardo.martínez304@gmail.com,55-3453-3929,León,Occidente,Estándar,2022-09-26,,,Referidos,
CLI-00264,Patricia Gutiérrez Sánchez,patricia.gutiérrez858@hotmail.com,55-9840-4947,Tijuana,Norte, Estándar ,28/10/2021,Mensual,Starter,Orgánico,
CLI-00261,Miguel Rivera Díaz,miguel.rivera894@outlook.com,55-3640-9072,Cancún,Sureste,Estándar,02/03/2023,,,Referidos,
CLI-00356,Paola Mendoza Delgado,paola.mendoza780@outlook.com,55-8391-7434,Monterrey,Norte,Premium,2021-02-20,,,Orgánico,
CLI-00413,Fernando Ramos Cruz,fernando.ramos924@gmail.com,55-4652-7043,Tijuana,Norte,Premium,04/04/2023,,,Meta Ads,
CLI-00001,Juan García Ramírez,juan.garcía753@gmail.com,55-6734-1339,Toluca,Centro,Estándar,2021-02-14,,,Referidos,
CLI-00464,Daniela López Rivera, daniela.lópez386@gmail.com ,55-8136-9042,Toluca,Centro,Estándar,24/08/2020,,,Meta Ads,
CLI-00105,Alejandro González Martínez,alejandro.gonzález465@yahoo.com.mx,55-2884-7907, Ciudad de México ,Centro,estándar,2021-03-11,,,Orgánico,
CLI-00448,Diego Romero Rivera,,55-2620-5387,Mérida,Sureste,Estándar,2020-01-17,Anual,Starter,Google Ads,
CLI-00023,Ana Sánchez Martínez,,55-9587-6829,Cancún,Sureste,Estándar,2019-10-05,Mensual,Starter,Google Ads,
CLI-00169,Sergio Chávez Chávez,sergio.chávez634@yahoo.com.mx,55-9912-7289,MÉRIDA,Sureste,Premium,2023-07-31,Mensual,Pro,Meta Ads,
CLI-00493,Daniela Delgado Vázquez,daniela.delgado885@outlook.com,55-4924-7257,Guadalajara,Occidente,Básico,06/29/2023,,,Orgánico,
CLI-00042,María Cruz Gutiérrez, maría.cruz269@gmail.com ,55-6882-3754,Mérida,Sureste,ESTÁNDAR,10/10/2021,,,Eventos,
CLI-00455,Mariana Delgado Jiménez,mariana.delgado696@outlook.com,55-2547-8985, Cancún ,Sureste,Premium,2022-02-12,Mensual,Pro,Google Ads,
CLI-00310,Raúl García Silva,raúl.garcía57@gmail.com,55-8831-7152,Mérida,Sureste,Básico,2024-05-11,,,Email,
CLI-00233,Eduardo Díaz Medina,eduardo.díaz455@outlook.com,55-9105-4307,Tijuana,Norte,Estándar,21/03/2019,Anual,Starter,Referidos,
CLI-00450,Arturo López González,arturo.lópez282@yahoo.com.mx,55-1014-8510,Puebla,Centro,Estándar,2021-11-19,,,Orgánico,
CLI-00307,Jorge Mendoza Mendoza,jorge.mendoza541@hotmail.com,55-8922-7451,Tijuana,Norte,Estándar,2025-04-17,,,Orgánico,
CLI-00332,Camila Medina Díaz,camila.medina169@gmail.com,55-5254-2484,Guadalajara,Occidente,Básico,2024-11-26,Anual,Pro,Referidos,
CLI-00419,Roberto Herrera Torres,roberto.herrera185@hotmail.com,55-7916-8252,Toluca,Centro,Estándar,2019-12-12,,,Orgánico,
CLI-00411,Diego Castillo González,diego.castillo209@hotmail.com,55-6652-5847,cancún,Sureste,Premium,2020-11-15,Mensual,Pro,Google Ads,
CLI-00506,Ximena Ramírez Flores,,,Puebla,Centro,Básico,2024-10-24,Mensual,Business,Orgánico,
CLI-00097,Fernando Pérez López,fernando.pérez500@outlook.com,55-2817-8489,Ciudad de México,Centro,Estándar,2023-01-29,Mensual,Pro,Orgánico,
CLI-00416,Gabriela Ortiz Cruz,gabriela.ortiz939@hotmail.com,55-4500-1086, Tijuana ,Norte, Premium ,31/01/2019,Anual,Pro,Eventos,
CLI-00002,Ximena Gutiérrez Pérez,ximena.gutiérrez23@gmail.com,55-3224-1806,Monterrey,Norte,Básico,2020-10-30,,,Eventos,
CLI-00178,Roberto Pérez García,roberto.pérez558@outlook.com,55-8118-3208,Mérida,Sureste,premium,2025-06-28,,,Referidos,
CLI-00371,José Aguilar Torres,josé.aguilar504@gmail.com,55-6850-6462,Querétaro,Centro,Premium,08/05/2025,Anual,Business,Meta Ads,
CLI-00313,Daniela Pérez Vázquez,daniela.pérez445@hotmail.com,55-8585-7740,Monterrey,Norte, Estándar ,2020-02-13,,,Google Ads,
CLI-00016,Patricia Herrera García,patricia.herrera303@gmail.com,55-6793-8870,Monterrey,Norte,estándar,2022-05-18,Mensual,Starter,Eventos,
CLI-00103,Alejandro Morales Herrera,alejandro.morales257@gmail.com,55-6629-6097,Querétaro,Centro,Premium,2023-03-21,,,Eventos,
CLI-00336,Gabriela Reyes Torres,gabriela.reyes257@outlook.com,55-2831-6235,Monterrey,Norte,estándar,05/02/2022,,,Email,
CLI-00158,Sofía Medina Silva,sofía.medina832@gmail.com,55-8626-5009,toluca,Centro,premium,15/04/2022,,,Email,
CLI-00445,Mariana Ramos Gómez,mariana.ramos822@outlook.com,55-4498-4889,Querétaro,Centro,Estándar,18/08/2023,,,Orgánico,
CLI-00206,Ximena Herrera Jiménez,ximena.herrera546@outlook.com,55-3521-4915, Querétaro ,Centro,Premium,2022-05-26,Anual,Pro,Google Ads,
CLI-00301,Ricardo Mendoza García,ricardo.mendoza142@yahoo.com.mx,55-3929-5136,Cancún,Sureste,Premium,2021-10-17,,,Orgánico,
CLI-00020,Luis Ortiz Flores,,55-3653-7401,Querétaro,Centro,Básico,2025-06-03,,,Email,
CLI-00294,Eduardo Gómez Martínez,eduardo.gómez370@gmail.com,55-2758-8413,Toluca,Centro,Básico,2022-10-28,,,Referidos,
CLI-00040,María López Medina,maría.lópez684@yahoo.com.mx,55-9560-2271,Ciudad de México,Centro,Básico,2024-01-18,,,Referidos,
CLI-00362,   Raúl González Gutiérrez  ,raúl.gonzález348@gmail.com,55-8599-2864,Guadalajara,Occidente,Estándar,07/04/2020,,,Email,
CLI-00197,Gabriela Delgado Sánchez,gabriela.delgado336@hotmail.com,55-3155-1108,tijuana,Norte,Básico,01/27/2022,,,Google Ads,
CLI-00144,Paola Vázquez Pérez,,55-2487-7615,Tijuana,Norte,Estándar,2019-07-18,Anual,Business,Google Ads,
CLI-00319,María García Martínez,maría.garcía64@,55-7205-7773,puebla,Centro,Básico,20/05/2025,,,Google Ads,
CLI-00417,Valeria Chávez Jiménez,valeria.chávez324@yahoo.com.mx,55-9283-4191,Puebla,Centro,Premium,19/05/2022,,,Google Ads,
CLI-00024,Carlos Delgado Romero,carlos.delgado97@yahoo.com.mx,55-8648-4204,Tijuana,Norte, Básico ,19/03/2021,,,Orgánico,
CLI-00018,Mariana Chávez Silva,mariana.chávez572@gmail.com,55-1807-1757, Ciudad de México ,Centro,Premium,2022-04-26,Mensual,Starter,Referidos,
CLI-00222,José Hernández Rivera,josé.hernández379@hotmail.com,55-7577-6189,Guadalajara,Occidente,Estándar,2022-11-25,,,Referidos,
CLI-00086,María López Ramos,maría.lópez609@yahoo.com.mx,55-4072-3313,Tijuana,Norte,Estándar,2019-07-31,,,Meta Ads,
CLI-00200,Mariana Hernández Cruz,mariana.hernández559@gmail.com,55-1359-3383, Guadalajara ,Occidente,Premium,2022-04-12,Anual,Business,Eventos,
CLI-00157,Daniela Medina Medina,daniela.medina614@yahoo.com.mx,55-7291-3535,Monterrey,Norte,Estándar,2022-07-20,Anual,Starter,Email,
CLI-00385,Raúl Mendoza Hernández,raúl.mendoza496@hotmail.com,55-5242-6115,León,Occidente,Estándar,2023-11-21,Anual,Starter,Google Ads,
CLI-00457,Carlos Herrera Reyes,carlos.herrera714@yahoo.com.mx,55-9251-8220,Puebla,Centro,Premium,2020-07-11,Anual,Pro,Google Ads,
